Left,Center,Right,Product,Group (2x5)
'1000000000,'0110101010,'1000000000,'0000000000,Nilpotent
'0000010000,'0110101010,'1000000000,'0000000000,Regular Zero Divisor
'1000000000,'0110101010,'0100000000,'0000000000,Regular Zero Divisor
'0100000000,'0110101010,'0100000000,'0100000000,Idempotent
'0000010000,'0110101010,'0100000000,'0000000000,Regular Zero Divisor
'1000000000,'0110101010,'0010000000,'0000000000,Regular Zero Divisor
'0010000000,'0110101010,'0010000000,'0010000000,Idempotent
'0000010000,'0110101010,'0010000000,'0000000000,Regular Zero Divisor
'1000000000,'0110101010,'0001000000,'0000000000,Regular Zero Divisor
'0001000000,'0110101010,'0001000000,'0001000000,Idempotent
'0000010000,'0110101010,'0001000000,'0000000000,Regular Zero Divisor
'1000000000,'0110101010,'0000100000,'0000000000,Regular Zero Divisor
'0000100000,'0110101010,'0000100000,'0000100000,Idempotent
'0000010000,'0110101010,'0000100000,'0000000000,Regular Zero Divisor
'0100000000,'0110101010,'0000010000,'0000000000,Regular Zero Divisor
'0010000000,'0110101010,'0000010000,'0000000000,Regular Zero Divisor
'0001000000,'0110101010,'0000010000,'0000000000,Regular Zero Divisor
'0000100000,'0110101010,'0000010000,'0000000000,Regular Zero Divisor
'0000010000,'0110101010,'0000010000,'0000010000,Idempotent
'0000001000,'0110101010,'0000010000,'0000000000,Regular Zero Divisor
'0000000100,'0110101010,'0000010000,'0000000000,Regular Zero Divisor
'0000000010,'0110101010,'0000010000,'0000000000,Regular Zero Divisor
'0000000001,'0110101010,'0000010000,'0000000000,Regular Zero Divisor
'0100000000,'0110101010,'0000001000,'0000000000,Regular Zero Divisor
'0010000000,'0110101010,'0000001000,'0000000000,Regular Zero Divisor
'0001000000,'0110101010,'0000001000,'0000000000,Regular Zero Divisor
'0000100000,'0110101010,'0000001000,'0000000000,Regular Zero Divisor
'0000001000,'0110101010,'0000001000,'0000000000,Nilpotent
'0000000100,'0110101010,'0000001000,'0000000000,Regular Zero Divisor
'0000000010,'0110101010,'0000001000,'0000000000,Regular Zero Divisor
'0000000001,'0110101010,'0000001000,'0000000000,Regular Zero Divisor
'0100000000,'0110101010,'0000000100,'0000000000,Regular Zero Divisor
'0010000000,'0110101010,'0000000100,'0000000000,Regular Zero Divisor
'0001000000,'0110101010,'0000000100,'0000000000,Regular Zero Divisor
'0000100000,'0110101010,'0000000100,'0000000000,Regular Zero Divisor
'0000001000,'0110101010,'0000000100,'0000000000,Regular Zero Divisor
'0000000100,'0110101010,'0000000100,'0000000000,Nilpotent
'0000000010,'0110101010,'0000000100,'0000000000,Regular Zero Divisor
'0000000001,'0110101010,'0000000100,'0000000000,Regular Zero Divisor
'0100000000,'0110101010,'0000000010,'0000000000,Regular Zero Divisor
'0010000000,'0110101010,'0000000010,'0000000000,Regular Zero Divisor
'0001000000,'0110101010,'0000000010,'0000000000,Regular Zero Divisor
'0000100000,'0110101010,'0000000010,'0000000000,Regular Zero Divisor
'0000001000,'0110101010,'0000000010,'0000000000,Regular Zero Divisor
'0000000100,'0110101010,'0000000010,'0000000000,Regular Zero Divisor
'0000000010,'0110101010,'0000000010,'0000000000,Nilpotent
'0000000001,'0110101010,'0000000010,'0000000000,Regular Zero Divisor
'0100000000,'0110101010,'0000000001,'0000000000,Regular Zero Divisor
'0010000000,'0110101010,'0000000001,'0000000000,Regular Zero Divisor
'0001000000,'0110101010,'0000000001,'0000000000,Regular Zero Divisor
'0000100000,'0110101010,'0000000001,'0000000000,Regular Zero Divisor
'0000001000,'0110101010,'0000000001,'0000000000,Regular Zero Divisor
'0000000100,'0110101010,'0000000001,'0000000000,Regular Zero Divisor
'0000000010,'0110101010,'0000000001,'0000000000,Regular Zero Divisor
'0000000001,'0110101010,'0000000001,'0000000000,Nilpotent
'1000000000,'1110101010,'1000000000,'1000000000,Idempotent
'0100000000,'1110101010,'0100000000,'0100000000,Idempotent
'0010000000,'1110101010,'0010000000,'0010000000,Idempotent
'0001000000,'1110101010,'0001000000,'0001000000,Idempotent
'0000100000,'1110101010,'0000100000,'0000100000,Idempotent
'0100000000,'1110101010,'0000010000,'0000000000,Regular Zero Divisor
'0010000000,'1110101010,'0000010000,'0000000000,Regular Zero Divisor
'0001000000,'1110101010,'0000010000,'0000000000,Regular Zero Divisor
'0000100000,'1110101010,'0000010000,'0000000000,Regular Zero Divisor
'0000010000,'1110101010,'0000010000,'0000010000,Idempotent
'0000001000,'1110101010,'0000010000,'0000000000,Regular Zero Divisor
'0000000100,'1110101010,'0000010000,'0000000000,Regular Zero Divisor
'0000000010,'1110101010,'0000010000,'0000000000,Regular Zero Divisor
'0000000001,'1110101010,'0000010000,'0000000000,Regular Zero Divisor
'0100000000,'1110101010,'0000001000,'0000000000,Regular Zero Divisor
'0010000000,'1110101010,'0000001000,'0000000000,Regular Zero Divisor
'0001000000,'1110101010,'0000001000,'0000000000,Regular Zero Divisor
'0000100000,'1110101010,'0000001000,'0000000000,Regular Zero Divisor
'0000001000,'1110101010,'0000001000,'0000000000,Nilpotent
'0000000100,'1110101010,'0000001000,'0000000000,Regular Zero Divisor
'0000000010,'1110101010,'0000001000,'0000000000,Regular Zero Divisor
'0000000001,'1110101010,'0000001000,'0000000000,Regular Zero Divisor
'0100000000,'1110101010,'0000000100,'0000000000,Regular Zero Divisor
'0010000000,'1110101010,'0000000100,'0000000000,Regular Zero Divisor
'0001000000,'1110101010,'0000000100,'0000000000,Regular Zero Divisor
'0000100000,'1110101010,'0000000100,'0000000000,Regular Zero Divisor
'0000001000,'1110101010,'0000000100,'0000000000,Regular Zero Divisor
'0000000100,'1110101010,'0000000100,'0000000000,Nilpotent
'0000000010,'1110101010,'0000000100,'0000000000,Regular Zero Divisor
'0000000001,'1110101010,'0000000100,'0000000000,Regular Zero Divisor
'0100000000,'1110101010,'0000000010,'0000000000,Regular Zero Divisor
'0010000000,'1110101010,'0000000010,'0000000000,Regular Zero Divisor
'0001000000,'1110101010,'0000000010,'0000000000,Regular Zero Divisor
'0000100000,'1110101010,'0000000010,'0000000000,Regular Zero Divisor
'0000001000,'1110101010,'0000000010,'0000000000,Regular Zero Divisor
'0000000100,'1110101010,'0000000010,'0000000000,Regular Zero Divisor
'0000000010,'1110101010,'0000000010,'0000000000,Nilpotent
'0000000001,'1110101010,'0000000010,'0000000000,Regular Zero Divisor
'0100000000,'1110101010,'0000000001,'0000000000,Regular Zero Divisor
'0010000000,'1110101010,'0000000001,'0000000000,Regular Zero Divisor
'0001000000,'1110101010,'0000000001,'0000000000,Regular Zero Divisor
'0000100000,'1110101010,'0000000001,'0000000000,Regular Zero Divisor
'0000001000,'1110101010,'0000000001,'0000000000,Regular Zero Divisor
'0000000100,'1110101010,'0000000001,'0000000000,Regular Zero Divisor
'0000000010,'1110101010,'0000000001,'0000000000,Regular Zero Divisor
'0000000001,'1110101010,'0000000001,'0000000000,Nilpotent
'1000000000,'1001101010,'1000000000,'1000000000,Idempotent
'0100000000,'1001101010,'1000000000,'0000000000,Regular Zero Divisor
'0000001000,'1001101010,'1000000000,'0000000000,Regular Zero Divisor
'0100000000,'1001101010,'0100000000,'0000000000,Nilpotent
'0000001000,'1001101010,'0100000000,'0000000000,Regular Zero Divisor
'0100000000,'1001101010,'0010000000,'0000000000,Regular Zero Divisor
'0010000000,'1001101010,'0010000000,'0010000000,Idempotent
'0000001000,'1001101010,'0010000000,'0000000000,Regular Zero Divisor
'0100000000,'1001101010,'0001000000,'0000000000,Regular Zero Divisor
'0001000000,'1001101010,'0001000000,'0001000000,Idempotent
'0000001000,'1001101010,'0001000000,'0000000000,Regular Zero Divisor
'0100000000,'1001101010,'0000100000,'0000000000,Regular Zero Divisor
'0000100000,'1001101010,'0000100000,'0000100000,Idempotent
'0000001000,'1001101010,'0000100000,'0000000000,Regular Zero Divisor
'1000000000,'1001101010,'0000010000,'0000000000,Regular Zero Divisor
'0010000000,'1001101010,'0000010000,'0000000000,Regular Zero Divisor
'0001000000,'1001101010,'0000010000,'0000000000,Regular Zero Divisor
'0000100000,'1001101010,'0000010000,'0000000000,Regular Zero Divisor
'0000010000,'1001101010,'0000010000,'0000000000,Nilpotent
'0000000100,'1001101010,'0000010000,'0000000000,Regular Zero Divisor
'0000000010,'1001101010,'0000010000,'0000000000,Regular Zero Divisor
'0000000001,'1001101010,'0000010000,'0000000000,Regular Zero Divisor
'1000000000,'1001101010,'0000001000,'0000000000,Regular Zero Divisor
'0010000000,'1001101010,'0000001000,'0000000000,Regular Zero Divisor
'0001000000,'1001101010,'0000001000,'0000000000,Regular Zero Divisor
'0000100000,'1001101010,'0000001000,'0000000000,Regular Zero Divisor
'0000010000,'1001101010,'0000001000,'0000000000,Regular Zero Divisor
'0000001000,'1001101010,'0000001000,'0000001000,Idempotent
'0000000100,'1001101010,'0000001000,'0000000000,Regular Zero Divisor
'0000000010,'1001101010,'0000001000,'0000000000,Regular Zero Divisor
'0000000001,'1001101010,'0000001000,'0000000000,Regular Zero Divisor
'1000000000,'1001101010,'0000000100,'0000000000,Regular Zero Divisor
'0010000000,'1001101010,'0000000100,'0000000000,Regular Zero Divisor
'0001000000,'1001101010,'0000000100,'0000000000,Regular Zero Divisor
'0000100000,'1001101010,'0000000100,'0000000000,Regular Zero Divisor
'0000010000,'1001101010,'0000000100,'0000000000,Regular Zero Divisor
'0000000100,'1001101010,'0000000100,'0000000000,Nilpotent
'0000000010,'1001101010,'0000000100,'0000000000,Regular Zero Divisor
'0000000001,'1001101010,'0000000100,'0000000000,Regular Zero Divisor
'1000000000,'1001101010,'0000000010,'0000000000,Regular Zero Divisor
'0010000000,'1001101010,'0000000010,'0000000000,Regular Zero Divisor
'0001000000,'1001101010,'0000000010,'0000000000,Regular Zero Divisor
'0000100000,'1001101010,'0000000010,'0000000000,Regular Zero Divisor
'0000010000,'1001101010,'0000000010,'0000000000,Regular Zero Divisor
'0000000100,'1001101010,'0000000010,'0000000000,Regular Zero Divisor
'0000000010,'1001101010,'0000000010,'0000000000,Nilpotent
'0000000001,'1001101010,'0000000010,'0000000000,Regular Zero Divisor
'1000000000,'1001101010,'0000000001,'0000000000,Regular Zero Divisor
'0010000000,'1001101010,'0000000001,'0000000000,Regular Zero Divisor
'0001000000,'1001101010,'0000000001,'0000000000,Regular Zero Divisor
'0000100000,'1001101010,'0000000001,'0000000000,Regular Zero Divisor
'0000010000,'1001101010,'0000000001,'0000000000,Regular Zero Divisor
'0000000100,'1001101010,'0000000001,'0000000000,Regular Zero Divisor
'0000000010,'1001101010,'0000000001,'0000000000,Regular Zero Divisor
'0000000001,'1001101010,'0000000001,'0000000000,Nilpotent
'1000000000,'0101101010,'1000000000,'0000000000,Nilpotent
'0100000000,'0101101010,'1000000000,'0000000000,Regular Zero Divisor
'0000010000,'0101101010,'1000000000,'0000000000,Regular Zero Divisor
'0000001000,'0101101010,'1000000000,'0000000000,Regular Zero Divisor
'1000000000,'0101101010,'0100000000,'0000000000,Regular Zero Divisor
'0100000000,'0101101010,'0100000000,'0000000000,Nilpotent
'0000010000,'0101101010,'0100000000,'0000000000,Regular Zero Divisor
'0000001000,'0101101010,'0100000000,'0000000000,Regular Zero Divisor
'1000000000,'0101101010,'0010000000,'0000000000,Regular Zero Divisor
'0100000000,'0101101010,'0010000000,'0000000000,Regular Zero Divisor
'0010000000,'0101101010,'0010000000,'0010000000,Idempotent
'0000010000,'0101101010,'0010000000,'0000000000,Regular Zero Divisor
'0000001000,'0101101010,'0010000000,'0000000000,Regular Zero Divisor
'1000000000,'0101101010,'0001000000,'0000000000,Regular Zero Divisor
'0100000000,'0101101010,'0001000000,'0000000000,Regular Zero Divisor
'0001000000,'0101101010,'0001000000,'0001000000,Idempotent
'0000010000,'0101101010,'0001000000,'0000000000,Regular Zero Divisor
'0000001000,'0101101010,'0001000000,'0000000000,Regular Zero Divisor
'1000000000,'0101101010,'0000100000,'0000000000,Regular Zero Divisor
'0100000000,'0101101010,'0000100000,'0000000000,Regular Zero Divisor
'0000100000,'0101101010,'0000100000,'0000100000,Idempotent
'0000010000,'0101101010,'0000100000,'0000000000,Regular Zero Divisor
'0000001000,'0101101010,'0000100000,'0000000000,Regular Zero Divisor
'0010000000,'0101101010,'0000010000,'0000000000,Regular Zero Divisor
'0001000000,'0101101010,'0000010000,'0000000000,Regular Zero Divisor
'0000100000,'0101101010,'0000010000,'0000000000,Regular Zero Divisor
'0000010000,'0101101010,'0000010000,'0000010000,Idempotent
'0000000100,'0101101010,'0000010000,'0000000000,Regular Zero Divisor
'0000000010,'0101101010,'0000010000,'0000000000,Regular Zero Divisor
'0000000001,'0101101010,'0000010000,'0000000000,Regular Zero Divisor
'0010000000,'0101101010,'0000001000,'0000000000,Regular Zero Divisor
'0001000000,'0101101010,'0000001000,'0000000000,Regular Zero Divisor
'0000100000,'0101101010,'0000001000,'0000000000,Regular Zero Divisor
'0000001000,'0101101010,'0000001000,'0000001000,Idempotent
'0000000100,'0101101010,'0000001000,'0000000000,Regular Zero Divisor
'0000000010,'0101101010,'0000001000,'0000000000,Regular Zero Divisor
'0000000001,'0101101010,'0000001000,'0000000000,Regular Zero Divisor
'0010000000,'0101101010,'0000000100,'0000000000,Regular Zero Divisor
'0001000000,'0101101010,'0000000100,'0000000000,Regular Zero Divisor
'0000100000,'0101101010,'0000000100,'0000000000,Regular Zero Divisor
'0000000100,'0101101010,'0000000100,'0000000000,Nilpotent
'0000000010,'0101101010,'0000000100,'0000000000,Regular Zero Divisor
'0000000001,'0101101010,'0000000100,'0000000000,Regular Zero Divisor
'0010000000,'0101101010,'0000000010,'0000000000,Regular Zero Divisor
'0001000000,'0101101010,'0000000010,'0000000000,Regular Zero Divisor
'0000100000,'0101101010,'0000000010,'0000000000,Regular Zero Divisor
'0000000100,'0101101010,'0000000010,'0000000000,Regular Zero Divisor
'0000000010,'0101101010,'0000000010,'0000000000,Nilpotent
'0000000001,'0101101010,'0000000010,'0000000000,Regular Zero Divisor
'0010000000,'0101101010,'0000000001,'0000000000,Regular Zero Divisor
'0001000000,'0101101010,'0000000001,'0000000000,Regular Zero Divisor
'0000100000,'0101101010,'0000000001,'0000000000,Regular Zero Divisor
'0000000100,'0101101010,'0000000001,'0000000000,Regular Zero Divisor
'0000000010,'0101101010,'0000000001,'0000000000,Regular Zero Divisor
'0000000001,'0101101010,'0000000001,'0000000000,Nilpotent
'1000000000,'1101101010,'1000000000,'1000000000,Idempotent
'0100000000,'1101101010,'1000000000,'0000000000,Regular Zero Divisor
'0000001000,'1101101010,'1000000000,'0000000000,Regular Zero Divisor
'0100000000,'1101101010,'0100000000,'0000000000,Nilpotent
'0000001000,'1101101010,'0100000000,'0000000000,Regular Zero Divisor
'0100000000,'1101101010,'0010000000,'0000000000,Regular Zero Divisor
'0010000000,'1101101010,'0010000000,'0010000000,Idempotent
'0000001000,'1101101010,'0010000000,'0000000000,Regular Zero Divisor
'0100000000,'1101101010,'0001000000,'0000000000,Regular Zero Divisor
'0001000000,'1101101010,'0001000000,'0001000000,Idempotent
'0000001000,'1101101010,'0001000000,'0000000000,Regular Zero Divisor
'0100000000,'1101101010,'0000100000,'0000000000,Regular Zero Divisor
'0000100000,'1101101010,'0000100000,'0000100000,Idempotent
'0000001000,'1101101010,'0000100000,'0000000000,Regular Zero Divisor
'0010000000,'1101101010,'0000010000,'0000000000,Regular Zero Divisor
'0001000000,'1101101010,'0000010000,'0000000000,Regular Zero Divisor
'0000100000,'1101101010,'0000010000,'0000000000,Regular Zero Divisor
'0000010000,'1101101010,'0000010000,'0000010000,Idempotent
'0000000100,'1101101010,'0000010000,'0000000000,Regular Zero Divisor
'0000000010,'1101101010,'0000010000,'0000000000,Regular Zero Divisor
'0000000001,'1101101010,'0000010000,'0000000000,Regular Zero Divisor
'0010000000,'1101101010,'0000001000,'0000000000,Regular Zero Divisor
'0001000000,'1101101010,'0000001000,'0000000000,Regular Zero Divisor
'0000100000,'1101101010,'0000001000,'0000000000,Regular Zero Divisor
'0000001000,'1101101010,'0000001000,'0000001000,Idempotent
'0000000100,'1101101010,'0000001000,'0000000000,Regular Zero Divisor
'0000000010,'1101101010,'0000001000,'0000000000,Regular Zero Divisor
'0000000001,'1101101010,'0000001000,'0000000000,Regular Zero Divisor
'0010000000,'1101101010,'0000000100,'0000000000,Regular Zero Divisor
'0001000000,'1101101010,'0000000100,'0000000000,Regular Zero Divisor
'0000100000,'1101101010,'0000000100,'0000000000,Regular Zero Divisor
'0000000100,'1101101010,'0000000100,'0000000000,Nilpotent
'0000000010,'1101101010,'0000000100,'0000000000,Regular Zero Divisor
'0000000001,'1101101010,'0000000100,'0000000000,Regular Zero Divisor
'0010000000,'1101101010,'0000000010,'0000000000,Regular Zero Divisor
'0001000000,'1101101010,'0000000010,'0000000000,Regular Zero Divisor
'0000100000,'1101101010,'0000000010,'0000000000,Regular Zero Divisor
'0000000100,'1101101010,'0000000010,'0000000000,Regular Zero Divisor
'0000000010,'1101101010,'0000000010,'0000000000,Nilpotent
'0000000001,'1101101010,'0000000010,'0000000000,Regular Zero Divisor
'0010000000,'1101101010,'0000000001,'0000000000,Regular Zero Divisor
'0001000000,'1101101010,'0000000001,'0000000000,Regular Zero Divisor
'0000100000,'1101101010,'0000000001,'0000000000,Regular Zero Divisor
'0000000100,'1101101010,'0000000001,'0000000000,Regular Zero Divisor
'0000000010,'1101101010,'0000000001,'0000000000,Regular Zero Divisor
'0000000001,'1101101010,'0000000001,'0000000000,Nilpotent
'1000000000,'1011101010,'1000000000,'1000000000,Idempotent
'0100000000,'1011101010,'0100000000,'0100000000,Idempotent
'0010000000,'1011101010,'0010000000,'0010000000,Idempotent
'0001000000,'1011101010,'0001000000,'0001000000,Idempotent
'0000100000,'1011101010,'0000100000,'0000100000,Idempotent
'1000000000,'1011101010,'0000010000,'0000000000,Regular Zero Divisor
'0010000000,'1011101010,'0000010000,'0000000000,Regular Zero Divisor
'0001000000,'1011101010,'0000010000,'0000000000,Regular Zero Divisor
'0000100000,'1011101010,'0000010000,'0000000000,Regular Zero Divisor
'0000010000,'1011101010,'0000010000,'0000000000,Nilpotent
'0000000100,'1011101010,'0000010000,'0000000000,Regular Zero Divisor
'0000000010,'1011101010,'0000010000,'0000000000,Regular Zero Divisor
'0000000001,'1011101010,'0000010000,'0000000000,Regular Zero Divisor
'1000000000,'1011101010,'0000001000,'0000000000,Regular Zero Divisor
'0010000000,'1011101010,'0000001000,'0000000000,Regular Zero Divisor
'0001000000,'1011101010,'0000001000,'0000000000,Regular Zero Divisor
'0000100000,'1011101010,'0000001000,'0000000000,Regular Zero Divisor
'0000010000,'1011101010,'0000001000,'0000000000,Regular Zero Divisor
'0000001000,'1011101010,'0000001000,'0000001000,Idempotent
'0000000100,'1011101010,'0000001000,'0000000000,Regular Zero Divisor
'0000000010,'1011101010,'0000001000,'0000000000,Regular Zero Divisor
'0000000001,'1011101010,'0000001000,'0000000000,Regular Zero Divisor
'1000000000,'1011101010,'0000000100,'0000000000,Regular Zero Divisor
'0010000000,'1011101010,'0000000100,'0000000000,Regular Zero Divisor
'0001000000,'1011101010,'0000000100,'0000000000,Regular Zero Divisor
'0000100000,'1011101010,'0000000100,'0000000000,Regular Zero Divisor
'0000010000,'1011101010,'0000000100,'0000000000,Regular Zero Divisor
'0000000100,'1011101010,'0000000100,'0000000000,Nilpotent
'0000000010,'1011101010,'0000000100,'0000000000,Regular Zero Divisor
'0000000001,'1011101010,'0000000100,'0000000000,Regular Zero Divisor
'1000000000,'1011101010,'0000000010,'0000000000,Regular Zero Divisor
'0010000000,'1011101010,'0000000010,'0000000000,Regular Zero Divisor
'0001000000,'1011101010,'0000000010,'0000000000,Regular Zero Divisor
'0000100000,'1011101010,'0000000010,'0000000000,Regular Zero Divisor
'0000010000,'1011101010,'0000000010,'0000000000,Regular Zero Divisor
'0000000100,'1011101010,'0000000010,'0000000000,Regular Zero Divisor
'0000000010,'1011101010,'0000000010,'0000000000,Nilpotent
'0000000001,'1011101010,'0000000010,'0000000000,Regular Zero Divisor
'1000000000,'1011101010,'0000000001,'0000000000,Regular Zero Divisor
'0010000000,'1011101010,'0000000001,'0000000000,Regular Zero Divisor
'0001000000,'1011101010,'0000000001,'0000000000,Regular Zero Divisor
'0000100000,'1011101010,'0000000001,'0000000000,Regular Zero Divisor
'0000010000,'1011101010,'0000000001,'0000000000,Regular Zero Divisor
'0000000100,'1011101010,'0000000001,'0000000000,Regular Zero Divisor
'0000000010,'1011101010,'0000000001,'0000000000,Regular Zero Divisor
'0000000001,'1011101010,'0000000001,'0000000000,Nilpotent
'1000000000,'0111101010,'1000000000,'0000000000,Nilpotent
'0000010000,'0111101010,'1000000000,'0000000000,Regular Zero Divisor
'1000000000,'0111101010,'0100000000,'0000000000,Regular Zero Divisor
'0100000000,'0111101010,'0100000000,'0100000000,Idempotent
'0000010000,'0111101010,'0100000000,'0000000000,Regular Zero Divisor
'1000000000,'0111101010,'0010000000,'0000000000,Regular Zero Divisor
'0010000000,'0111101010,'0010000000,'0010000000,Idempotent
'0000010000,'0111101010,'0010000000,'0000000000,Regular Zero Divisor
'1000000000,'0111101010,'0001000000,'0000000000,Regular Zero Divisor
'0001000000,'0111101010,'0001000000,'0001000000,Idempotent
'0000010000,'0111101010,'0001000000,'0000000000,Regular Zero Divisor
'1000000000,'0111101010,'0000100000,'0000000000,Regular Zero Divisor
'0000100000,'0111101010,'0000100000,'0000100000,Idempotent
'0000010000,'0111101010,'0000100000,'0000000000,Regular Zero Divisor
'0010000000,'0111101010,'0000010000,'0000000000,Regular Zero Divisor
'0001000000,'0111101010,'0000010000,'0000000000,Regular Zero Divisor
'0000100000,'0111101010,'0000010000,'0000000000,Regular Zero Divisor
'0000010000,'0111101010,'0000010000,'0000010000,Idempotent
'0000000100,'0111101010,'0000010000,'0000000000,Regular Zero Divisor
'0000000010,'0111101010,'0000010000,'0000000000,Regular Zero Divisor
'0000000001,'0111101010,'0000010000,'0000000000,Regular Zero Divisor
'0010000000,'0111101010,'0000001000,'0000000000,Regular Zero Divisor
'0001000000,'0111101010,'0000001000,'0000000000,Regular Zero Divisor
'0000100000,'0111101010,'0000001000,'0000000000,Regular Zero Divisor
'0000001000,'0111101010,'0000001000,'0000001000,Idempotent
'0000000100,'0111101010,'0000001000,'0000000000,Regular Zero Divisor
'0000000010,'0111101010,'0000001000,'0000000000,Regular Zero Divisor
'0000000001,'0111101010,'0000001000,'0000000000,Regular Zero Divisor
'0010000000,'0111101010,'0000000100,'0000000000,Regular Zero Divisor
'0001000000,'0111101010,'0000000100,'0000000000,Regular Zero Divisor
'0000100000,'0111101010,'0000000100,'0000000000,Regular Zero Divisor
'0000000100,'0111101010,'0000000100,'0000000000,Nilpotent
'0000000010,'0111101010,'0000000100,'0000000000,Regular Zero Divisor
'0000000001,'0111101010,'0000000100,'0000000000,Regular Zero Divisor
'0010000000,'0111101010,'0000000010,'0000000000,Regular Zero Divisor
'0001000000,'0111101010,'0000000010,'0000000000,Regular Zero Divisor
'0000100000,'0111101010,'0000000010,'0000000000,Regular Zero Divisor
'0000000100,'0111101010,'0000000010,'0000000000,Regular Zero Divisor
'0000000010,'0111101010,'0000000010,'0000000000,Nilpotent
'0000000001,'0111101010,'0000000010,'0000000000,Regular Zero Divisor
'0010000000,'0111101010,'0000000001,'0000000000,Regular Zero Divisor
'0001000000,'0111101010,'0000000001,'0000000000,Regular Zero Divisor
'0000100000,'0111101010,'0000000001,'0000000000,Regular Zero Divisor
'0000000100,'0111101010,'0000000001,'0000000000,Regular Zero Divisor
'0000000010,'0111101010,'0000000001,'0000000000,Regular Zero Divisor
'0000000001,'0111101010,'0000000001,'0000000000,Nilpotent
'1000000000,'1111101010,'1000000000,'1000000000,Idempotent
'0100000000,'1111101010,'0100000000,'0100000000,Idempotent
'0010000000,'1111101010,'0010000000,'0010000000,Idempotent
'0001000000,'1111101010,'0001000000,'0001000000,Idempotent
'0000100000,'1111101010,'0000100000,'0000100000,Idempotent
'0010000000,'1111101010,'0000010000,'0000000000,Regular Zero Divisor
'0001000000,'1111101010,'0000010000,'0000000000,Regular Zero Divisor
'0000100000,'1111101010,'0000010000,'0000000000,Regular Zero Divisor
'0000010000,'1111101010,'0000010000,'0000010000,Idempotent
'0000000100,'1111101010,'0000010000,'0000000000,Regular Zero Divisor
'0000000010,'1111101010,'0000010000,'0000000000,Regular Zero Divisor
'0000000001,'1111101010,'0000010000,'0000000000,Regular Zero Divisor
'0010000000,'1111101010,'0000001000,'0000000000,Regular Zero Divisor
'0001000000,'1111101010,'0000001000,'0000000000,Regular Zero Divisor
'0000100000,'1111101010,'0000001000,'0000000000,Regular Zero Divisor
'0000001000,'1111101010,'0000001000,'0000001000,Idempotent
'0000000100,'1111101010,'0000001000,'0000000000,Regular Zero Divisor
'0000000010,'1111101010,'0000001000,'0000000000,Regular Zero Divisor
'0000000001,'1111101010,'0000001000,'0000000000,Regular Zero Divisor
'0010000000,'1111101010,'0000000100,'0000000000,Regular Zero Divisor
'0001000000,'1111101010,'0000000100,'0000000000,Regular Zero Divisor
'0000100000,'1111101010,'0000000100,'0000000000,Regular Zero Divisor
'0000000100,'1111101010,'0000000100,'0000000000,Nilpotent
'0000000010,'1111101010,'0000000100,'0000000000,Regular Zero Divisor
'0000000001,'1111101010,'0000000100,'0000000000,Regular Zero Divisor
'0010000000,'1111101010,'0000000010,'0000000000,Regular Zero Divisor
'0001000000,'1111101010,'0000000010,'0000000000,Regular Zero Divisor
'0000100000,'1111101010,'0000000010,'0000000000,Regular Zero Divisor
'0000000100,'1111101010,'0000000010,'0000000000,Regular Zero Divisor
'0000000010,'1111101010,'0000000010,'0000000000,Nilpotent
'0000000001,'1111101010,'0000000010,'0000000000,Regular Zero Divisor
'0010000000,'1111101010,'0000000001,'0000000000,Regular Zero Divisor
'0001000000,'1111101010,'0000000001,'0000000000,Regular Zero Divisor
'0000100000,'1111101010,'0000000001,'0000000000,Regular Zero Divisor
'0000000100,'1111101010,'0000000001,'0000000000,Regular Zero Divisor
'0000000010,'1111101010,'0000000001,'0000000000,Regular Zero Divisor
'0000000001,'1111101010,'0000000001,'0000000000,Nilpotent
'1000000000,'1010011010,'1000000000,'1000000000,Idempotent
'0010000000,'1010011010,'1000000000,'0000000000,Regular Zero Divisor
'0000000100,'1010011010,'1000000000,'0000000000,Regular Zero Divisor
'0100000000,'1010011010,'0100000000,'0100000000,Idempotent
'0010000000,'1010011010,'0100000000,'0000000000,Regular Zero Divisor
'0000000100,'1010011010,'0100000000,'0000000000,Regular Zero Divisor
'0010000000,'1010011010,'0010000000,'0000000000,Nilpotent
'0000000100,'1010011010,'0010000000,'0000000000,Regular Zero Divisor
'0010000000,'1010011010,'0001000000,'0000000000,Regular Zero Divisor
'0001000000,'1010011010,'0001000000,'0001000000,Idempotent
'0000000100,'1010011010,'0001000000,'0000000000,Regular Zero Divisor
'0010000000,'1010011010,'0000100000,'0000000000,Regular Zero Divisor
'0000100000,'1010011010,'0000100000,'0000100000,Idempotent
'0000000100,'1010011010,'0000100000,'0000000000,Regular Zero Divisor
'1000000000,'1010011010,'0000010000,'0000000000,Regular Zero Divisor
'0100000000,'1010011010,'0000010000,'0000000000,Regular Zero Divisor
'0001000000,'1010011010,'0000010000,'0000000000,Regular Zero Divisor
'0000100000,'1010011010,'0000010000,'0000000000,Regular Zero Divisor
'0000010000,'1010011010,'0000010000,'0000000000,Nilpotent
'0000001000,'1010011010,'0000010000,'0000000000,Regular Zero Divisor
'0000000010,'1010011010,'0000010000,'0000000000,Regular Zero Divisor
'0000000001,'1010011010,'0000010000,'0000000000,Regular Zero Divisor
'1000000000,'1010011010,'0000001000,'0000000000,Regular Zero Divisor
'0100000000,'1010011010,'0000001000,'0000000000,Regular Zero Divisor
'0001000000,'1010011010,'0000001000,'0000000000,Regular Zero Divisor
'0000100000,'1010011010,'0000001000,'0000000000,Regular Zero Divisor
'0000010000,'1010011010,'0000001000,'0000000000,Regular Zero Divisor
'0000001000,'1010011010,'0000001000,'0000000000,Nilpotent
'0000000010,'1010011010,'0000001000,'0000000000,Regular Zero Divisor
'0000000001,'1010011010,'0000001000,'0000000000,Regular Zero Divisor
'1000000000,'1010011010,'0000000100,'0000000000,Regular Zero Divisor
'0100000000,'1010011010,'0000000100,'0000000000,Regular Zero Divisor
'0001000000,'1010011010,'0000000100,'0000000000,Regular Zero Divisor
'0000100000,'1010011010,'0000000100,'0000000000,Regular Zero Divisor
'0000010000,'1010011010,'0000000100,'0000000000,Regular Zero Divisor
'0000001000,'1010011010,'0000000100,'0000000000,Regular Zero Divisor
'0000000100,'1010011010,'0000000100,'0000000100,Idempotent
'0000000010,'1010011010,'0000000100,'0000000000,Regular Zero Divisor
'0000000001,'1010011010,'0000000100,'0000000000,Regular Zero Divisor
'1000000000,'1010011010,'0000000010,'0000000000,Regular Zero Divisor
'0100000000,'1010011010,'0000000010,'0000000000,Regular Zero Divisor
'0001000000,'1010011010,'0000000010,'0000000000,Regular Zero Divisor
'0000100000,'1010011010,'0000000010,'0000000000,Regular Zero Divisor
'0000010000,'1010011010,'0000000010,'0000000000,Regular Zero Divisor
'0000001000,'1010011010,'0000000010,'0000000000,Regular Zero Divisor
'0000000010,'1010011010,'0000000010,'0000000000,Nilpotent
'0000000001,'1010011010,'0000000010,'0000000000,Regular Zero Divisor
'1000000000,'1010011010,'0000000001,'0000000000,Regular Zero Divisor
'0100000000,'1010011010,'0000000001,'0000000000,Regular Zero Divisor
'0001000000,'1010011010,'0000000001,'0000000000,Regular Zero Divisor
'0000100000,'1010011010,'0000000001,'0000000000,Regular Zero Divisor
'0000010000,'1010011010,'0000000001,'0000000000,Regular Zero Divisor
'0000001000,'1010011010,'0000000001,'0000000000,Regular Zero Divisor
'0000000010,'1010011010,'0000000001,'0000000000,Regular Zero Divisor
'0000000001,'1010011010,'0000000001,'0000000000,Nilpotent
'1000000000,'0110011010,'1000000000,'0000000000,Nilpotent
'0010000000,'0110011010,'1000000000,'0000000000,Regular Zero Divisor
'0000010000,'0110011010,'1000000000,'0000000000,Regular Zero Divisor
'0000000100,'0110011010,'1000000000,'0000000000,Regular Zero Divisor
'1000000000,'0110011010,'0100000000,'0000000000,Regular Zero Divisor
'0100000000,'0110011010,'0100000000,'0100000000,Idempotent
'0010000000,'0110011010,'0100000000,'0000000000,Regular Zero Divisor
'0000010000,'0110011010,'0100000000,'0000000000,Regular Zero Divisor
'0000000100,'0110011010,'0100000000,'0000000000,Regular Zero Divisor
'1000000000,'0110011010,'0010000000,'0000000000,Regular Zero Divisor
'0010000000,'0110011010,'0010000000,'0000000000,Nilpotent
'0000010000,'0110011010,'0010000000,'0000000000,Regular Zero Divisor
'0000000100,'0110011010,'0010000000,'0000000000,Regular Zero Divisor
'1000000000,'0110011010,'0001000000,'0000000000,Regular Zero Divisor
'0010000000,'0110011010,'0001000000,'0000000000,Regular Zero Divisor
'0001000000,'0110011010,'0001000000,'0001000000,Idempotent
'0000010000,'0110011010,'0001000000,'0000000000,Regular Zero Divisor
'0000000100,'0110011010,'0001000000,'0000000000,Regular Zero Divisor
'1000000000,'0110011010,'0000100000,'0000000000,Regular Zero Divisor
'0010000000,'0110011010,'0000100000,'0000000000,Regular Zero Divisor
'0000100000,'0110011010,'0000100000,'0000100000,Idempotent
'0000010000,'0110011010,'0000100000,'0000000000,Regular Zero Divisor
'0000000100,'0110011010,'0000100000,'0000000000,Regular Zero Divisor
'0100000000,'0110011010,'0000010000,'0000000000,Regular Zero Divisor
'0001000000,'0110011010,'0000010000,'0000000000,Regular Zero Divisor
'0000100000,'0110011010,'0000010000,'0000000000,Regular Zero Divisor
'0000010000,'0110011010,'0000010000,'0000010000,Idempotent
'0000001000,'0110011010,'0000010000,'0000000000,Regular Zero Divisor
'0000000010,'0110011010,'0000010000,'0000000000,Regular Zero Divisor
'0000000001,'0110011010,'0000010000,'0000000000,Regular Zero Divisor
'0100000000,'0110011010,'0000001000,'0000000000,Regular Zero Divisor
'0001000000,'0110011010,'0000001000,'0000000000,Regular Zero Divisor
'0000100000,'0110011010,'0000001000,'0000000000,Regular Zero Divisor
'0000001000,'0110011010,'0000001000,'0000000000,Nilpotent
'0000000010,'0110011010,'0000001000,'0000000000,Regular Zero Divisor
'0000000001,'0110011010,'0000001000,'0000000000,Regular Zero Divisor
'0100000000,'0110011010,'0000000100,'0000000000,Regular Zero Divisor
'0001000000,'0110011010,'0000000100,'0000000000,Regular Zero Divisor
'0000100000,'0110011010,'0000000100,'0000000000,Regular Zero Divisor
'0000001000,'0110011010,'0000000100,'0000000000,Regular Zero Divisor
'0000000100,'0110011010,'0000000100,'0000000100,Idempotent
'0000000010,'0110011010,'0000000100,'0000000000,Regular Zero Divisor
'0000000001,'0110011010,'0000000100,'0000000000,Regular Zero Divisor
'0100000000,'0110011010,'0000000010,'0000000000,Regular Zero Divisor
'0001000000,'0110011010,'0000000010,'0000000000,Regular Zero Divisor
'0000100000,'0110011010,'0000000010,'0000000000,Regular Zero Divisor
'0000001000,'0110011010,'0000000010,'0000000000,Regular Zero Divisor
'0000000010,'0110011010,'0000000010,'0000000000,Nilpotent
'0000000001,'0110011010,'0000000010,'0000000000,Regular Zero Divisor
'0100000000,'0110011010,'0000000001,'0000000000,Regular Zero Divisor
'0001000000,'0110011010,'0000000001,'0000000000,Regular Zero Divisor
'0000100000,'0110011010,'0000000001,'0000000000,Regular Zero Divisor
'0000001000,'0110011010,'0000000001,'0000000000,Regular Zero Divisor
'0000000010,'0110011010,'0000000001,'0000000000,Regular Zero Divisor
'0000000001,'0110011010,'0000000001,'0000000000,Nilpotent
'1000000000,'1110011010,'1000000000,'1000000000,Idempotent
'0010000000,'1110011010,'1000000000,'0000000000,Regular Zero Divisor
'0000000100,'1110011010,'1000000000,'0000000000,Regular Zero Divisor
'0100000000,'1110011010,'0100000000,'0100000000,Idempotent
'0010000000,'1110011010,'0100000000,'0000000000,Regular Zero Divisor
'0000000100,'1110011010,'0100000000,'0000000000,Regular Zero Divisor
'0010000000,'1110011010,'0010000000,'0000000000,Nilpotent
'0000000100,'1110011010,'0010000000,'0000000000,Regular Zero Divisor
'0010000000,'1110011010,'0001000000,'0000000000,Regular Zero Divisor
'0001000000,'1110011010,'0001000000,'0001000000,Idempotent
'0000000100,'1110011010,'0001000000,'0000000000,Regular Zero Divisor
'0010000000,'1110011010,'0000100000,'0000000000,Regular Zero Divisor
'0000100000,'1110011010,'0000100000,'0000100000,Idempotent
'0000000100,'1110011010,'0000100000,'0000000000,Regular Zero Divisor
'0100000000,'1110011010,'0000010000,'0000000000,Regular Zero Divisor
'0001000000,'1110011010,'0000010000,'0000000000,Regular Zero Divisor
'0000100000,'1110011010,'0000010000,'0000000000,Regular Zero Divisor
'0000010000,'1110011010,'0000010000,'0000010000,Idempotent
'0000001000,'1110011010,'0000010000,'0000000000,Regular Zero Divisor
'0000000010,'1110011010,'0000010000,'0000000000,Regular Zero Divisor
'0000000001,'1110011010,'0000010000,'0000000000,Regular Zero Divisor
'0100000000,'1110011010,'0000001000,'0000000000,Regular Zero Divisor
'0001000000,'1110011010,'0000001000,'0000000000,Regular Zero Divisor
'0000100000,'1110011010,'0000001000,'0000000000,Regular Zero Divisor
'0000001000,'1110011010,'0000001000,'0000000000,Nilpotent
'0000000010,'1110011010,'0000001000,'0000000000,Regular Zero Divisor
'0000000001,'1110011010,'0000001000,'0000000000,Regular Zero Divisor
'0100000000,'1110011010,'0000000100,'0000000000,Regular Zero Divisor
'0001000000,'1110011010,'0000000100,'0000000000,Regular Zero Divisor
'0000100000,'1110011010,'0000000100,'0000000000,Regular Zero Divisor
'0000001000,'1110011010,'0000000100,'0000000000,Regular Zero Divisor
'0000000100,'1110011010,'0000000100,'0000000100,Idempotent
'0000000010,'1110011010,'0000000100,'0000000000,Regular Zero Divisor
'0000000001,'1110011010,'0000000100,'0000000000,Regular Zero Divisor
'0100000000,'1110011010,'0000000010,'0000000000,Regular Zero Divisor
'0001000000,'1110011010,'0000000010,'0000000000,Regular Zero Divisor
'0000100000,'1110011010,'0000000010,'0000000000,Regular Zero Divisor
'0000001000,'1110011010,'0000000010,'0000000000,Regular Zero Divisor
'0000000010,'1110011010,'0000000010,'0000000000,Nilpotent
'0000000001,'1110011010,'0000000010,'0000000000,Regular Zero Divisor
'0100000000,'1110011010,'0000000001,'0000000000,Regular Zero Divisor
'0001000000,'1110011010,'0000000001,'0000000000,Regular Zero Divisor
'0000100000,'1110011010,'0000000001,'0000000000,Regular Zero Divisor
'0000001000,'1110011010,'0000000001,'0000000000,Regular Zero Divisor
'0000000010,'1110011010,'0000000001,'0000000000,Regular Zero Divisor
'0000000001,'1110011010,'0000000001,'0000000000,Nilpotent
'1000000000,'1001011010,'1000000000,'1000000000,Idempotent
'0100000000,'1001011010,'1000000000,'0000000000,Regular Zero Divisor
'0010000000,'1001011010,'1000000000,'0000000000,Regular Zero Divisor
'0000001000,'1001011010,'1000000000,'0000000000,Regular Zero Divisor
'0000000100,'1001011010,'1000000000,'0000000000,Regular Zero Divisor
'0100000000,'1001011010,'0100000000,'0000000000,Nilpotent
'0010000000,'1001011010,'0100000000,'0000000000,Regular Zero Divisor
'0000001000,'1001011010,'0100000000,'0000000000,Regular Zero Divisor
'0000000100,'1001011010,'0100000000,'0000000000,Regular Zero Divisor
'0100000000,'1001011010,'0010000000,'0000000000,Regular Zero Divisor
'0010000000,'1001011010,'0010000000,'0000000000,Nilpotent
'0000001000,'1001011010,'0010000000,'0000000000,Regular Zero Divisor
'0000000100,'1001011010,'0010000000,'0000000000,Regular Zero Divisor
'0100000000,'1001011010,'0001000000,'0000000000,Regular Zero Divisor
'0010000000,'1001011010,'0001000000,'0000000000,Regular Zero Divisor
'0001000000,'1001011010,'0001000000,'0001000000,Idempotent
'0000001000,'1001011010,'0001000000,'0000000000,Regular Zero Divisor
'0000000100,'1001011010,'0001000000,'0000000000,Regular Zero Divisor
'0100000000,'1001011010,'0000100000,'0000000000,Regular Zero Divisor
'0010000000,'1001011010,'0000100000,'0000000000,Regular Zero Divisor
'0000100000,'1001011010,'0000100000,'0000100000,Idempotent
'0000001000,'1001011010,'0000100000,'0000000000,Regular Zero Divisor
'0000000100,'1001011010,'0000100000,'0000000000,Regular Zero Divisor
'1000000000,'1001011010,'0000010000,'0000000000,Regular Zero Divisor
'0001000000,'1001011010,'0000010000,'0000000000,Regular Zero Divisor
'0000100000,'1001011010,'0000010000,'0000000000,Regular Zero Divisor
'0000010000,'1001011010,'0000010000,'0000000000,Nilpotent
'0000000010,'1001011010,'0000010000,'0000000000,Regular Zero Divisor
'0000000001,'1001011010,'0000010000,'0000000000,Regular Zero Divisor
'1000000000,'1001011010,'0000001000,'0000000000,Regular Zero Divisor
'0001000000,'1001011010,'0000001000,'0000000000,Regular Zero Divisor
'0000100000,'1001011010,'0000001000,'0000000000,Regular Zero Divisor
'0000010000,'1001011010,'0000001000,'0000000000,Regular Zero Divisor
'0000001000,'1001011010,'0000001000,'0000001000,Idempotent
'0000000010,'1001011010,'0000001000,'0000000000,Regular Zero Divisor
'0000000001,'1001011010,'0000001000,'0000000000,Regular Zero Divisor
'1000000000,'1001011010,'0000000100,'0000000000,Regular Zero Divisor
'0001000000,'1001011010,'0000000100,'0000000000,Regular Zero Divisor
'0000100000,'1001011010,'0000000100,'0000000000,Regular Zero Divisor
'0000010000,'1001011010,'0000000100,'0000000000,Regular Zero Divisor
'0000000100,'1001011010,'0000000100,'0000000100,Idempotent
'0000000010,'1001011010,'0000000100,'0000000000,Regular Zero Divisor
'0000000001,'1001011010,'0000000100,'0000000000,Regular Zero Divisor
'1000000000,'1001011010,'0000000010,'0000000000,Regular Zero Divisor
'0001000000,'1001011010,'0000000010,'0000000000,Regular Zero Divisor
'0000100000,'1001011010,'0000000010,'0000000000,Regular Zero Divisor
'0000010000,'1001011010,'0000000010,'0000000000,Regular Zero Divisor
'0000000010,'1001011010,'0000000010,'0000000000,Nilpotent
'0000000001,'1001011010,'0000000010,'0000000000,Regular Zero Divisor
'1000000000,'1001011010,'0000000001,'0000000000,Regular Zero Divisor
'0001000000,'1001011010,'0000000001,'0000000000,Regular Zero Divisor
'0000100000,'1001011010,'0000000001,'0000000000,Regular Zero Divisor
'0000010000,'1001011010,'0000000001,'0000000000,Regular Zero Divisor
'0000000010,'1001011010,'0000000001,'0000000000,Regular Zero Divisor
'0000000001,'1001011010,'0000000001,'0000000000,Nilpotent
'1000000000,'0101011010,'1000000000,'0000000000,Nilpotent
'0100000000,'0101011010,'1000000000,'0000000000,Regular Zero Divisor
'0010000000,'0101011010,'1000000000,'0000000000,Regular Zero Divisor
'0000010000,'0101011010,'1000000000,'0000000000,Regular Zero Divisor
'0000001000,'0101011010,'1000000000,'0000000000,Regular Zero Divisor
'0000000100,'0101011010,'1000000000,'0000000000,Regular Zero Divisor
'1000000000,'0101011010,'0100000000,'0000000000,Regular Zero Divisor
'0100000000,'0101011010,'0100000000,'0000000000,Nilpotent
'0010000000,'0101011010,'0100000000,'0000000000,Regular Zero Divisor
'0000010000,'0101011010,'0100000000,'0000000000,Regular Zero Divisor
'0000001000,'0101011010,'0100000000,'0000000000,Regular Zero Divisor
'0000000100,'0101011010,'0100000000,'0000000000,Regular Zero Divisor
'1000000000,'0101011010,'0010000000,'0000000000,Regular Zero Divisor
'0100000000,'0101011010,'0010000000,'0000000000,Regular Zero Divisor
'0010000000,'0101011010,'0010000000,'0000000000,Nilpotent
'0000010000,'0101011010,'0010000000,'0000000000,Regular Zero Divisor
'0000001000,'0101011010,'0010000000,'0000000000,Regular Zero Divisor
'0000000100,'0101011010,'0010000000,'0000000000,Regular Zero Divisor
'1000000000,'0101011010,'0001000000,'0000000000,Regular Zero Divisor
'0100000000,'0101011010,'0001000000,'0000000000,Regular Zero Divisor
'0010000000,'0101011010,'0001000000,'0000000000,Regular Zero Divisor
'0001000000,'0101011010,'0001000000,'0001000000,Idempotent
'0000010000,'0101011010,'0001000000,'0000000000,Regular Zero Divisor
'0000001000,'0101011010,'0001000000,'0000000000,Regular Zero Divisor
'0000000100,'0101011010,'0001000000,'0000000000,Regular Zero Divisor
'1000000000,'0101011010,'0000100000,'0000000000,Regular Zero Divisor
'0100000000,'0101011010,'0000100000,'0000000000,Regular Zero Divisor
'0010000000,'0101011010,'0000100000,'0000000000,Regular Zero Divisor
'0000100000,'0101011010,'0000100000,'0000100000,Idempotent
'0000010000,'0101011010,'0000100000,'0000000000,Regular Zero Divisor
'0000001000,'0101011010,'0000100000,'0000000000,Regular Zero Divisor
'0000000100,'0101011010,'0000100000,'0000000000,Regular Zero Divisor
'0001000000,'0101011010,'0000010000,'0000000000,Regular Zero Divisor
'0000100000,'0101011010,'0000010000,'0000000000,Regular Zero Divisor
'0000010000,'0101011010,'0000010000,'0000010000,Idempotent
'0000000010,'0101011010,'0000010000,'0000000000,Regular Zero Divisor
'0000000001,'0101011010,'0000010000,'0000000000,Regular Zero Divisor
'0001000000,'0101011010,'0000001000,'0000000000,Regular Zero Divisor
'0000100000,'0101011010,'0000001000,'0000000000,Regular Zero Divisor
'0000001000,'0101011010,'0000001000,'0000001000,Idempotent
'0000000010,'0101011010,'0000001000,'0000000000,Regular Zero Divisor
'0000000001,'0101011010,'0000001000,'0000000000,Regular Zero Divisor
'0001000000,'0101011010,'0000000100,'0000000000,Regular Zero Divisor
'0000100000,'0101011010,'0000000100,'0000000000,Regular Zero Divisor
'0000000100,'0101011010,'0000000100,'0000000100,Idempotent
'0000000010,'0101011010,'0000000100,'0000000000,Regular Zero Divisor
'0000000001,'0101011010,'0000000100,'0000000000,Regular Zero Divisor
'0001000000,'0101011010,'0000000010,'0000000000,Regular Zero Divisor
'0000100000,'0101011010,'0000000010,'0000000000,Regular Zero Divisor
'0000000010,'0101011010,'0000000010,'0000000000,Nilpotent
'0000000001,'0101011010,'0000000010,'0000000000,Regular Zero Divisor
'0001000000,'0101011010,'0000000001,'0000000000,Regular Zero Divisor
'0000100000,'0101011010,'0000000001,'0000000000,Regular Zero Divisor
'0000000010,'0101011010,'0000000001,'0000000000,Regular Zero Divisor
'0000000001,'0101011010,'0000000001,'0000000000,Nilpotent
'1000000000,'1101011010,'1000000000,'1000000000,Idempotent
'0100000000,'1101011010,'1000000000,'0000000000,Regular Zero Divisor
'0010000000,'1101011010,'1000000000,'0000000000,Regular Zero Divisor
'0000001000,'1101011010,'1000000000,'0000000000,Regular Zero Divisor
'0000000100,'1101011010,'1000000000,'0000000000,Regular Zero Divisor
'0100000000,'1101011010,'0100000000,'0000000000,Nilpotent
'0010000000,'1101011010,'0100000000,'0000000000,Regular Zero Divisor
'0000001000,'1101011010,'0100000000,'0000000000,Regular Zero Divisor
'0000000100,'1101011010,'0100000000,'0000000000,Regular Zero Divisor
'0100000000,'1101011010,'0010000000,'0000000000,Regular Zero Divisor
'0010000000,'1101011010,'0010000000,'0000000000,Nilpotent
'0000001000,'1101011010,'0010000000,'0000000000,Regular Zero Divisor
'0000000100,'1101011010,'0010000000,'0000000000,Regular Zero Divisor
'0100000000,'1101011010,'0001000000,'0000000000,Regular Zero Divisor
'0010000000,'1101011010,'0001000000,'0000000000,Regular Zero Divisor
'0001000000,'1101011010,'0001000000,'0001000000,Idempotent
'0000001000,'1101011010,'0001000000,'0000000000,Regular Zero Divisor
'0000000100,'1101011010,'0001000000,'0000000000,Regular Zero Divisor
'0100000000,'1101011010,'0000100000,'0000000000,Regular Zero Divisor
'0010000000,'1101011010,'0000100000,'0000000000,Regular Zero Divisor
'0000100000,'1101011010,'0000100000,'0000100000,Idempotent
'0000001000,'1101011010,'0000100000,'0000000000,Regular Zero Divisor
'0000000100,'1101011010,'0000100000,'0000000000,Regular Zero Divisor
'0001000000,'1101011010,'0000010000,'0000000000,Regular Zero Divisor
'0000100000,'1101011010,'0000010000,'0000000000,Regular Zero Divisor
'0000010000,'1101011010,'0000010000,'0000010000,Idempotent
'0000000010,'1101011010,'0000010000,'0000000000,Regular Zero Divisor
'0000000001,'1101011010,'0000010000,'0000000000,Regular Zero Divisor
'0001000000,'1101011010,'0000001000,'0000000000,Regular Zero Divisor
'0000100000,'1101011010,'0000001000,'0000000000,Regular Zero Divisor
'0000001000,'1101011010,'0000001000,'0000001000,Idempotent
'0000000010,'1101011010,'0000001000,'0000000000,Regular Zero Divisor
'0000000001,'1101011010,'0000001000,'0000000000,Regular Zero Divisor
'0001000000,'1101011010,'0000000100,'0000000000,Regular Zero Divisor
'0000100000,'1101011010,'0000000100,'0000000000,Regular Zero Divisor
'0000000100,'1101011010,'0000000100,'0000000100,Idempotent
'0000000010,'1101011010,'0000000100,'0000000000,Regular Zero Divisor
'0000000001,'1101011010,'0000000100,'0000000000,Regular Zero Divisor
'0001000000,'1101011010,'0000000010,'0000000000,Regular Zero Divisor
'0000100000,'1101011010,'0000000010,'0000000000,Regular Zero Divisor
'0000000010,'1101011010,'0000000010,'0000000000,Nilpotent
'0000000001,'1101011010,'0000000010,'0000000000,Regular Zero Divisor
'0001000000,'1101011010,'0000000001,'0000000000,Regular Zero Divisor
'0000100000,'1101011010,'0000000001,'0000000000,Regular Zero Divisor
'0000000010,'1101011010,'0000000001,'0000000000,Regular Zero Divisor
'0000000001,'1101011010,'0000000001,'0000000000,Nilpotent
'1000000000,'1011011010,'1000000000,'1000000000,Idempotent
'0010000000,'1011011010,'1000000000,'0000000000,Regular Zero Divisor
'0000000100,'1011011010,'1000000000,'0000000000,Regular Zero Divisor
'0100000000,'1011011010,'0100000000,'0100000000,Idempotent
'0010000000,'1011011010,'0100000000,'0000000000,Regular Zero Divisor
'0000000100,'1011011010,'0100000000,'0000000000,Regular Zero Divisor
'0010000000,'1011011010,'0010000000,'0000000000,Nilpotent
'0000000100,'1011011010,'0010000000,'0000000000,Regular Zero Divisor
'0010000000,'1011011010,'0001000000,'0000000000,Regular Zero Divisor
'0001000000,'1011011010,'0001000000,'0001000000,Idempotent
'0000000100,'1011011010,'0001000000,'0000000000,Regular Zero Divisor
'0010000000,'1011011010,'0000100000,'0000000000,Regular Zero Divisor
'0000100000,'1011011010,'0000100000,'0000100000,Idempotent
'0000000100,'1011011010,'0000100000,'0000000000,Regular Zero Divisor
'1000000000,'1011011010,'0000010000,'0000000000,Regular Zero Divisor
'0001000000,'1011011010,'0000010000,'0000000000,Regular Zero Divisor
'0000100000,'1011011010,'0000010000,'0000000000,Regular Zero Divisor
'0000010000,'1011011010,'0000010000,'0000000000,Nilpotent
'0000000010,'1011011010,'0000010000,'0000000000,Regular Zero Divisor
'0000000001,'1011011010,'0000010000,'0000000000,Regular Zero Divisor
'1000000000,'1011011010,'0000001000,'0000000000,Regular Zero Divisor
'0001000000,'1011011010,'0000001000,'0000000000,Regular Zero Divisor
'0000100000,'1011011010,'0000001000,'0000000000,Regular Zero Divisor
'0000010000,'1011011010,'0000001000,'0000000000,Regular Zero Divisor
'0000001000,'1011011010,'0000001000,'0000001000,Idempotent
'0000000010,'1011011010,'0000001000,'0000000000,Regular Zero Divisor
'0000000001,'1011011010,'0000001000,'0000000000,Regular Zero Divisor
'1000000000,'1011011010,'0000000100,'0000000000,Regular Zero Divisor
'0001000000,'1011011010,'0000000100,'0000000000,Regular Zero Divisor
'0000100000,'1011011010,'0000000100,'0000000000,Regular Zero Divisor
'0000010000,'1011011010,'0000000100,'0000000000,Regular Zero Divisor
'0000000100,'1011011010,'0000000100,'0000000100,Idempotent
'0000000010,'1011011010,'0000000100,'0000000000,Regular Zero Divisor
'0000000001,'1011011010,'0000000100,'0000000000,Regular Zero Divisor
'1000000000,'1011011010,'0000000010,'0000000000,Regular Zero Divisor
'0001000000,'1011011010,'0000000010,'0000000000,Regular Zero Divisor
'0000100000,'1011011010,'0000000010,'0000000000,Regular Zero Divisor
'0000010000,'1011011010,'0000000010,'0000000000,Regular Zero Divisor
'0000000010,'1011011010,'0000000010,'0000000000,Nilpotent
'0000000001,'1011011010,'0000000010,'0000000000,Regular Zero Divisor
'1000000000,'1011011010,'0000000001,'0000000000,Regular Zero Divisor
'0001000000,'1011011010,'0000000001,'0000000000,Regular Zero Divisor
'0000100000,'1011011010,'0000000001,'0000000000,Regular Zero Divisor
'0000010000,'1011011010,'0000000001,'0000000000,Regular Zero Divisor
'0000000010,'1011011010,'0000000001,'0000000000,Regular Zero Divisor
'0000000001,'1011011010,'0000000001,'0000000000,Nilpotent
'1000000000,'0111011010,'1000000000,'0000000000,Nilpotent
'0010000000,'0111011010,'1000000000,'0000000000,Regular Zero Divisor
'0000010000,'0111011010,'1000000000,'0000000000,Regular Zero Divisor
'0000000100,'0111011010,'1000000000,'0000000000,Regular Zero Divisor
'1000000000,'0111011010,'0100000000,'0000000000,Regular Zero Divisor
'0100000000,'0111011010,'0100000000,'0100000000,Idempotent
'0010000000,'0111011010,'0100000000,'0000000000,Regular Zero Divisor
'0000010000,'0111011010,'0100000000,'0000000000,Regular Zero Divisor
'0000000100,'0111011010,'0100000000,'0000000000,Regular Zero Divisor
'1000000000,'0111011010,'0010000000,'0000000000,Regular Zero Divisor
'0010000000,'0111011010,'0010000000,'0000000000,Nilpotent
'0000010000,'0111011010,'0010000000,'0000000000,Regular Zero Divisor
'0000000100,'0111011010,'0010000000,'0000000000,Regular Zero Divisor
'1000000000,'0111011010,'0001000000,'0000000000,Regular Zero Divisor
'0010000000,'0111011010,'0001000000,'0000000000,Regular Zero Divisor
'0001000000,'0111011010,'0001000000,'0001000000,Idempotent
'0000010000,'0111011010,'0001000000,'0000000000,Regular Zero Divisor
'0000000100,'0111011010,'0001000000,'0000000000,Regular Zero Divisor
'1000000000,'0111011010,'0000100000,'0000000000,Regular Zero Divisor
'0010000000,'0111011010,'0000100000,'0000000000,Regular Zero Divisor
'0000100000,'0111011010,'0000100000,'0000100000,Idempotent
'0000010000,'0111011010,'0000100000,'0000000000,Regular Zero Divisor
'0000000100,'0111011010,'0000100000,'0000000000,Regular Zero Divisor
'0001000000,'0111011010,'0000010000,'0000000000,Regular Zero Divisor
'0000100000,'0111011010,'0000010000,'0000000000,Regular Zero Divisor
'0000010000,'0111011010,'0000010000,'0000010000,Idempotent
'0000000010,'0111011010,'0000010000,'0000000000,Regular Zero Divisor
'0000000001,'0111011010,'0000010000,'0000000000,Regular Zero Divisor
'0001000000,'0111011010,'0000001000,'0000000000,Regular Zero Divisor
'0000100000,'0111011010,'0000001000,'0000000000,Regular Zero Divisor
'0000001000,'0111011010,'0000001000,'0000001000,Idempotent
'0000000010,'0111011010,'0000001000,'0000000000,Regular Zero Divisor
'0000000001,'0111011010,'0000001000,'0000000000,Regular Zero Divisor
'0001000000,'0111011010,'0000000100,'0000000000,Regular Zero Divisor
'0000100000,'0111011010,'0000000100,'0000000000,Regular Zero Divisor
'0000000100,'0111011010,'0000000100,'0000000100,Idempotent
'0000000010,'0111011010,'0000000100,'0000000000,Regular Zero Divisor
'0000000001,'0111011010,'0000000100,'0000000000,Regular Zero Divisor
'0001000000,'0111011010,'0000000010,'0000000000,Regular Zero Divisor
'0000100000,'0111011010,'0000000010,'0000000000,Regular Zero Divisor
'0000000010,'0111011010,'0000000010,'0000000000,Nilpotent
'0000000001,'0111011010,'0000000010,'0000000000,Regular Zero Divisor
'0001000000,'0111011010,'0000000001,'0000000000,Regular Zero Divisor
'0000100000,'0111011010,'0000000001,'0000000000,Regular Zero Divisor
'0000000010,'0111011010,'0000000001,'0000000000,Regular Zero Divisor
'0000000001,'0111011010,'0000000001,'0000000000,Nilpotent
'1000000000,'1111011010,'1000000000,'1000000000,Idempotent
'0010000000,'1111011010,'1000000000,'0000000000,Regular Zero Divisor
'0000000100,'1111011010,'1000000000,'0000000000,Regular Zero Divisor
'0100000000,'1111011010,'0100000000,'0100000000,Idempotent
'0010000000,'1111011010,'0100000000,'0000000000,Regular Zero Divisor
'0000000100,'1111011010,'0100000000,'0000000000,Regular Zero Divisor
'0010000000,'1111011010,'0010000000,'0000000000,Nilpotent
'0000000100,'1111011010,'0010000000,'0000000000,Regular Zero Divisor
'0010000000,'1111011010,'0001000000,'0000000000,Regular Zero Divisor
'0001000000,'1111011010,'0001000000,'0001000000,Idempotent
'0000000100,'1111011010,'0001000000,'0000000000,Regular Zero Divisor
'0010000000,'1111011010,'0000100000,'0000000000,Regular Zero Divisor
'0000100000,'1111011010,'0000100000,'0000100000,Idempotent
'0000000100,'1111011010,'0000100000,'0000000000,Regular Zero Divisor
'0001000000,'1111011010,'0000010000,'0000000000,Regular Zero Divisor
'0000100000,'1111011010,'0000010000,'0000000000,Regular Zero Divisor
'0000010000,'1111011010,'0000010000,'0000010000,Idempotent
'0000000010,'1111011010,'0000010000,'0000000000,Regular Zero Divisor
'0000000001,'1111011010,'0000010000,'0000000000,Regular Zero Divisor
'0001000000,'1111011010,'0000001000,'0000000000,Regular Zero Divisor
'0000100000,'1111011010,'0000001000,'0000000000,Regular Zero Divisor
'0000001000,'1111011010,'0000001000,'0000001000,Idempotent
'0000000010,'1111011010,'0000001000,'0000000000,Regular Zero Divisor
'0000000001,'1111011010,'0000001000,'0000000000,Regular Zero Divisor
'0001000000,'1111011010,'0000000100,'0000000000,Regular Zero Divisor
'0000100000,'1111011010,'0000000100,'0000000000,Regular Zero Divisor
'0000000100,'1111011010,'0000000100,'0000000100,Idempotent
'0000000010,'1111011010,'0000000100,'0000000000,Regular Zero Divisor
'0000000001,'1111011010,'0000000100,'0000000000,Regular Zero Divisor
'0001000000,'1111011010,'0000000010,'0000000000,Regular Zero Divisor
'0000100000,'1111011010,'0000000010,'0000000000,Regular Zero Divisor
'0000000010,'1111011010,'0000000010,'0000000000,Nilpotent
'0000000001,'1111011010,'0000000010,'0000000000,Regular Zero Divisor
'0001000000,'1111011010,'0000000001,'0000000000,Regular Zero Divisor
'0000100000,'1111011010,'0000000001,'0000000000,Regular Zero Divisor
'0000000010,'1111011010,'0000000001,'0000000000,Regular Zero Divisor
'0000000001,'1111011010,'0000000001,'0000000000,Nilpotent
'1000000000,'1010111010,'1000000000,'1000000000,Idempotent
'0100000000,'1010111010,'0100000000,'0100000000,Idempotent
'0010000000,'1010111010,'0010000000,'0010000000,Idempotent
'0001000000,'1010111010,'0001000000,'0001000000,Idempotent
'0000100000,'1010111010,'0000100000,'0000100000,Idempotent
'1000000000,'1010111010,'0000010000,'0000000000,Regular Zero Divisor
'0100000000,'1010111010,'0000010000,'0000000000,Regular Zero Divisor
'0001000000,'1010111010,'0000010000,'0000000000,Regular Zero Divisor
'0000100000,'1010111010,'0000010000,'0000000000,Regular Zero Divisor
'0000010000,'1010111010,'0000010000,'0000000000,Nilpotent
'0000001000,'1010111010,'0000010000,'0000000000,Regular Zero Divisor
'0000000010,'1010111010,'0000010000,'0000000000,Regular Zero Divisor
'0000000001,'1010111010,'0000010000,'0000000000,Regular Zero Divisor
'1000000000,'1010111010,'0000001000,'0000000000,Regular Zero Divisor
'0100000000,'1010111010,'0000001000,'0000000000,Regular Zero Divisor
'0001000000,'1010111010,'0000001000,'0000000000,Regular Zero Divisor
'0000100000,'1010111010,'0000001000,'0000000000,Regular Zero Divisor
'0000010000,'1010111010,'0000001000,'0000000000,Regular Zero Divisor
'0000001000,'1010111010,'0000001000,'0000000000,Nilpotent
'0000000010,'1010111010,'0000001000,'0000000000,Regular Zero Divisor
'0000000001,'1010111010,'0000001000,'0000000000,Regular Zero Divisor
'1000000000,'1010111010,'0000000100,'0000000000,Regular Zero Divisor
'0100000000,'1010111010,'0000000100,'0000000000,Regular Zero Divisor
'0001000000,'1010111010,'0000000100,'0000000000,Regular Zero Divisor
'0000100000,'1010111010,'0000000100,'0000000000,Regular Zero Divisor
'0000010000,'1010111010,'0000000100,'0000000000,Regular Zero Divisor
'0000001000,'1010111010,'0000000100,'0000000000,Regular Zero Divisor
'0000000100,'1010111010,'0000000100,'0000000100,Idempotent
'0000000010,'1010111010,'0000000100,'0000000000,Regular Zero Divisor
'0000000001,'1010111010,'0000000100,'0000000000,Regular Zero Divisor
'1000000000,'1010111010,'0000000010,'0000000000,Regular Zero Divisor
'0100000000,'1010111010,'0000000010,'0000000000,Regular Zero Divisor
'0001000000,'1010111010,'0000000010,'0000000000,Regular Zero Divisor
'0000100000,'1010111010,'0000000010,'0000000000,Regular Zero Divisor
'0000010000,'1010111010,'0000000010,'0000000000,Regular Zero Divisor
'0000001000,'1010111010,'0000000010,'0000000000,Regular Zero Divisor
'0000000010,'1010111010,'0000000010,'0000000000,Nilpotent
'0000000001,'1010111010,'0000000010,'0000000000,Regular Zero Divisor
'1000000000,'1010111010,'0000000001,'0000000000,Regular Zero Divisor
'0100000000,'1010111010,'0000000001,'0000000000,Regular Zero Divisor
'0001000000,'1010111010,'0000000001,'0000000000,Regular Zero Divisor
'0000100000,'1010111010,'0000000001,'0000000000,Regular Zero Divisor
'0000010000,'1010111010,'0000000001,'0000000000,Regular Zero Divisor
'0000001000,'1010111010,'0000000001,'0000000000,Regular Zero Divisor
'0000000010,'1010111010,'0000000001,'0000000000,Regular Zero Divisor
'0000000001,'1010111010,'0000000001,'0000000000,Nilpotent
'1000000000,'0110111010,'1000000000,'0000000000,Nilpotent
'0000010000,'0110111010,'1000000000,'0000000000,Regular Zero Divisor
'1000000000,'0110111010,'0100000000,'0000000000,Regular Zero Divisor
'0100000000,'0110111010,'0100000000,'0100000000,Idempotent
'0000010000,'0110111010,'0100000000,'0000000000,Regular Zero Divisor
'1000000000,'0110111010,'0010000000,'0000000000,Regular Zero Divisor
'0010000000,'0110111010,'0010000000,'0010000000,Idempotent
'0000010000,'0110111010,'0010000000,'0000000000,Regular Zero Divisor
'1000000000,'0110111010,'0001000000,'0000000000,Regular Zero Divisor
'0001000000,'0110111010,'0001000000,'0001000000,Idempotent
'0000010000,'0110111010,'0001000000,'0000000000,Regular Zero Divisor
'1000000000,'0110111010,'0000100000,'0000000000,Regular Zero Divisor
'0000100000,'0110111010,'0000100000,'0000100000,Idempotent
'0000010000,'0110111010,'0000100000,'0000000000,Regular Zero Divisor
'0100000000,'0110111010,'0000010000,'0000000000,Regular Zero Divisor
'0001000000,'0110111010,'0000010000,'0000000000,Regular Zero Divisor
'0000100000,'0110111010,'0000010000,'0000000000,Regular Zero Divisor
'0000010000,'0110111010,'0000010000,'0000010000,Idempotent
'0000001000,'0110111010,'0000010000,'0000000000,Regular Zero Divisor
'0000000010,'0110111010,'0000010000,'0000000000,Regular Zero Divisor
'0000000001,'0110111010,'0000010000,'0000000000,Regular Zero Divisor
'0100000000,'0110111010,'0000001000,'0000000000,Regular Zero Divisor
'0001000000,'0110111010,'0000001000,'0000000000,Regular Zero Divisor
'0000100000,'0110111010,'0000001000,'0000000000,Regular Zero Divisor
'0000001000,'0110111010,'0000001000,'0000000000,Nilpotent
'0000000010,'0110111010,'0000001000,'0000000000,Regular Zero Divisor
'0000000001,'0110111010,'0000001000,'0000000000,Regular Zero Divisor
'0100000000,'0110111010,'0000000100,'0000000000,Regular Zero Divisor
'0001000000,'0110111010,'0000000100,'0000000000,Regular Zero Divisor
'0000100000,'0110111010,'0000000100,'0000000000,Regular Zero Divisor
'0000001000,'0110111010,'0000000100,'0000000000,Regular Zero Divisor
'0000000100,'0110111010,'0000000100,'0000000100,Idempotent
'0000000010,'0110111010,'0000000100,'0000000000,Regular Zero Divisor
'0000000001,'0110111010,'0000000100,'0000000000,Regular Zero Divisor
'0100000000,'0110111010,'0000000010,'0000000000,Regular Zero Divisor
'0001000000,'0110111010,'0000000010,'0000000000,Regular Zero Divisor
'0000100000,'0110111010,'0000000010,'0000000000,Regular Zero Divisor
'0000001000,'0110111010,'0000000010,'0000000000,Regular Zero Divisor
'0000000010,'0110111010,'0000000010,'0000000000,Nilpotent
'0000000001,'0110111010,'0000000010,'0000000000,Regular Zero Divisor
'0100000000,'0110111010,'0000000001,'0000000000,Regular Zero Divisor
'0001000000,'0110111010,'0000000001,'0000000000,Regular Zero Divisor
'0000100000,'0110111010,'0000000001,'0000000000,Regular Zero Divisor
'0000001000,'0110111010,'0000000001,'0000000000,Regular Zero Divisor
'0000000010,'0110111010,'0000000001,'0000000000,Regular Zero Divisor
'0000000001,'0110111010,'0000000001,'0000000000,Nilpotent
'1000000000,'1110111010,'1000000000,'1000000000,Idempotent
'0100000000,'1110111010,'0100000000,'0100000000,Idempotent
'0010000000,'1110111010,'0010000000,'0010000000,Idempotent
'0001000000,'1110111010,'0001000000,'0001000000,Idempotent
'0000100000,'1110111010,'0000100000,'0000100000,Idempotent
'0100000000,'1110111010,'0000010000,'0000000000,Regular Zero Divisor
'0001000000,'1110111010,'0000010000,'0000000000,Regular Zero Divisor
'0000100000,'1110111010,'0000010000,'0000000000,Regular Zero Divisor
'0000010000,'1110111010,'0000010000,'0000010000,Idempotent
'0000001000,'1110111010,'0000010000,'0000000000,Regular Zero Divisor
'0000000010,'1110111010,'0000010000,'0000000000,Regular Zero Divisor
'0000000001,'1110111010,'0000010000,'0000000000,Regular Zero Divisor
'0100000000,'1110111010,'0000001000,'0000000000,Regular Zero Divisor
'0001000000,'1110111010,'0000001000,'0000000000,Regular Zero Divisor
'0000100000,'1110111010,'0000001000,'0000000000,Regular Zero Divisor
'0000001000,'1110111010,'0000001000,'0000000000,Nilpotent
'0000000010,'1110111010,'0000001000,'0000000000,Regular Zero Divisor
'0000000001,'1110111010,'0000001000,'0000000000,Regular Zero Divisor
'0100000000,'1110111010,'0000000100,'0000000000,Regular Zero Divisor
'0001000000,'1110111010,'0000000100,'0000000000,Regular Zero Divisor
'0000100000,'1110111010,'0000000100,'0000000000,Regular Zero Divisor
'0000001000,'1110111010,'0000000100,'0000000000,Regular Zero Divisor
'0000000100,'1110111010,'0000000100,'0000000100,Idempotent
'0000000010,'1110111010,'0000000100,'0000000000,Regular Zero Divisor
'0000000001,'1110111010,'0000000100,'0000000000,Regular Zero Divisor
'0100000000,'1110111010,'0000000010,'0000000000,Regular Zero Divisor
'0001000000,'1110111010,'0000000010,'0000000000,Regular Zero Divisor
'0000100000,'1110111010,'0000000010,'0000000000,Regular Zero Divisor
'0000001000,'1110111010,'0000000010,'0000000000,Regular Zero Divisor
'0000000010,'1110111010,'0000000010,'0000000000,Nilpotent
'0000000001,'1110111010,'0000000010,'0000000000,Regular Zero Divisor
'0100000000,'1110111010,'0000000001,'0000000000,Regular Zero Divisor
'0001000000,'1110111010,'0000000001,'0000000000,Regular Zero Divisor
'0000100000,'1110111010,'0000000001,'0000000000,Regular Zero Divisor
'0000001000,'1110111010,'0000000001,'0000000000,Regular Zero Divisor
'0000000010,'1110111010,'0000000001,'0000000000,Regular Zero Divisor
'0000000001,'1110111010,'0000000001,'0000000000,Nilpotent
'1000000000,'1001111010,'1000000000,'1000000000,Idempotent
'0100000000,'1001111010,'1000000000,'0000000000,Regular Zero Divisor
'0000001000,'1001111010,'1000000000,'0000000000,Regular Zero Divisor
'0100000000,'1001111010,'0100000000,'0000000000,Nilpotent
'0000001000,'1001111010,'0100000000,'0000000000,Regular Zero Divisor
'0100000000,'1001111010,'0010000000,'0000000000,Regular Zero Divisor
'0010000000,'1001111010,'0010000000,'0010000000,Idempotent
'0000001000,'1001111010,'0010000000,'0000000000,Regular Zero Divisor
'0100000000,'1001111010,'0001000000,'0000000000,Regular Zero Divisor
'0001000000,'1001111010,'0001000000,'0001000000,Idempotent
'0000001000,'1001111010,'0001000000,'0000000000,Regular Zero Divisor
'0100000000,'1001111010,'0000100000,'0000000000,Regular Zero Divisor
'0000100000,'1001111010,'0000100000,'0000100000,Idempotent
'0000001000,'1001111010,'0000100000,'0000000000,Regular Zero Divisor
'1000000000,'1001111010,'0000010000,'0000000000,Regular Zero Divisor
'0001000000,'1001111010,'0000010000,'0000000000,Regular Zero Divisor
'0000100000,'1001111010,'0000010000,'0000000000,Regular Zero Divisor
'0000010000,'1001111010,'0000010000,'0000000000,Nilpotent
'0000000010,'1001111010,'0000010000,'0000000000,Regular Zero Divisor
'0000000001,'1001111010,'0000010000,'0000000000,Regular Zero Divisor
'1000000000,'1001111010,'0000001000,'0000000000,Regular Zero Divisor
'0001000000,'1001111010,'0000001000,'0000000000,Regular Zero Divisor
'0000100000,'1001111010,'0000001000,'0000000000,Regular Zero Divisor
'0000010000,'1001111010,'0000001000,'0000000000,Regular Zero Divisor
'0000001000,'1001111010,'0000001000,'0000001000,Idempotent
'0000000010,'1001111010,'0000001000,'0000000000,Regular Zero Divisor
'0000000001,'1001111010,'0000001000,'0000000000,Regular Zero Divisor
'1000000000,'1001111010,'0000000100,'0000000000,Regular Zero Divisor
'0001000000,'1001111010,'0000000100,'0000000000,Regular Zero Divisor
'0000100000,'1001111010,'0000000100,'0000000000,Regular Zero Divisor
'0000010000,'1001111010,'0000000100,'0000000000,Regular Zero Divisor
'0000000100,'1001111010,'0000000100,'0000000100,Idempotent
'0000000010,'1001111010,'0000000100,'0000000000,Regular Zero Divisor
'0000000001,'1001111010,'0000000100,'0000000000,Regular Zero Divisor
'1000000000,'1001111010,'0000000010,'0000000000,Regular Zero Divisor
'0001000000,'1001111010,'0000000010,'0000000000,Regular Zero Divisor
'0000100000,'1001111010,'0000000010,'0000000000,Regular Zero Divisor
'0000010000,'1001111010,'0000000010,'0000000000,Regular Zero Divisor
'0000000010,'1001111010,'0000000010,'0000000000,Nilpotent
'0000000001,'1001111010,'0000000010,'0000000000,Regular Zero Divisor
'1000000000,'1001111010,'0000000001,'0000000000,Regular Zero Divisor
'0001000000,'1001111010,'0000000001,'0000000000,Regular Zero Divisor
'0000100000,'1001111010,'0000000001,'0000000000,Regular Zero Divisor
'0000010000,'1001111010,'0000000001,'0000000000,Regular Zero Divisor
'0000000010,'1001111010,'0000000001,'0000000000,Regular Zero Divisor
'0000000001,'1001111010,'0000000001,'0000000000,Nilpotent
'1000000000,'0101111010,'1000000000,'0000000000,Nilpotent
'0100000000,'0101111010,'1000000000,'0000000000,Regular Zero Divisor
'0000010000,'0101111010,'1000000000,'0000000000,Regular Zero Divisor
'0000001000,'0101111010,'1000000000,'0000000000,Regular Zero Divisor
'1000000000,'0101111010,'0100000000,'0000000000,Regular Zero Divisor
'0100000000,'0101111010,'0100000000,'0000000000,Nilpotent
'0000010000,'0101111010,'0100000000,'0000000000,Regular Zero Divisor
'0000001000,'0101111010,'0100000000,'0000000000,Regular Zero Divisor
'1000000000,'0101111010,'0010000000,'0000000000,Regular Zero Divisor
'0100000000,'0101111010,'0010000000,'0000000000,Regular Zero Divisor
'0010000000,'0101111010,'0010000000,'0010000000,Idempotent
'0000010000,'0101111010,'0010000000,'0000000000,Regular Zero Divisor
'0000001000,'0101111010,'0010000000,'0000000000,Regular Zero Divisor
'1000000000,'0101111010,'0001000000,'0000000000,Regular Zero Divisor
'0100000000,'0101111010,'0001000000,'0000000000,Regular Zero Divisor
'0001000000,'0101111010,'0001000000,'0001000000,Idempotent
'0000010000,'0101111010,'0001000000,'0000000000,Regular Zero Divisor
'0000001000,'0101111010,'0001000000,'0000000000,Regular Zero Divisor
'1000000000,'0101111010,'0000100000,'0000000000,Regular Zero Divisor
'0100000000,'0101111010,'0000100000,'0000000000,Regular Zero Divisor
'0000100000,'0101111010,'0000100000,'0000100000,Idempotent
'0000010000,'0101111010,'0000100000,'0000000000,Regular Zero Divisor
'0000001000,'0101111010,'0000100000,'0000000000,Regular Zero Divisor
'0001000000,'0101111010,'0000010000,'0000000000,Regular Zero Divisor
'0000100000,'0101111010,'0000010000,'0000000000,Regular Zero Divisor
'0000010000,'0101111010,'0000010000,'0000010000,Idempotent
'0000000010,'0101111010,'0000010000,'0000000000,Regular Zero Divisor
'0000000001,'0101111010,'0000010000,'0000000000,Regular Zero Divisor
'0001000000,'0101111010,'0000001000,'0000000000,Regular Zero Divisor
'0000100000,'0101111010,'0000001000,'0000000000,Regular Zero Divisor
'0000001000,'0101111010,'0000001000,'0000001000,Idempotent
'0000000010,'0101111010,'0000001000,'0000000000,Regular Zero Divisor
'0000000001,'0101111010,'0000001000,'0000000000,Regular Zero Divisor
'0001000000,'0101111010,'0000000100,'0000000000,Regular Zero Divisor
'0000100000,'0101111010,'0000000100,'0000000000,Regular Zero Divisor
'0000000100,'0101111010,'0000000100,'0000000100,Idempotent
'0000000010,'0101111010,'0000000100,'0000000000,Regular Zero Divisor
'0000000001,'0101111010,'0000000100,'0000000000,Regular Zero Divisor
'0001000000,'0101111010,'0000000010,'0000000000,Regular Zero Divisor
'0000100000,'0101111010,'0000000010,'0000000000,Regular Zero Divisor
'0000000010,'0101111010,'0000000010,'0000000000,Nilpotent
'0000000001,'0101111010,'0000000010,'0000000000,Regular Zero Divisor
'0001000000,'0101111010,'0000000001,'0000000000,Regular Zero Divisor
'0000100000,'0101111010,'0000000001,'0000000000,Regular Zero Divisor
'0000000010,'0101111010,'0000000001,'0000000000,Regular Zero Divisor
'0000000001,'0101111010,'0000000001,'0000000000,Nilpotent
'1000000000,'1101111010,'1000000000,'1000000000,Idempotent
'0100000000,'1101111010,'1000000000,'0000000000,Regular Zero Divisor
'0000001000,'1101111010,'1000000000,'0000000000,Regular Zero Divisor
'0100000000,'1101111010,'0100000000,'0000000000,Nilpotent
'0000001000,'1101111010,'0100000000,'0000000000,Regular Zero Divisor
'0100000000,'1101111010,'0010000000,'0000000000,Regular Zero Divisor
'0010000000,'1101111010,'0010000000,'0010000000,Idempotent
'0000001000,'1101111010,'0010000000,'0000000000,Regular Zero Divisor
'0100000000,'1101111010,'0001000000,'0000000000,Regular Zero Divisor
'0001000000,'1101111010,'0001000000,'0001000000,Idempotent
'0000001000,'1101111010,'0001000000,'0000000000,Regular Zero Divisor
'0100000000,'1101111010,'0000100000,'0000000000,Regular Zero Divisor
'0000100000,'1101111010,'0000100000,'0000100000,Idempotent
'0000001000,'1101111010,'0000100000,'0000000000,Regular Zero Divisor
'0001000000,'1101111010,'0000010000,'0000000000,Regular Zero Divisor
'0000100000,'1101111010,'0000010000,'0000000000,Regular Zero Divisor
'0000010000,'1101111010,'0000010000,'0000010000,Idempotent
'0000000010,'1101111010,'0000010000,'0000000000,Regular Zero Divisor
'0000000001,'1101111010,'0000010000,'0000000000,Regular Zero Divisor
'0001000000,'1101111010,'0000001000,'0000000000,Regular Zero Divisor
'0000100000,'1101111010,'0000001000,'0000000000,Regular Zero Divisor
'0000001000,'1101111010,'0000001000,'0000001000,Idempotent
'0000000010,'1101111010,'0000001000,'0000000000,Regular Zero Divisor
'0000000001,'1101111010,'0000001000,'0000000000,Regular Zero Divisor
'0001000000,'1101111010,'0000000100,'0000000000,Regular Zero Divisor
'0000100000,'1101111010,'0000000100,'0000000000,Regular Zero Divisor
'0000000100,'1101111010,'0000000100,'0000000100,Idempotent
'0000000010,'1101111010,'0000000100,'0000000000,Regular Zero Divisor
'0000000001,'1101111010,'0000000100,'0000000000,Regular Zero Divisor
'0001000000,'1101111010,'0000000010,'0000000000,Regular Zero Divisor
'0000100000,'1101111010,'0000000010,'0000000000,Regular Zero Divisor
'0000000010,'1101111010,'0000000010,'0000000000,Nilpotent
'0000000001,'1101111010,'0000000010,'0000000000,Regular Zero Divisor
'0001000000,'1101111010,'0000000001,'0000000000,Regular Zero Divisor
'0000100000,'1101111010,'0000000001,'0000000000,Regular Zero Divisor
'0000000010,'1101111010,'0000000001,'0000000000,Regular Zero Divisor
'0000000001,'1101111010,'0000000001,'0000000000,Nilpotent
'1000000000,'1011111010,'1000000000,'1000000000,Idempotent
'0100000000,'1011111010,'0100000000,'0100000000,Idempotent
'0010000000,'1011111010,'0010000000,'0010000000,Idempotent
'0001000000,'1011111010,'0001000000,'0001000000,Idempotent
'0000100000,'1011111010,'0000100000,'0000100000,Idempotent
'1000000000,'1011111010,'0000010000,'0000000000,Regular Zero Divisor
'0001000000,'1011111010,'0000010000,'0000000000,Regular Zero Divisor
'0000100000,'1011111010,'0000010000,'0000000000,Regular Zero Divisor
'0000010000,'1011111010,'0000010000,'0000000000,Nilpotent
'0000000010,'1011111010,'0000010000,'0000000000,Regular Zero Divisor
'0000000001,'1011111010,'0000010000,'0000000000,Regular Zero Divisor
'1000000000,'1011111010,'0000001000,'0000000000,Regular Zero Divisor
'0001000000,'1011111010,'0000001000,'0000000000,Regular Zero Divisor
'0000100000,'1011111010,'0000001000,'0000000000,Regular Zero Divisor
'0000010000,'1011111010,'0000001000,'0000000000,Regular Zero Divisor
'0000001000,'1011111010,'0000001000,'0000001000,Idempotent
'0000000010,'1011111010,'0000001000,'0000000000,Regular Zero Divisor
'0000000001,'1011111010,'0000001000,'0000000000,Regular Zero Divisor
'1000000000,'1011111010,'0000000100,'0000000000,Regular Zero Divisor
'0001000000,'1011111010,'0000000100,'0000000000,Regular Zero Divisor
'0000100000,'1011111010,'0000000100,'0000000000,Regular Zero Divisor
'0000010000,'1011111010,'0000000100,'0000000000,Regular Zero Divisor
'0000000100,'1011111010,'0000000100,'0000000100,Idempotent
'0000000010,'1011111010,'0000000100,'0000000000,Regular Zero Divisor
'0000000001,'1011111010,'0000000100,'0000000000,Regular Zero Divisor
'1000000000,'1011111010,'0000000010,'0000000000,Regular Zero Divisor
'0001000000,'1011111010,'0000000010,'0000000000,Regular Zero Divisor
'0000100000,'1011111010,'0000000010,'0000000000,Regular Zero Divisor
'0000010000,'1011111010,'0000000010,'0000000000,Regular Zero Divisor
'0000000010,'1011111010,'0000000010,'0000000000,Nilpotent
'0000000001,'1011111010,'0000000010,'0000000000,Regular Zero Divisor
'1000000000,'1011111010,'0000000001,'0000000000,Regular Zero Divisor
'0001000000,'1011111010,'0000000001,'0000000000,Regular Zero Divisor
'0000100000,'1011111010,'0000000001,'0000000000,Regular Zero Divisor
'0000010000,'1011111010,'0000000001,'0000000000,Regular Zero Divisor
'0000000010,'1011111010,'0000000001,'0000000000,Regular Zero Divisor
'0000000001,'1011111010,'0000000001,'0000000000,Nilpotent
'1000000000,'0111111010,'1000000000,'0000000000,Nilpotent
'0000010000,'0111111010,'1000000000,'0000000000,Regular Zero Divisor
'1000000000,'0111111010,'0100000000,'0000000000,Regular Zero Divisor
'0100000000,'0111111010,'0100000000,'0100000000,Idempotent
'0000010000,'0111111010,'0100000000,'0000000000,Regular Zero Divisor
'1000000000,'0111111010,'0010000000,'0000000000,Regular Zero Divisor
'0010000000,'0111111010,'0010000000,'0010000000,Idempotent
'0000010000,'0111111010,'0010000000,'0000000000,Regular Zero Divisor
'1000000000,'0111111010,'0001000000,'0000000000,Regular Zero Divisor
'0001000000,'0111111010,'0001000000,'0001000000,Idempotent
'0000010000,'0111111010,'0001000000,'0000000000,Regular Zero Divisor
'1000000000,'0111111010,'0000100000,'0000000000,Regular Zero Divisor
'0000100000,'0111111010,'0000100000,'0000100000,Idempotent
'0000010000,'0111111010,'0000100000,'0000000000,Regular Zero Divisor
'0001000000,'0111111010,'0000010000,'0000000000,Regular Zero Divisor
'0000100000,'0111111010,'0000010000,'0000000000,Regular Zero Divisor
'0000010000,'0111111010,'0000010000,'0000010000,Idempotent
'0000000010,'0111111010,'0000010000,'0000000000,Regular Zero Divisor
'0000000001,'0111111010,'0000010000,'0000000000,Regular Zero Divisor
'0001000000,'0111111010,'0000001000,'0000000000,Regular Zero Divisor
'0000100000,'0111111010,'0000001000,'0000000000,Regular Zero Divisor
'0000001000,'0111111010,'0000001000,'0000001000,Idempotent
'0000000010,'0111111010,'0000001000,'0000000000,Regular Zero Divisor
'0000000001,'0111111010,'0000001000,'0000000000,Regular Zero Divisor
'0001000000,'0111111010,'0000000100,'0000000000,Regular Zero Divisor
'0000100000,'0111111010,'0000000100,'0000000000,Regular Zero Divisor
'0000000100,'0111111010,'0000000100,'0000000100,Idempotent
'0000000010,'0111111010,'0000000100,'0000000000,Regular Zero Divisor
'0000000001,'0111111010,'0000000100,'0000000000,Regular Zero Divisor
'0001000000,'0111111010,'0000000010,'0000000000,Regular Zero Divisor
'0000100000,'0111111010,'0000000010,'0000000000,Regular Zero Divisor
'0000000010,'0111111010,'0000000010,'0000000000,Nilpotent
'0000000001,'0111111010,'0000000010,'0000000000,Regular Zero Divisor
'0001000000,'0111111010,'0000000001,'0000000000,Regular Zero Divisor
'0000100000,'0111111010,'0000000001,'0000000000,Regular Zero Divisor
'0000000010,'0111111010,'0000000001,'0000000000,Regular Zero Divisor
'0000000001,'0111111010,'0000000001,'0000000000,Nilpotent
'1000000000,'1111111010,'1000000000,'1000000000,Idempotent
'0100000000,'1111111010,'0100000000,'0100000000,Idempotent
'0010000000,'1111111010,'0010000000,'0010000000,Idempotent
'0001000000,'1111111010,'0001000000,'0001000000,Idempotent
'0000100000,'1111111010,'0000100000,'0000100000,Idempotent
'0001000000,'1111111010,'0000010000,'0000000000,Regular Zero Divisor
'0000100000,'1111111010,'0000010000,'0000000000,Regular Zero Divisor
'0000010000,'1111111010,'0000010000,'0000010000,Idempotent
'0000000010,'1111111010,'0000010000,'0000000000,Regular Zero Divisor
'0000000001,'1111111010,'0000010000,'0000000000,Regular Zero Divisor
'0001000000,'1111111010,'0000001000,'0000000000,Regular Zero Divisor
'0000100000,'1111111010,'0000001000,'0000000000,Regular Zero Divisor
'0000001000,'1111111010,'0000001000,'0000001000,Idempotent
'0000000010,'1111111010,'0000001000,'0000000000,Regular Zero Divisor
'0000000001,'1111111010,'0000001000,'0000000000,Regular Zero Divisor
'0001000000,'1111111010,'0000000100,'0000000000,Regular Zero Divisor
'0000100000,'1111111010,'0000000100,'0000000000,Regular Zero Divisor
'0000000100,'1111111010,'0000000100,'0000000100,Idempotent
'0000000010,'1111111010,'0000000100,'0000000000,Regular Zero Divisor
'0000000001,'1111111010,'0000000100,'0000000000,Regular Zero Divisor
'0001000000,'1111111010,'0000000010,'0000000000,Regular Zero Divisor
'0000100000,'1111111010,'0000000010,'0000000000,Regular Zero Divisor
'0000000010,'1111111010,'0000000010,'0000000000,Nilpotent
'0000000001,'1111111010,'0000000010,'0000000000,Regular Zero Divisor
'0001000000,'1111111010,'0000000001,'0000000000,Regular Zero Divisor
'0000100000,'1111111010,'0000000001,'0000000000,Regular Zero Divisor
'0000000010,'1111111010,'0000000001,'0000000000,Regular Zero Divisor
'0000000001,'1111111010,'0000000001,'0000000000,Nilpotent
'1000000000,'1010100110,'1000000000,'1000000000,Idempotent
'0001000000,'1010100110,'1000000000,'0000000000,Regular Zero Divisor
'0000000010,'1010100110,'1000000000,'0000000000,Regular Zero Divisor
'0100000000,'1010100110,'0100000000,'0100000000,Idempotent
'0001000000,'1010100110,'0100000000,'0000000000,Regular Zero Divisor
'0000000010,'1010100110,'0100000000,'0000000000,Regular Zero Divisor
'0010000000,'1010100110,'0010000000,'0010000000,Idempotent
'0001000000,'1010100110,'0010000000,'0000000000,Regular Zero Divisor
'0000000010,'1010100110,'0010000000,'0000000000,Regular Zero Divisor
'0001000000,'1010100110,'0001000000,'0000000000,Nilpotent
'0000000010,'1010100110,'0001000000,'0000000000,Regular Zero Divisor
'0001000000,'1010100110,'0000100000,'0000000000,Regular Zero Divisor
'0000100000,'1010100110,'0000100000,'0000100000,Idempotent
'0000000010,'1010100110,'0000100000,'0000000000,Regular Zero Divisor
'1000000000,'1010100110,'0000010000,'0000000000,Regular Zero Divisor
'0100000000,'1010100110,'0000010000,'0000000000,Regular Zero Divisor
'0010000000,'1010100110,'0000010000,'0000000000,Regular Zero Divisor
'0000100000,'1010100110,'0000010000,'0000000000,Regular Zero Divisor
'0000010000,'1010100110,'0000010000,'0000000000,Nilpotent
'0000001000,'1010100110,'0000010000,'0000000000,Regular Zero Divisor
'0000000100,'1010100110,'0000010000,'0000000000,Regular Zero Divisor
'0000000001,'1010100110,'0000010000,'0000000000,Regular Zero Divisor
'1000000000,'1010100110,'0000001000,'0000000000,Regular Zero Divisor
'0100000000,'1010100110,'0000001000,'0000000000,Regular Zero Divisor
'0010000000,'1010100110,'0000001000,'0000000000,Regular Zero Divisor
'0000100000,'1010100110,'0000001000,'0000000000,Regular Zero Divisor
'0000010000,'1010100110,'0000001000,'0000000000,Regular Zero Divisor
'0000001000,'1010100110,'0000001000,'0000000000,Nilpotent
'0000000100,'1010100110,'0000001000,'0000000000,Regular Zero Divisor
'0000000001,'1010100110,'0000001000,'0000000000,Regular Zero Divisor
'1000000000,'1010100110,'0000000100,'0000000000,Regular Zero Divisor
'0100000000,'1010100110,'0000000100,'0000000000,Regular Zero Divisor
'0010000000,'1010100110,'0000000100,'0000000000,Regular Zero Divisor
'0000100000,'1010100110,'0000000100,'0000000000,Regular Zero Divisor
'0000010000,'1010100110,'0000000100,'0000000000,Regular Zero Divisor
'0000001000,'1010100110,'0000000100,'0000000000,Regular Zero Divisor
'0000000100,'1010100110,'0000000100,'0000000000,Nilpotent
'0000000001,'1010100110,'0000000100,'0000000000,Regular Zero Divisor
'1000000000,'1010100110,'0000000010,'0000000000,Regular Zero Divisor
'0100000000,'1010100110,'0000000010,'0000000000,Regular Zero Divisor
'0010000000,'1010100110,'0000000010,'0000000000,Regular Zero Divisor
'0000100000,'1010100110,'0000000010,'0000000000,Regular Zero Divisor
'0000010000,'1010100110,'0000000010,'0000000000,Regular Zero Divisor
'0000001000,'1010100110,'0000000010,'0000000000,Regular Zero Divisor
'0000000100,'1010100110,'0000000010,'0000000000,Regular Zero Divisor
'0000000010,'1010100110,'0000000010,'0000000010,Idempotent
'0000000001,'1010100110,'0000000010,'0000000000,Regular Zero Divisor
'1000000000,'1010100110,'0000000001,'0000000000,Regular Zero Divisor
'0100000000,'1010100110,'0000000001,'0000000000,Regular Zero Divisor
'0010000000,'1010100110,'0000000001,'0000000000,Regular Zero Divisor
'0000100000,'1010100110,'0000000001,'0000000000,Regular Zero Divisor
'0000010000,'1010100110,'0000000001,'0000000000,Regular Zero Divisor
'0000001000,'1010100110,'0000000001,'0000000000,Regular Zero Divisor
'0000000100,'1010100110,'0000000001,'0000000000,Regular Zero Divisor
'0000000001,'1010100110,'0000000001,'0000000000,Nilpotent
'1000000000,'0110100110,'1000000000,'0000000000,Nilpotent
'0001000000,'0110100110,'1000000000,'0000000000,Regular Zero Divisor
'0000010000,'0110100110,'1000000000,'0000000000,Regular Zero Divisor
'0000000010,'0110100110,'1000000000,'0000000000,Regular Zero Divisor
'1000000000,'0110100110,'0100000000,'0000000000,Regular Zero Divisor
'0100000000,'0110100110,'0100000000,'0100000000,Idempotent
'0001000000,'0110100110,'0100000000,'0000000000,Regular Zero Divisor
'0000010000,'0110100110,'0100000000,'0000000000,Regular Zero Divisor
'0000000010,'0110100110,'0100000000,'0000000000,Regular Zero Divisor
'1000000000,'0110100110,'0010000000,'0000000000,Regular Zero Divisor
'0010000000,'0110100110,'0010000000,'0010000000,Idempotent
'0001000000,'0110100110,'0010000000,'0000000000,Regular Zero Divisor
'0000010000,'0110100110,'0010000000,'0000000000,Regular Zero Divisor
'0000000010,'0110100110,'0010000000,'0000000000,Regular Zero Divisor
'1000000000,'0110100110,'0001000000,'0000000000,Regular Zero Divisor
'0001000000,'0110100110,'0001000000,'0000000000,Nilpotent
'0000010000,'0110100110,'0001000000,'0000000000,Regular Zero Divisor
'0000000010,'0110100110,'0001000000,'0000000000,Regular Zero Divisor
'1000000000,'0110100110,'0000100000,'0000000000,Regular Zero Divisor
'0001000000,'0110100110,'0000100000,'0000000000,Regular Zero Divisor
'0000100000,'0110100110,'0000100000,'0000100000,Idempotent
'0000010000,'0110100110,'0000100000,'0000000000,Regular Zero Divisor
'0000000010,'0110100110,'0000100000,'0000000000,Regular Zero Divisor
'0100000000,'0110100110,'0000010000,'0000000000,Regular Zero Divisor
'0010000000,'0110100110,'0000010000,'0000000000,Regular Zero Divisor
'0000100000,'0110100110,'0000010000,'0000000000,Regular Zero Divisor
'0000010000,'0110100110,'0000010000,'0000010000,Idempotent
'0000001000,'0110100110,'0000010000,'0000000000,Regular Zero Divisor
'0000000100,'0110100110,'0000010000,'0000000000,Regular Zero Divisor
'0000000001,'0110100110,'0000010000,'0000000000,Regular Zero Divisor
'0100000000,'0110100110,'0000001000,'0000000000,Regular Zero Divisor
'0010000000,'0110100110,'0000001000,'0000000000,Regular Zero Divisor
'0000100000,'0110100110,'0000001000,'0000000000,Regular Zero Divisor
'0000001000,'0110100110,'0000001000,'0000000000,Nilpotent
'0000000100,'0110100110,'0000001000,'0000000000,Regular Zero Divisor
'0000000001,'0110100110,'0000001000,'0000000000,Regular Zero Divisor
'0100000000,'0110100110,'0000000100,'0000000000,Regular Zero Divisor
'0010000000,'0110100110,'0000000100,'0000000000,Regular Zero Divisor
'0000100000,'0110100110,'0000000100,'0000000000,Regular Zero Divisor
'0000001000,'0110100110,'0000000100,'0000000000,Regular Zero Divisor
'0000000100,'0110100110,'0000000100,'0000000000,Nilpotent
'0000000001,'0110100110,'0000000100,'0000000000,Regular Zero Divisor
'0100000000,'0110100110,'0000000010,'0000000000,Regular Zero Divisor
'0010000000,'0110100110,'0000000010,'0000000000,Regular Zero Divisor
'0000100000,'0110100110,'0000000010,'0000000000,Regular Zero Divisor
'0000001000,'0110100110,'0000000010,'0000000000,Regular Zero Divisor
'0000000100,'0110100110,'0000000010,'0000000000,Regular Zero Divisor
'0000000010,'0110100110,'0000000010,'0000000010,Idempotent
'0000000001,'0110100110,'0000000010,'0000000000,Regular Zero Divisor
'0100000000,'0110100110,'0000000001,'0000000000,Regular Zero Divisor
'0010000000,'0110100110,'0000000001,'0000000000,Regular Zero Divisor
'0000100000,'0110100110,'0000000001,'0000000000,Regular Zero Divisor
'0000001000,'0110100110,'0000000001,'0000000000,Regular Zero Divisor
'0000000100,'0110100110,'0000000001,'0000000000,Regular Zero Divisor
'0000000001,'0110100110,'0000000001,'0000000000,Nilpotent
'1000000000,'1110100110,'1000000000,'1000000000,Idempotent
'0001000000,'1110100110,'1000000000,'0000000000,Regular Zero Divisor
'0000000010,'1110100110,'1000000000,'0000000000,Regular Zero Divisor
'0100000000,'1110100110,'0100000000,'0100000000,Idempotent
'0001000000,'1110100110,'0100000000,'0000000000,Regular Zero Divisor
'0000000010,'1110100110,'0100000000,'0000000000,Regular Zero Divisor
'0010000000,'1110100110,'0010000000,'0010000000,Idempotent
'0001000000,'1110100110,'0010000000,'0000000000,Regular Zero Divisor
'0000000010,'1110100110,'0010000000,'0000000000,Regular Zero Divisor
'0001000000,'1110100110,'0001000000,'0000000000,Nilpotent
'0000000010,'1110100110,'0001000000,'0000000000,Regular Zero Divisor
'0001000000,'1110100110,'0000100000,'0000000000,Regular Zero Divisor
'0000100000,'1110100110,'0000100000,'0000100000,Idempotent
'0000000010,'1110100110,'0000100000,'0000000000,Regular Zero Divisor
'0100000000,'1110100110,'0000010000,'0000000000,Regular Zero Divisor
'0010000000,'1110100110,'0000010000,'0000000000,Regular Zero Divisor
'0000100000,'1110100110,'0000010000,'0000000000,Regular Zero Divisor
'0000010000,'1110100110,'0000010000,'0000010000,Idempotent
'0000001000,'1110100110,'0000010000,'0000000000,Regular Zero Divisor
'0000000100,'1110100110,'0000010000,'0000000000,Regular Zero Divisor
'0000000001,'1110100110,'0000010000,'0000000000,Regular Zero Divisor
'0100000000,'1110100110,'0000001000,'0000000000,Regular Zero Divisor
'0010000000,'1110100110,'0000001000,'0000000000,Regular Zero Divisor
'0000100000,'1110100110,'0000001000,'0000000000,Regular Zero Divisor
'0000001000,'1110100110,'0000001000,'0000000000,Nilpotent
'0000000100,'1110100110,'0000001000,'0000000000,Regular Zero Divisor
'0000000001,'1110100110,'0000001000,'0000000000,Regular Zero Divisor
'0100000000,'1110100110,'0000000100,'0000000000,Regular Zero Divisor
'0010000000,'1110100110,'0000000100,'0000000000,Regular Zero Divisor
'0000100000,'1110100110,'0000000100,'0000000000,Regular Zero Divisor
'0000001000,'1110100110,'0000000100,'0000000000,Regular Zero Divisor
'0000000100,'1110100110,'0000000100,'0000000000,Nilpotent
'0000000001,'1110100110,'0000000100,'0000000000,Regular Zero Divisor
'0100000000,'1110100110,'0000000010,'0000000000,Regular Zero Divisor
'0010000000,'1110100110,'0000000010,'0000000000,Regular Zero Divisor
'0000100000,'1110100110,'0000000010,'0000000000,Regular Zero Divisor
'0000001000,'1110100110,'0000000010,'0000000000,Regular Zero Divisor
'0000000100,'1110100110,'0000000010,'0000000000,Regular Zero Divisor
'0000000010,'1110100110,'0000000010,'0000000010,Idempotent
'0000000001,'1110100110,'0000000010,'0000000000,Regular Zero Divisor
'0100000000,'1110100110,'0000000001,'0000000000,Regular Zero Divisor
'0010000000,'1110100110,'0000000001,'0000000000,Regular Zero Divisor
'0000100000,'1110100110,'0000000001,'0000000000,Regular Zero Divisor
'0000001000,'1110100110,'0000000001,'0000000000,Regular Zero Divisor
'0000000100,'1110100110,'0000000001,'0000000000,Regular Zero Divisor
'0000000001,'1110100110,'0000000001,'0000000000,Nilpotent
'1000000000,'1001100110,'1000000000,'1000000000,Idempotent
'0100000000,'1001100110,'1000000000,'0000000000,Regular Zero Divisor
'0001000000,'1001100110,'1000000000,'0000000000,Regular Zero Divisor
'0000001000,'1001100110,'1000000000,'0000000000,Regular Zero Divisor
'0000000010,'1001100110,'1000000000,'0000000000,Regular Zero Divisor
'0100000000,'1001100110,'0100000000,'0000000000,Nilpotent
'0001000000,'1001100110,'0100000000,'0000000000,Regular Zero Divisor
'0000001000,'1001100110,'0100000000,'0000000000,Regular Zero Divisor
'0000000010,'1001100110,'0100000000,'0000000000,Regular Zero Divisor
'0100000000,'1001100110,'0010000000,'0000000000,Regular Zero Divisor
'0010000000,'1001100110,'0010000000,'0010000000,Idempotent
'0001000000,'1001100110,'0010000000,'0000000000,Regular Zero Divisor
'0000001000,'1001100110,'0010000000,'0000000000,Regular Zero Divisor
'0000000010,'1001100110,'0010000000,'0000000000,Regular Zero Divisor
'0100000000,'1001100110,'0001000000,'0000000000,Regular Zero Divisor
'0001000000,'1001100110,'0001000000,'0000000000,Nilpotent
'0000001000,'1001100110,'0001000000,'0000000000,Regular Zero Divisor
'0000000010,'1001100110,'0001000000,'0000000000,Regular Zero Divisor
'0100000000,'1001100110,'0000100000,'0000000000,Regular Zero Divisor
'0001000000,'1001100110,'0000100000,'0000000000,Regular Zero Divisor
'0000100000,'1001100110,'0000100000,'0000100000,Idempotent
'0000001000,'1001100110,'0000100000,'0000000000,Regular Zero Divisor
'0000000010,'1001100110,'0000100000,'0000000000,Regular Zero Divisor
'1000000000,'1001100110,'0000010000,'0000000000,Regular Zero Divisor
'0010000000,'1001100110,'0000010000,'0000000000,Regular Zero Divisor
'0000100000,'1001100110,'0000010000,'0000000000,Regular Zero Divisor
'0000010000,'1001100110,'0000010000,'0000000000,Nilpotent
'0000000100,'1001100110,'0000010000,'0000000000,Regular Zero Divisor
'0000000001,'1001100110,'0000010000,'0000000000,Regular Zero Divisor
'1000000000,'1001100110,'0000001000,'0000000000,Regular Zero Divisor
'0010000000,'1001100110,'0000001000,'0000000000,Regular Zero Divisor
'0000100000,'1001100110,'0000001000,'0000000000,Regular Zero Divisor
'0000010000,'1001100110,'0000001000,'0000000000,Regular Zero Divisor
'0000001000,'1001100110,'0000001000,'0000001000,Idempotent
'0000000100,'1001100110,'0000001000,'0000000000,Regular Zero Divisor
'0000000001,'1001100110,'0000001000,'0000000000,Regular Zero Divisor
'1000000000,'1001100110,'0000000100,'0000000000,Regular Zero Divisor
'0010000000,'1001100110,'0000000100,'0000000000,Regular Zero Divisor
'0000100000,'1001100110,'0000000100,'0000000000,Regular Zero Divisor
'0000010000,'1001100110,'0000000100,'0000000000,Regular Zero Divisor
'0000000100,'1001100110,'0000000100,'0000000000,Nilpotent
'0000000001,'1001100110,'0000000100,'0000000000,Regular Zero Divisor
'1000000000,'1001100110,'0000000010,'0000000000,Regular Zero Divisor
'0010000000,'1001100110,'0000000010,'0000000000,Regular Zero Divisor
'0000100000,'1001100110,'0000000010,'0000000000,Regular Zero Divisor
'0000010000,'1001100110,'0000000010,'0000000000,Regular Zero Divisor
'0000000100,'1001100110,'0000000010,'0000000000,Regular Zero Divisor
'0000000010,'1001100110,'0000000010,'0000000010,Idempotent
'0000000001,'1001100110,'0000000010,'0000000000,Regular Zero Divisor
'1000000000,'1001100110,'0000000001,'0000000000,Regular Zero Divisor
'0010000000,'1001100110,'0000000001,'0000000000,Regular Zero Divisor
'0000100000,'1001100110,'0000000001,'0000000000,Regular Zero Divisor
'0000010000,'1001100110,'0000000001,'0000000000,Regular Zero Divisor
'0000000100,'1001100110,'0000000001,'0000000000,Regular Zero Divisor
'0000000001,'1001100110,'0000000001,'0000000000,Nilpotent
'1000000000,'0101100110,'1000000000,'0000000000,Nilpotent
'0100000000,'0101100110,'1000000000,'0000000000,Regular Zero Divisor
'0001000000,'0101100110,'1000000000,'0000000000,Regular Zero Divisor
'0000010000,'0101100110,'1000000000,'0000000000,Regular Zero Divisor
'0000001000,'0101100110,'1000000000,'0000000000,Regular Zero Divisor
'0000000010,'0101100110,'1000000000,'0000000000,Regular Zero Divisor
'1000000000,'0101100110,'0100000000,'0000000000,Regular Zero Divisor
'0100000000,'0101100110,'0100000000,'0000000000,Nilpotent
'0001000000,'0101100110,'0100000000,'0000000000,Regular Zero Divisor
'0000010000,'0101100110,'0100000000,'0000000000,Regular Zero Divisor
'0000001000,'0101100110,'0100000000,'0000000000,Regular Zero Divisor
'0000000010,'0101100110,'0100000000,'0000000000,Regular Zero Divisor
'1000000000,'0101100110,'0010000000,'0000000000,Regular Zero Divisor
'0100000000,'0101100110,'0010000000,'0000000000,Regular Zero Divisor
'0010000000,'0101100110,'0010000000,'0010000000,Idempotent
'0001000000,'0101100110,'0010000000,'0000000000,Regular Zero Divisor
'0000010000,'0101100110,'0010000000,'0000000000,Regular Zero Divisor
'0000001000,'0101100110,'0010000000,'0000000000,Regular Zero Divisor
'0000000010,'0101100110,'0010000000,'0000000000,Regular Zero Divisor
'1000000000,'0101100110,'0001000000,'0000000000,Regular Zero Divisor
'0100000000,'0101100110,'0001000000,'0000000000,Regular Zero Divisor
'0001000000,'0101100110,'0001000000,'0000000000,Nilpotent
'0000010000,'0101100110,'0001000000,'0000000000,Regular Zero Divisor
'0000001000,'0101100110,'0001000000,'0000000000,Regular Zero Divisor
'0000000010,'0101100110,'0001000000,'0000000000,Regular Zero Divisor
'1000000000,'0101100110,'0000100000,'0000000000,Regular Zero Divisor
'0100000000,'0101100110,'0000100000,'0000000000,Regular Zero Divisor
'0001000000,'0101100110,'0000100000,'0000000000,Regular Zero Divisor
'0000100000,'0101100110,'0000100000,'0000100000,Idempotent
'0000010000,'0101100110,'0000100000,'0000000000,Regular Zero Divisor
'0000001000,'0101100110,'0000100000,'0000000000,Regular Zero Divisor
'0000000010,'0101100110,'0000100000,'0000000000,Regular Zero Divisor
'0010000000,'0101100110,'0000010000,'0000000000,Regular Zero Divisor
'0000100000,'0101100110,'0000010000,'0000000000,Regular Zero Divisor
'0000010000,'0101100110,'0000010000,'0000010000,Idempotent
'0000000100,'0101100110,'0000010000,'0000000000,Regular Zero Divisor
'0000000001,'0101100110,'0000010000,'0000000000,Regular Zero Divisor
'0010000000,'0101100110,'0000001000,'0000000000,Regular Zero Divisor
'0000100000,'0101100110,'0000001000,'0000000000,Regular Zero Divisor
'0000001000,'0101100110,'0000001000,'0000001000,Idempotent
'0000000100,'0101100110,'0000001000,'0000000000,Regular Zero Divisor
'0000000001,'0101100110,'0000001000,'0000000000,Regular Zero Divisor
'0010000000,'0101100110,'0000000100,'0000000000,Regular Zero Divisor
'0000100000,'0101100110,'0000000100,'0000000000,Regular Zero Divisor
'0000000100,'0101100110,'0000000100,'0000000000,Nilpotent
'0000000001,'0101100110,'0000000100,'0000000000,Regular Zero Divisor
'0010000000,'0101100110,'0000000010,'0000000000,Regular Zero Divisor
'0000100000,'0101100110,'0000000010,'0000000000,Regular Zero Divisor
'0000000100,'0101100110,'0000000010,'0000000000,Regular Zero Divisor
'0000000010,'0101100110,'0000000010,'0000000010,Idempotent
'0000000001,'0101100110,'0000000010,'0000000000,Regular Zero Divisor
'0010000000,'0101100110,'0000000001,'0000000000,Regular Zero Divisor
'0000100000,'0101100110,'0000000001,'0000000000,Regular Zero Divisor
'0000000100,'0101100110,'0000000001,'0000000000,Regular Zero Divisor
'0000000001,'0101100110,'0000000001,'0000000000,Nilpotent
'1000000000,'1101100110,'1000000000,'1000000000,Idempotent
'0100000000,'1101100110,'1000000000,'0000000000,Regular Zero Divisor
'0001000000,'1101100110,'1000000000,'0000000000,Regular Zero Divisor
'0000001000,'1101100110,'1000000000,'0000000000,Regular Zero Divisor
'0000000010,'1101100110,'1000000000,'0000000000,Regular Zero Divisor
'0100000000,'1101100110,'0100000000,'0000000000,Nilpotent
'0001000000,'1101100110,'0100000000,'0000000000,Regular Zero Divisor
'0000001000,'1101100110,'0100000000,'0000000000,Regular Zero Divisor
'0000000010,'1101100110,'0100000000,'0000000000,Regular Zero Divisor
'0100000000,'1101100110,'0010000000,'0000000000,Regular Zero Divisor
'0010000000,'1101100110,'0010000000,'0010000000,Idempotent
'0001000000,'1101100110,'0010000000,'0000000000,Regular Zero Divisor
'0000001000,'1101100110,'0010000000,'0000000000,Regular Zero Divisor
'0000000010,'1101100110,'0010000000,'0000000000,Regular Zero Divisor
'0100000000,'1101100110,'0001000000,'0000000000,Regular Zero Divisor
'0001000000,'1101100110,'0001000000,'0000000000,Nilpotent
'0000001000,'1101100110,'0001000000,'0000000000,Regular Zero Divisor
'0000000010,'1101100110,'0001000000,'0000000000,Regular Zero Divisor
'0100000000,'1101100110,'0000100000,'0000000000,Regular Zero Divisor
'0001000000,'1101100110,'0000100000,'0000000000,Regular Zero Divisor
'0000100000,'1101100110,'0000100000,'0000100000,Idempotent
'0000001000,'1101100110,'0000100000,'0000000000,Regular Zero Divisor
'0000000010,'1101100110,'0000100000,'0000000000,Regular Zero Divisor
'0010000000,'1101100110,'0000010000,'0000000000,Regular Zero Divisor
'0000100000,'1101100110,'0000010000,'0000000000,Regular Zero Divisor
'0000010000,'1101100110,'0000010000,'0000010000,Idempotent
'0000000100,'1101100110,'0000010000,'0000000000,Regular Zero Divisor
'0000000001,'1101100110,'0000010000,'0000000000,Regular Zero Divisor
'0010000000,'1101100110,'0000001000,'0000000000,Regular Zero Divisor
'0000100000,'1101100110,'0000001000,'0000000000,Regular Zero Divisor
'0000001000,'1101100110,'0000001000,'0000001000,Idempotent
'0000000100,'1101100110,'0000001000,'0000000000,Regular Zero Divisor
'0000000001,'1101100110,'0000001000,'0000000000,Regular Zero Divisor
'0010000000,'1101100110,'0000000100,'0000000000,Regular Zero Divisor
'0000100000,'1101100110,'0000000100,'0000000000,Regular Zero Divisor
'0000000100,'1101100110,'0000000100,'0000000000,Nilpotent
'0000000001,'1101100110,'0000000100,'0000000000,Regular Zero Divisor
'0010000000,'1101100110,'0000000010,'0000000000,Regular Zero Divisor
'0000100000,'1101100110,'0000000010,'0000000000,Regular Zero Divisor
'0000000100,'1101100110,'0000000010,'0000000000,Regular Zero Divisor
'0000000010,'1101100110,'0000000010,'0000000010,Idempotent
'0000000001,'1101100110,'0000000010,'0000000000,Regular Zero Divisor
'0010000000,'1101100110,'0000000001,'0000000000,Regular Zero Divisor
'0000100000,'1101100110,'0000000001,'0000000000,Regular Zero Divisor
'0000000100,'1101100110,'0000000001,'0000000000,Regular Zero Divisor
'0000000001,'1101100110,'0000000001,'0000000000,Nilpotent
'1000000000,'1011100110,'1000000000,'1000000000,Idempotent
'0001000000,'1011100110,'1000000000,'0000000000,Regular Zero Divisor
'0000000010,'1011100110,'1000000000,'0000000000,Regular Zero Divisor
'0100000000,'1011100110,'0100000000,'0100000000,Idempotent
'0001000000,'1011100110,'0100000000,'0000000000,Regular Zero Divisor
'0000000010,'1011100110,'0100000000,'0000000000,Regular Zero Divisor
'0010000000,'1011100110,'0010000000,'0010000000,Idempotent
'0001000000,'1011100110,'0010000000,'0000000000,Regular Zero Divisor
'0000000010,'1011100110,'0010000000,'0000000000,Regular Zero Divisor
'0001000000,'1011100110,'0001000000,'0000000000,Nilpotent
'0000000010,'1011100110,'0001000000,'0000000000,Regular Zero Divisor
'0001000000,'1011100110,'0000100000,'0000000000,Regular Zero Divisor
'0000100000,'1011100110,'0000100000,'0000100000,Idempotent
'0000000010,'1011100110,'0000100000,'0000000000,Regular Zero Divisor
'1000000000,'1011100110,'0000010000,'0000000000,Regular Zero Divisor
'0010000000,'1011100110,'0000010000,'0000000000,Regular Zero Divisor
'0000100000,'1011100110,'0000010000,'0000000000,Regular Zero Divisor
'0000010000,'1011100110,'0000010000,'0000000000,Nilpotent
'0000000100,'1011100110,'0000010000,'0000000000,Regular Zero Divisor
'0000000001,'1011100110,'0000010000,'0000000000,Regular Zero Divisor
'1000000000,'1011100110,'0000001000,'0000000000,Regular Zero Divisor
'0010000000,'1011100110,'0000001000,'0000000000,Regular Zero Divisor
'0000100000,'1011100110,'0000001000,'0000000000,Regular Zero Divisor
'0000010000,'1011100110,'0000001000,'0000000000,Regular Zero Divisor
'0000001000,'1011100110,'0000001000,'0000001000,Idempotent
'0000000100,'1011100110,'0000001000,'0000000000,Regular Zero Divisor
'0000000001,'1011100110,'0000001000,'0000000000,Regular Zero Divisor
'1000000000,'1011100110,'0000000100,'0000000000,Regular Zero Divisor
'0010000000,'1011100110,'0000000100,'0000000000,Regular Zero Divisor
'0000100000,'1011100110,'0000000100,'0000000000,Regular Zero Divisor
'0000010000,'1011100110,'0000000100,'0000000000,Regular Zero Divisor
'0000000100,'1011100110,'0000000100,'0000000000,Nilpotent
'0000000001,'1011100110,'0000000100,'0000000000,Regular Zero Divisor
'1000000000,'1011100110,'0000000010,'0000000000,Regular Zero Divisor
'0010000000,'1011100110,'0000000010,'0000000000,Regular Zero Divisor
'0000100000,'1011100110,'0000000010,'0000000000,Regular Zero Divisor
'0000010000,'1011100110,'0000000010,'0000000000,Regular Zero Divisor
'0000000100,'1011100110,'0000000010,'0000000000,Regular Zero Divisor
'0000000010,'1011100110,'0000000010,'0000000010,Idempotent
'0000000001,'1011100110,'0000000010,'0000000000,Regular Zero Divisor
'1000000000,'1011100110,'0000000001,'0000000000,Regular Zero Divisor
'0010000000,'1011100110,'0000000001,'0000000000,Regular Zero Divisor
'0000100000,'1011100110,'0000000001,'0000000000,Regular Zero Divisor
'0000010000,'1011100110,'0000000001,'0000000000,Regular Zero Divisor
'0000000100,'1011100110,'0000000001,'0000000000,Regular Zero Divisor
'0000000001,'1011100110,'0000000001,'0000000000,Nilpotent
'1000000000,'0111100110,'1000000000,'0000000000,Nilpotent
'0001000000,'0111100110,'1000000000,'0000000000,Regular Zero Divisor
'0000010000,'0111100110,'1000000000,'0000000000,Regular Zero Divisor
'0000000010,'0111100110,'1000000000,'0000000000,Regular Zero Divisor
'1000000000,'0111100110,'0100000000,'0000000000,Regular Zero Divisor
'0100000000,'0111100110,'0100000000,'0100000000,Idempotent
'0001000000,'0111100110,'0100000000,'0000000000,Regular Zero Divisor
'0000010000,'0111100110,'0100000000,'0000000000,Regular Zero Divisor
'0000000010,'0111100110,'0100000000,'0000000000,Regular Zero Divisor
'1000000000,'0111100110,'0010000000,'0000000000,Regular Zero Divisor
'0010000000,'0111100110,'0010000000,'0010000000,Idempotent
'0001000000,'0111100110,'0010000000,'0000000000,Regular Zero Divisor
'0000010000,'0111100110,'0010000000,'0000000000,Regular Zero Divisor
'0000000010,'0111100110,'0010000000,'0000000000,Regular Zero Divisor
'1000000000,'0111100110,'0001000000,'0000000000,Regular Zero Divisor
'0001000000,'0111100110,'0001000000,'0000000000,Nilpotent
'0000010000,'0111100110,'0001000000,'0000000000,Regular Zero Divisor
'0000000010,'0111100110,'0001000000,'0000000000,Regular Zero Divisor
'1000000000,'0111100110,'0000100000,'0000000000,Regular Zero Divisor
'0001000000,'0111100110,'0000100000,'0000000000,Regular Zero Divisor
'0000100000,'0111100110,'0000100000,'0000100000,Idempotent
'0000010000,'0111100110,'0000100000,'0000000000,Regular Zero Divisor
'0000000010,'0111100110,'0000100000,'0000000000,Regular Zero Divisor
'0010000000,'0111100110,'0000010000,'0000000000,Regular Zero Divisor
'0000100000,'0111100110,'0000010000,'0000000000,Regular Zero Divisor
'0000010000,'0111100110,'0000010000,'0000010000,Idempotent
'0000000100,'0111100110,'0000010000,'0000000000,Regular Zero Divisor
'0000000001,'0111100110,'0000010000,'0000000000,Regular Zero Divisor
'0010000000,'0111100110,'0000001000,'0000000000,Regular Zero Divisor
'0000100000,'0111100110,'0000001000,'0000000000,Regular Zero Divisor
'0000001000,'0111100110,'0000001000,'0000001000,Idempotent
'0000000100,'0111100110,'0000001000,'0000000000,Regular Zero Divisor
'0000000001,'0111100110,'0000001000,'0000000000,Regular Zero Divisor
'0010000000,'0111100110,'0000000100,'0000000000,Regular Zero Divisor
'0000100000,'0111100110,'0000000100,'0000000000,Regular Zero Divisor
'0000000100,'0111100110,'0000000100,'0000000000,Nilpotent
'0000000001,'0111100110,'0000000100,'0000000000,Regular Zero Divisor
'0010000000,'0111100110,'0000000010,'0000000000,Regular Zero Divisor
'0000100000,'0111100110,'0000000010,'0000000000,Regular Zero Divisor
'0000000100,'0111100110,'0000000010,'0000000000,Regular Zero Divisor
'0000000010,'0111100110,'0000000010,'0000000010,Idempotent
'0000000001,'0111100110,'0000000010,'0000000000,Regular Zero Divisor
'0010000000,'0111100110,'0000000001,'0000000000,Regular Zero Divisor
'0000100000,'0111100110,'0000000001,'0000000000,Regular Zero Divisor
'0000000100,'0111100110,'0000000001,'0000000000,Regular Zero Divisor
'0000000001,'0111100110,'0000000001,'0000000000,Nilpotent
'1000000000,'1111100110,'1000000000,'1000000000,Idempotent
'0001000000,'1111100110,'1000000000,'0000000000,Regular Zero Divisor
'0000000010,'1111100110,'1000000000,'0000000000,Regular Zero Divisor
'0100000000,'1111100110,'0100000000,'0100000000,Idempotent
'0001000000,'1111100110,'0100000000,'0000000000,Regular Zero Divisor
'0000000010,'1111100110,'0100000000,'0000000000,Regular Zero Divisor
'0010000000,'1111100110,'0010000000,'0010000000,Idempotent
'0001000000,'1111100110,'0010000000,'0000000000,Regular Zero Divisor
'0000000010,'1111100110,'0010000000,'0000000000,Regular Zero Divisor
'0001000000,'1111100110,'0001000000,'0000000000,Nilpotent
'0000000010,'1111100110,'0001000000,'0000000000,Regular Zero Divisor
'0001000000,'1111100110,'0000100000,'0000000000,Regular Zero Divisor
'0000100000,'1111100110,'0000100000,'0000100000,Idempotent
'0000000010,'1111100110,'0000100000,'0000000000,Regular Zero Divisor
'0010000000,'1111100110,'0000010000,'0000000000,Regular Zero Divisor
'0000100000,'1111100110,'0000010000,'0000000000,Regular Zero Divisor
'0000010000,'1111100110,'0000010000,'0000010000,Idempotent
'0000000100,'1111100110,'0000010000,'0000000000,Regular Zero Divisor
'0000000001,'1111100110,'0000010000,'0000000000,Regular Zero Divisor
'0010000000,'1111100110,'0000001000,'0000000000,Regular Zero Divisor
'0000100000,'1111100110,'0000001000,'0000000000,Regular Zero Divisor
'0000001000,'1111100110,'0000001000,'0000001000,Idempotent
'0000000100,'1111100110,'0000001000,'0000000000,Regular Zero Divisor
'0000000001,'1111100110,'0000001000,'0000000000,Regular Zero Divisor
'0010000000,'1111100110,'0000000100,'0000000000,Regular Zero Divisor
'0000100000,'1111100110,'0000000100,'0000000000,Regular Zero Divisor
'0000000100,'1111100110,'0000000100,'0000000000,Nilpotent
'0000000001,'1111100110,'0000000100,'0000000000,Regular Zero Divisor
'0010000000,'1111100110,'0000000010,'0000000000,Regular Zero Divisor
'0000100000,'1111100110,'0000000010,'0000000000,Regular Zero Divisor
'0000000100,'1111100110,'0000000010,'0000000000,Regular Zero Divisor
'0000000010,'1111100110,'0000000010,'0000000010,Idempotent
'0000000001,'1111100110,'0000000010,'0000000000,Regular Zero Divisor
'0010000000,'1111100110,'0000000001,'0000000000,Regular Zero Divisor
'0000100000,'1111100110,'0000000001,'0000000000,Regular Zero Divisor
'0000000100,'1111100110,'0000000001,'0000000000,Regular Zero Divisor
'0000000001,'1111100110,'0000000001,'0000000000,Nilpotent
'1000000000,'1010010110,'1000000000,'1000000000,Idempotent
'0010000000,'1010010110,'1000000000,'0000000000,Regular Zero Divisor
'0001000000,'1010010110,'1000000000,'0000000000,Regular Zero Divisor
'0000000100,'1010010110,'1000000000,'0000000000,Regular Zero Divisor
'0000000010,'1010010110,'1000000000,'0000000000,Regular Zero Divisor
'0100000000,'1010010110,'0100000000,'0100000000,Idempotent
'0010000000,'1010010110,'0100000000,'0000000000,Regular Zero Divisor
'0001000000,'1010010110,'0100000000,'0000000000,Regular Zero Divisor
'0000000100,'1010010110,'0100000000,'0000000000,Regular Zero Divisor
'0000000010,'1010010110,'0100000000,'0000000000,Regular Zero Divisor
'0010000000,'1010010110,'0010000000,'0000000000,Nilpotent
'0001000000,'1010010110,'0010000000,'0000000000,Regular Zero Divisor
'0000000100,'1010010110,'0010000000,'0000000000,Regular Zero Divisor
'0000000010,'1010010110,'0010000000,'0000000000,Regular Zero Divisor
'0010000000,'1010010110,'0001000000,'0000000000,Regular Zero Divisor
'0001000000,'1010010110,'0001000000,'0000000000,Nilpotent
'0000000100,'1010010110,'0001000000,'0000000000,Regular Zero Divisor
'0000000010,'1010010110,'0001000000,'0000000000,Regular Zero Divisor
'0010000000,'1010010110,'0000100000,'0000000000,Regular Zero Divisor
'0001000000,'1010010110,'0000100000,'0000000000,Regular Zero Divisor
'0000100000,'1010010110,'0000100000,'0000100000,Idempotent
'0000000100,'1010010110,'0000100000,'0000000000,Regular Zero Divisor
'0000000010,'1010010110,'0000100000,'0000000000,Regular Zero Divisor
'1000000000,'1010010110,'0000010000,'0000000000,Regular Zero Divisor
'0100000000,'1010010110,'0000010000,'0000000000,Regular Zero Divisor
'0000100000,'1010010110,'0000010000,'0000000000,Regular Zero Divisor
'0000010000,'1010010110,'0000010000,'0000000000,Nilpotent
'0000001000,'1010010110,'0000010000,'0000000000,Regular Zero Divisor
'0000000001,'1010010110,'0000010000,'0000000000,Regular Zero Divisor
'1000000000,'1010010110,'0000001000,'0000000000,Regular Zero Divisor
'0100000000,'1010010110,'0000001000,'0000000000,Regular Zero Divisor
'0000100000,'1010010110,'0000001000,'0000000000,Regular Zero Divisor
'0000010000,'1010010110,'0000001000,'0000000000,Regular Zero Divisor
'0000001000,'1010010110,'0000001000,'0000000000,Nilpotent
'0000000001,'1010010110,'0000001000,'0000000000,Regular Zero Divisor
'1000000000,'1010010110,'0000000100,'0000000000,Regular Zero Divisor
'0100000000,'1010010110,'0000000100,'0000000000,Regular Zero Divisor
'0000100000,'1010010110,'0000000100,'0000000000,Regular Zero Divisor
'0000010000,'1010010110,'0000000100,'0000000000,Regular Zero Divisor
'0000001000,'1010010110,'0000000100,'0000000000,Regular Zero Divisor
'0000000100,'1010010110,'0000000100,'0000000100,Idempotent
'0000000001,'1010010110,'0000000100,'0000000000,Regular Zero Divisor
'1000000000,'1010010110,'0000000010,'0000000000,Regular Zero Divisor
'0100000000,'1010010110,'0000000010,'0000000000,Regular Zero Divisor
'0000100000,'1010010110,'0000000010,'0000000000,Regular Zero Divisor
'0000010000,'1010010110,'0000000010,'0000000000,Regular Zero Divisor
'0000001000,'1010010110,'0000000010,'0000000000,Regular Zero Divisor
'0000000010,'1010010110,'0000000010,'0000000010,Idempotent
'0000000001,'1010010110,'0000000010,'0000000000,Regular Zero Divisor
'1000000000,'1010010110,'0000000001,'0000000000,Regular Zero Divisor
'0100000000,'1010010110,'0000000001,'0000000000,Regular Zero Divisor
'0000100000,'1010010110,'0000000001,'0000000000,Regular Zero Divisor
'0000010000,'1010010110,'0000000001,'0000000000,Regular Zero Divisor
'0000001000,'1010010110,'0000000001,'0000000000,Regular Zero Divisor
'0000000001,'1010010110,'0000000001,'0000000000,Nilpotent
'1000000000,'0110010110,'1000000000,'0000000000,Nilpotent
'0010000000,'0110010110,'1000000000,'0000000000,Regular Zero Divisor
'0001000000,'0110010110,'1000000000,'0000000000,Regular Zero Divisor
'0000010000,'0110010110,'1000000000,'0000000000,Regular Zero Divisor
'0000000100,'0110010110,'1000000000,'0000000000,Regular Zero Divisor
'0000000010,'0110010110,'1000000000,'0000000000,Regular Zero Divisor
'1000000000,'0110010110,'0100000000,'0000000000,Regular Zero Divisor
'0100000000,'0110010110,'0100000000,'0100000000,Idempotent
'0010000000,'0110010110,'0100000000,'0000000000,Regular Zero Divisor
'0001000000,'0110010110,'0100000000,'0000000000,Regular Zero Divisor
'0000010000,'0110010110,'0100000000,'0000000000,Regular Zero Divisor
'0000000100,'0110010110,'0100000000,'0000000000,Regular Zero Divisor
'0000000010,'0110010110,'0100000000,'0000000000,Regular Zero Divisor
'1000000000,'0110010110,'0010000000,'0000000000,Regular Zero Divisor
'0010000000,'0110010110,'0010000000,'0000000000,Nilpotent
'0001000000,'0110010110,'0010000000,'0000000000,Regular Zero Divisor
'0000010000,'0110010110,'0010000000,'0000000000,Regular Zero Divisor
'0000000100,'0110010110,'0010000000,'0000000000,Regular Zero Divisor
'0000000010,'0110010110,'0010000000,'0000000000,Regular Zero Divisor
'1000000000,'0110010110,'0001000000,'0000000000,Regular Zero Divisor
'0010000000,'0110010110,'0001000000,'0000000000,Regular Zero Divisor
'0001000000,'0110010110,'0001000000,'0000000000,Nilpotent
'0000010000,'0110010110,'0001000000,'0000000000,Regular Zero Divisor
'0000000100,'0110010110,'0001000000,'0000000000,Regular Zero Divisor
'0000000010,'0110010110,'0001000000,'0000000000,Regular Zero Divisor
'1000000000,'0110010110,'0000100000,'0000000000,Regular Zero Divisor
'0010000000,'0110010110,'0000100000,'0000000000,Regular Zero Divisor
'0001000000,'0110010110,'0000100000,'0000000000,Regular Zero Divisor
'0000100000,'0110010110,'0000100000,'0000100000,Idempotent
'0000010000,'0110010110,'0000100000,'0000000000,Regular Zero Divisor
'0000000100,'0110010110,'0000100000,'0000000000,Regular Zero Divisor
'0000000010,'0110010110,'0000100000,'0000000000,Regular Zero Divisor
'0100000000,'0110010110,'0000010000,'0000000000,Regular Zero Divisor
'0000100000,'0110010110,'0000010000,'0000000000,Regular Zero Divisor
'0000010000,'0110010110,'0000010000,'0000010000,Idempotent
'0000001000,'0110010110,'0000010000,'0000000000,Regular Zero Divisor
'0000000001,'0110010110,'0000010000,'0000000000,Regular Zero Divisor
'0100000000,'0110010110,'0000001000,'0000000000,Regular Zero Divisor
'0000100000,'0110010110,'0000001000,'0000000000,Regular Zero Divisor
'0000001000,'0110010110,'0000001000,'0000000000,Nilpotent
'0000000001,'0110010110,'0000001000,'0000000000,Regular Zero Divisor
'0100000000,'0110010110,'0000000100,'0000000000,Regular Zero Divisor
'0000100000,'0110010110,'0000000100,'0000000000,Regular Zero Divisor
'0000001000,'0110010110,'0000000100,'0000000000,Regular Zero Divisor
'0000000100,'0110010110,'0000000100,'0000000100,Idempotent
'0000000001,'0110010110,'0000000100,'0000000000,Regular Zero Divisor
'0100000000,'0110010110,'0000000010,'0000000000,Regular Zero Divisor
'0000100000,'0110010110,'0000000010,'0000000000,Regular Zero Divisor
'0000001000,'0110010110,'0000000010,'0000000000,Regular Zero Divisor
'0000000010,'0110010110,'0000000010,'0000000010,Idempotent
'0000000001,'0110010110,'0000000010,'0000000000,Regular Zero Divisor
'0100000000,'0110010110,'0000000001,'0000000000,Regular Zero Divisor
'0000100000,'0110010110,'0000000001,'0000000000,Regular Zero Divisor
'0000001000,'0110010110,'0000000001,'0000000000,Regular Zero Divisor
'0000000001,'0110010110,'0000000001,'0000000000,Nilpotent
'1000000000,'1110010110,'1000000000,'1000000000,Idempotent
'0010000000,'1110010110,'1000000000,'0000000000,Regular Zero Divisor
'0001000000,'1110010110,'1000000000,'0000000000,Regular Zero Divisor
'0000000100,'1110010110,'1000000000,'0000000000,Regular Zero Divisor
'0000000010,'1110010110,'1000000000,'0000000000,Regular Zero Divisor
'0100000000,'1110010110,'0100000000,'0100000000,Idempotent
'0010000000,'1110010110,'0100000000,'0000000000,Regular Zero Divisor
'0001000000,'1110010110,'0100000000,'0000000000,Regular Zero Divisor
'0000000100,'1110010110,'0100000000,'0000000000,Regular Zero Divisor
'0000000010,'1110010110,'0100000000,'0000000000,Regular Zero Divisor
'0010000000,'1110010110,'0010000000,'0000000000,Nilpotent
'0001000000,'1110010110,'0010000000,'0000000000,Regular Zero Divisor
'0000000100,'1110010110,'0010000000,'0000000000,Regular Zero Divisor
'0000000010,'1110010110,'0010000000,'0000000000,Regular Zero Divisor
'0010000000,'1110010110,'0001000000,'0000000000,Regular Zero Divisor
'0001000000,'1110010110,'0001000000,'0000000000,Nilpotent
'0000000100,'1110010110,'0001000000,'0000000000,Regular Zero Divisor
'0000000010,'1110010110,'0001000000,'0000000000,Regular Zero Divisor
'0010000000,'1110010110,'0000100000,'0000000000,Regular Zero Divisor
'0001000000,'1110010110,'0000100000,'0000000000,Regular Zero Divisor
'0000100000,'1110010110,'0000100000,'0000100000,Idempotent
'0000000100,'1110010110,'0000100000,'0000000000,Regular Zero Divisor
'0000000010,'1110010110,'0000100000,'0000000000,Regular Zero Divisor
'0100000000,'1110010110,'0000010000,'0000000000,Regular Zero Divisor
'0000100000,'1110010110,'0000010000,'0000000000,Regular Zero Divisor
'0000010000,'1110010110,'0000010000,'0000010000,Idempotent
'0000001000,'1110010110,'0000010000,'0000000000,Regular Zero Divisor
'0000000001,'1110010110,'0000010000,'0000000000,Regular Zero Divisor
'0100000000,'1110010110,'0000001000,'0000000000,Regular Zero Divisor
'0000100000,'1110010110,'0000001000,'0000000000,Regular Zero Divisor
'0000001000,'1110010110,'0000001000,'0000000000,Nilpotent
'0000000001,'1110010110,'0000001000,'0000000000,Regular Zero Divisor
'0100000000,'1110010110,'0000000100,'0000000000,Regular Zero Divisor
'0000100000,'1110010110,'0000000100,'0000000000,Regular Zero Divisor
'0000001000,'1110010110,'0000000100,'0000000000,Regular Zero Divisor
'0000000100,'1110010110,'0000000100,'0000000100,Idempotent
'0000000001,'1110010110,'0000000100,'0000000000,Regular Zero Divisor
'0100000000,'1110010110,'0000000010,'0000000000,Regular Zero Divisor
'0000100000,'1110010110,'0000000010,'0000000000,Regular Zero Divisor
'0000001000,'1110010110,'0000000010,'0000000000,Regular Zero Divisor
'0000000010,'1110010110,'0000000010,'0000000010,Idempotent
'0000000001,'1110010110,'0000000010,'0000000000,Regular Zero Divisor
'0100000000,'1110010110,'0000000001,'0000000000,Regular Zero Divisor
'0000100000,'1110010110,'0000000001,'0000000000,Regular Zero Divisor
'0000001000,'1110010110,'0000000001,'0000000000,Regular Zero Divisor
'0000000001,'1110010110,'0000000001,'0000000000,Nilpotent
'1000000000,'1001010110,'1000000000,'1000000000,Idempotent
'0100000000,'1001010110,'1000000000,'0000000000,Regular Zero Divisor
'0010000000,'1001010110,'1000000000,'0000000000,Regular Zero Divisor
'0001000000,'1001010110,'1000000000,'0000000000,Regular Zero Divisor
'0000001000,'1001010110,'1000000000,'0000000000,Regular Zero Divisor
'0000000100,'1001010110,'1000000000,'0000000000,Regular Zero Divisor
'0000000010,'1001010110,'1000000000,'0000000000,Regular Zero Divisor
'0100000000,'1001010110,'0100000000,'0000000000,Nilpotent
'0010000000,'1001010110,'0100000000,'0000000000,Regular Zero Divisor
'0001000000,'1001010110,'0100000000,'0000000000,Regular Zero Divisor
'0000001000,'1001010110,'0100000000,'0000000000,Regular Zero Divisor
'0000000100,'1001010110,'0100000000,'0000000000,Regular Zero Divisor
'0000000010,'1001010110,'0100000000,'0000000000,Regular Zero Divisor
'0100000000,'1001010110,'0010000000,'0000000000,Regular Zero Divisor
'0010000000,'1001010110,'0010000000,'0000000000,Nilpotent
'0001000000,'1001010110,'0010000000,'0000000000,Regular Zero Divisor
'0000001000,'1001010110,'0010000000,'0000000000,Regular Zero Divisor
'0000000100,'1001010110,'0010000000,'0000000000,Regular Zero Divisor
'0000000010,'1001010110,'0010000000,'0000000000,Regular Zero Divisor
'0100000000,'1001010110,'0001000000,'0000000000,Regular Zero Divisor
'0010000000,'1001010110,'0001000000,'0000000000,Regular Zero Divisor
'0001000000,'1001010110,'0001000000,'0000000000,Nilpotent
'0000001000,'1001010110,'0001000000,'0000000000,Regular Zero Divisor
'0000000100,'1001010110,'0001000000,'0000000000,Regular Zero Divisor
'0000000010,'1001010110,'0001000000,'0000000000,Regular Zero Divisor
'0100000000,'1001010110,'0000100000,'0000000000,Regular Zero Divisor
'0010000000,'1001010110,'0000100000,'0000000000,Regular Zero Divisor
'0001000000,'1001010110,'0000100000,'0000000000,Regular Zero Divisor
'0000100000,'1001010110,'0000100000,'0000100000,Idempotent
'0000001000,'1001010110,'0000100000,'0000000000,Regular Zero Divisor
'0000000100,'1001010110,'0000100000,'0000000000,Regular Zero Divisor
'0000000010,'1001010110,'0000100000,'0000000000,Regular Zero Divisor
'1000000000,'1001010110,'0000010000,'0000000000,Regular Zero Divisor
'0000100000,'1001010110,'0000010000,'0000000000,Regular Zero Divisor
'0000010000,'1001010110,'0000010000,'0000000000,Nilpotent
'0000000001,'1001010110,'0000010000,'0000000000,Regular Zero Divisor
'1000000000,'1001010110,'0000001000,'0000000000,Regular Zero Divisor
'0000100000,'1001010110,'0000001000,'0000000000,Regular Zero Divisor
'0000010000,'1001010110,'0000001000,'0000000000,Regular Zero Divisor
'0000001000,'1001010110,'0000001000,'0000001000,Idempotent
'0000000001,'1001010110,'0000001000,'0000000000,Regular Zero Divisor
'1000000000,'1001010110,'0000000100,'0000000000,Regular Zero Divisor
'0000100000,'1001010110,'0000000100,'0000000000,Regular Zero Divisor
'0000010000,'1001010110,'0000000100,'0000000000,Regular Zero Divisor
'0000000100,'1001010110,'0000000100,'0000000100,Idempotent
'0000000001,'1001010110,'0000000100,'0000000000,Regular Zero Divisor
'1000000000,'1001010110,'0000000010,'0000000000,Regular Zero Divisor
'0000100000,'1001010110,'0000000010,'0000000000,Regular Zero Divisor
'0000010000,'1001010110,'0000000010,'0000000000,Regular Zero Divisor
'0000000010,'1001010110,'0000000010,'0000000010,Idempotent
'0000000001,'1001010110,'0000000010,'0000000000,Regular Zero Divisor
'1000000000,'1001010110,'0000000001,'0000000000,Regular Zero Divisor
'0000100000,'1001010110,'0000000001,'0000000000,Regular Zero Divisor
'0000010000,'1001010110,'0000000001,'0000000000,Regular Zero Divisor
'0000000001,'1001010110,'0000000001,'0000000000,Nilpotent
'1000000000,'0101010110,'1000000000,'0000000000,Nilpotent
'0100000000,'0101010110,'1000000000,'0000000000,Regular Zero Divisor
'0010000000,'0101010110,'1000000000,'0000000000,Regular Zero Divisor
'0001000000,'0101010110,'1000000000,'0000000000,Regular Zero Divisor
'0000010000,'0101010110,'1000000000,'0000000000,Regular Zero Divisor
'0000001000,'0101010110,'1000000000,'0000000000,Regular Zero Divisor
'0000000100,'0101010110,'1000000000,'0000000000,Regular Zero Divisor
'0000000010,'0101010110,'1000000000,'0000000000,Regular Zero Divisor
'1000000000,'0101010110,'0100000000,'0000000000,Regular Zero Divisor
'0100000000,'0101010110,'0100000000,'0000000000,Nilpotent
'0010000000,'0101010110,'0100000000,'0000000000,Regular Zero Divisor
'0001000000,'0101010110,'0100000000,'0000000000,Regular Zero Divisor
'0000010000,'0101010110,'0100000000,'0000000000,Regular Zero Divisor
'0000001000,'0101010110,'0100000000,'0000000000,Regular Zero Divisor
'0000000100,'0101010110,'0100000000,'0000000000,Regular Zero Divisor
'0000000010,'0101010110,'0100000000,'0000000000,Regular Zero Divisor
'1000000000,'0101010110,'0010000000,'0000000000,Regular Zero Divisor
'0100000000,'0101010110,'0010000000,'0000000000,Regular Zero Divisor
'0010000000,'0101010110,'0010000000,'0000000000,Nilpotent
'0001000000,'0101010110,'0010000000,'0000000000,Regular Zero Divisor
'0000010000,'0101010110,'0010000000,'0000000000,Regular Zero Divisor
'0000001000,'0101010110,'0010000000,'0000000000,Regular Zero Divisor
'0000000100,'0101010110,'0010000000,'0000000000,Regular Zero Divisor
'0000000010,'0101010110,'0010000000,'0000000000,Regular Zero Divisor
'1000000000,'0101010110,'0001000000,'0000000000,Regular Zero Divisor
'0100000000,'0101010110,'0001000000,'0000000000,Regular Zero Divisor
'0010000000,'0101010110,'0001000000,'0000000000,Regular Zero Divisor
'0001000000,'0101010110,'0001000000,'0000000000,Nilpotent
'0000010000,'0101010110,'0001000000,'0000000000,Regular Zero Divisor
'0000001000,'0101010110,'0001000000,'0000000000,Regular Zero Divisor
'0000000100,'0101010110,'0001000000,'0000000000,Regular Zero Divisor
'0000000010,'0101010110,'0001000000,'0000000000,Regular Zero Divisor
'1000000000,'0101010110,'0000100000,'0000000000,Regular Zero Divisor
'0100000000,'0101010110,'0000100000,'0000000000,Regular Zero Divisor
'0010000000,'0101010110,'0000100000,'0000000000,Regular Zero Divisor
'0001000000,'0101010110,'0000100000,'0000000000,Regular Zero Divisor
'0000100000,'0101010110,'0000100000,'0000100000,Idempotent
'0000010000,'0101010110,'0000100000,'0000000000,Regular Zero Divisor
'0000001000,'0101010110,'0000100000,'0000000000,Regular Zero Divisor
'0000000100,'0101010110,'0000100000,'0000000000,Regular Zero Divisor
'0000000010,'0101010110,'0000100000,'0000000000,Regular Zero Divisor
'0000100000,'0101010110,'0000010000,'0000000000,Regular Zero Divisor
'0000010000,'0101010110,'0000010000,'0000010000,Idempotent
'0000000001,'0101010110,'0000010000,'0000000000,Regular Zero Divisor
'0000100000,'0101010110,'0000001000,'0000000000,Regular Zero Divisor
'0000001000,'0101010110,'0000001000,'0000001000,Idempotent
'0000000001,'0101010110,'0000001000,'0000000000,Regular Zero Divisor
'0000100000,'0101010110,'0000000100,'0000000000,Regular Zero Divisor
'0000000100,'0101010110,'0000000100,'0000000100,Idempotent
'0000000001,'0101010110,'0000000100,'0000000000,Regular Zero Divisor
'0000100000,'0101010110,'0000000010,'0000000000,Regular Zero Divisor
'0000000010,'0101010110,'0000000010,'0000000010,Idempotent
'0000000001,'0101010110,'0000000010,'0000000000,Regular Zero Divisor
'0000100000,'0101010110,'0000000001,'0000000000,Regular Zero Divisor
'0000000001,'0101010110,'0000000001,'0000000000,Nilpotent
'1000000000,'1101010110,'1000000000,'1000000000,Idempotent
'0100000000,'1101010110,'1000000000,'0000000000,Regular Zero Divisor
'0010000000,'1101010110,'1000000000,'0000000000,Regular Zero Divisor
'0001000000,'1101010110,'1000000000,'0000000000,Regular Zero Divisor
'0000001000,'1101010110,'1000000000,'0000000000,Regular Zero Divisor
'0000000100,'1101010110,'1000000000,'0000000000,Regular Zero Divisor
'0000000010,'1101010110,'1000000000,'0000000000,Regular Zero Divisor
'0100000000,'1101010110,'0100000000,'0000000000,Nilpotent
'0010000000,'1101010110,'0100000000,'0000000000,Regular Zero Divisor
'0001000000,'1101010110,'0100000000,'0000000000,Regular Zero Divisor
'0000001000,'1101010110,'0100000000,'0000000000,Regular Zero Divisor
'0000000100,'1101010110,'0100000000,'0000000000,Regular Zero Divisor
'0000000010,'1101010110,'0100000000,'0000000000,Regular Zero Divisor
'0100000000,'1101010110,'0010000000,'0000000000,Regular Zero Divisor
'0010000000,'1101010110,'0010000000,'0000000000,Nilpotent
'0001000000,'1101010110,'0010000000,'0000000000,Regular Zero Divisor
'0000001000,'1101010110,'0010000000,'0000000000,Regular Zero Divisor
'0000000100,'1101010110,'0010000000,'0000000000,Regular Zero Divisor
'0000000010,'1101010110,'0010000000,'0000000000,Regular Zero Divisor
'0100000000,'1101010110,'0001000000,'0000000000,Regular Zero Divisor
'0010000000,'1101010110,'0001000000,'0000000000,Regular Zero Divisor
'0001000000,'1101010110,'0001000000,'0000000000,Nilpotent
'0000001000,'1101010110,'0001000000,'0000000000,Regular Zero Divisor
'0000000100,'1101010110,'0001000000,'0000000000,Regular Zero Divisor
'0000000010,'1101010110,'0001000000,'0000000000,Regular Zero Divisor
'0100000000,'1101010110,'0000100000,'0000000000,Regular Zero Divisor
'0010000000,'1101010110,'0000100000,'0000000000,Regular Zero Divisor
'0001000000,'1101010110,'0000100000,'0000000000,Regular Zero Divisor
'0000100000,'1101010110,'0000100000,'0000100000,Idempotent
'0000001000,'1101010110,'0000100000,'0000000000,Regular Zero Divisor
'0000000100,'1101010110,'0000100000,'0000000000,Regular Zero Divisor
'0000000010,'1101010110,'0000100000,'0000000000,Regular Zero Divisor
'0000100000,'1101010110,'0000010000,'0000000000,Regular Zero Divisor
'0000010000,'1101010110,'0000010000,'0000010000,Idempotent
'0000000001,'1101010110,'0000010000,'0000000000,Regular Zero Divisor
'0000100000,'1101010110,'0000001000,'0000000000,Regular Zero Divisor
'0000001000,'1101010110,'0000001000,'0000001000,Idempotent
'0000000001,'1101010110,'0000001000,'0000000000,Regular Zero Divisor
'0000100000,'1101010110,'0000000100,'0000000000,Regular Zero Divisor
'0000000100,'1101010110,'0000000100,'0000000100,Idempotent
'0000000001,'1101010110,'0000000100,'0000000000,Regular Zero Divisor
'0000100000,'1101010110,'0000000010,'0000000000,Regular Zero Divisor
'0000000010,'1101010110,'0000000010,'0000000010,Idempotent
'0000000001,'1101010110,'0000000010,'0000000000,Regular Zero Divisor
'0000100000,'1101010110,'0000000001,'0000000000,Regular Zero Divisor
'0000000001,'1101010110,'0000000001,'0000000000,Nilpotent
'1000000000,'1011010110,'1000000000,'1000000000,Idempotent
'0010000000,'1011010110,'1000000000,'0000000000,Regular Zero Divisor
'0001000000,'1011010110,'1000000000,'0000000000,Regular Zero Divisor
'0000000100,'1011010110,'1000000000,'0000000000,Regular Zero Divisor
'0000000010,'1011010110,'1000000000,'0000000000,Regular Zero Divisor
'0100000000,'1011010110,'0100000000,'0100000000,Idempotent
'0010000000,'1011010110,'0100000000,'0000000000,Regular Zero Divisor
'0001000000,'1011010110,'0100000000,'0000000000,Regular Zero Divisor
'0000000100,'1011010110,'0100000000,'0000000000,Regular Zero Divisor
'0000000010,'1011010110,'0100000000,'0000000000,Regular Zero Divisor
'0010000000,'1011010110,'0010000000,'0000000000,Nilpotent
'0001000000,'1011010110,'0010000000,'0000000000,Regular Zero Divisor
'0000000100,'1011010110,'0010000000,'0000000000,Regular Zero Divisor
'0000000010,'1011010110,'0010000000,'0000000000,Regular Zero Divisor
'0010000000,'1011010110,'0001000000,'0000000000,Regular Zero Divisor
'0001000000,'1011010110,'0001000000,'0000000000,Nilpotent
'0000000100,'1011010110,'0001000000,'0000000000,Regular Zero Divisor
'0000000010,'1011010110,'0001000000,'0000000000,Regular Zero Divisor
'0010000000,'1011010110,'0000100000,'0000000000,Regular Zero Divisor
'0001000000,'1011010110,'0000100000,'0000000000,Regular Zero Divisor
'0000100000,'1011010110,'0000100000,'0000100000,Idempotent
'0000000100,'1011010110,'0000100000,'0000000000,Regular Zero Divisor
'0000000010,'1011010110,'0000100000,'0000000000,Regular Zero Divisor
'1000000000,'1011010110,'0000010000,'0000000000,Regular Zero Divisor
'0000100000,'1011010110,'0000010000,'0000000000,Regular Zero Divisor
'0000010000,'1011010110,'0000010000,'0000000000,Nilpotent
'0000000001,'1011010110,'0000010000,'0000000000,Regular Zero Divisor
'1000000000,'1011010110,'0000001000,'0000000000,Regular Zero Divisor
'0000100000,'1011010110,'0000001000,'0000000000,Regular Zero Divisor
'0000010000,'1011010110,'0000001000,'0000000000,Regular Zero Divisor
'0000001000,'1011010110,'0000001000,'0000001000,Idempotent
'0000000001,'1011010110,'0000001000,'0000000000,Regular Zero Divisor
'1000000000,'1011010110,'0000000100,'0000000000,Regular Zero Divisor
'0000100000,'1011010110,'0000000100,'0000000000,Regular Zero Divisor
'0000010000,'1011010110,'0000000100,'0000000000,Regular Zero Divisor
'0000000100,'1011010110,'0000000100,'0000000100,Idempotent
'0000000001,'1011010110,'0000000100,'0000000000,Regular Zero Divisor
'1000000000,'1011010110,'0000000010,'0000000000,Regular Zero Divisor
'0000100000,'1011010110,'0000000010,'0000000000,Regular Zero Divisor
'0000010000,'1011010110,'0000000010,'0000000000,Regular Zero Divisor
'0000000010,'1011010110,'0000000010,'0000000010,Idempotent
'0000000001,'1011010110,'0000000010,'0000000000,Regular Zero Divisor
'1000000000,'1011010110,'0000000001,'0000000000,Regular Zero Divisor
'0000100000,'1011010110,'0000000001,'0000000000,Regular Zero Divisor
'0000010000,'1011010110,'0000000001,'0000000000,Regular Zero Divisor
'0000000001,'1011010110,'0000000001,'0000000000,Nilpotent
'1000000000,'0111010110,'1000000000,'0000000000,Nilpotent
'0010000000,'0111010110,'1000000000,'0000000000,Regular Zero Divisor
'0001000000,'0111010110,'1000000000,'0000000000,Regular Zero Divisor
'0000010000,'0111010110,'1000000000,'0000000000,Regular Zero Divisor
'0000000100,'0111010110,'1000000000,'0000000000,Regular Zero Divisor
'0000000010,'0111010110,'1000000000,'0000000000,Regular Zero Divisor
'1000000000,'0111010110,'0100000000,'0000000000,Regular Zero Divisor
'0100000000,'0111010110,'0100000000,'0100000000,Idempotent
'0010000000,'0111010110,'0100000000,'0000000000,Regular Zero Divisor
'0001000000,'0111010110,'0100000000,'0000000000,Regular Zero Divisor
'0000010000,'0111010110,'0100000000,'0000000000,Regular Zero Divisor
'0000000100,'0111010110,'0100000000,'0000000000,Regular Zero Divisor
'0000000010,'0111010110,'0100000000,'0000000000,Regular Zero Divisor
'1000000000,'0111010110,'0010000000,'0000000000,Regular Zero Divisor
'0010000000,'0111010110,'0010000000,'0000000000,Nilpotent
'0001000000,'0111010110,'0010000000,'0000000000,Regular Zero Divisor
'0000010000,'0111010110,'0010000000,'0000000000,Regular Zero Divisor
'0000000100,'0111010110,'0010000000,'0000000000,Regular Zero Divisor
'0000000010,'0111010110,'0010000000,'0000000000,Regular Zero Divisor
'1000000000,'0111010110,'0001000000,'0000000000,Regular Zero Divisor
'0010000000,'0111010110,'0001000000,'0000000000,Regular Zero Divisor
'0001000000,'0111010110,'0001000000,'0000000000,Nilpotent
'0000010000,'0111010110,'0001000000,'0000000000,Regular Zero Divisor
'0000000100,'0111010110,'0001000000,'0000000000,Regular Zero Divisor
'0000000010,'0111010110,'0001000000,'0000000000,Regular Zero Divisor
'1000000000,'0111010110,'0000100000,'0000000000,Regular Zero Divisor
'0010000000,'0111010110,'0000100000,'0000000000,Regular Zero Divisor
'0001000000,'0111010110,'0000100000,'0000000000,Regular Zero Divisor
'0000100000,'0111010110,'0000100000,'0000100000,Idempotent
'0000010000,'0111010110,'0000100000,'0000000000,Regular Zero Divisor
'0000000100,'0111010110,'0000100000,'0000000000,Regular Zero Divisor
'0000000010,'0111010110,'0000100000,'0000000000,Regular Zero Divisor
'0000100000,'0111010110,'0000010000,'0000000000,Regular Zero Divisor
'0000010000,'0111010110,'0000010000,'0000010000,Idempotent
'0000000001,'0111010110,'0000010000,'0000000000,Regular Zero Divisor
'0000100000,'0111010110,'0000001000,'0000000000,Regular Zero Divisor
'0000001000,'0111010110,'0000001000,'0000001000,Idempotent
'0000000001,'0111010110,'0000001000,'0000000000,Regular Zero Divisor
'0000100000,'0111010110,'0000000100,'0000000000,Regular Zero Divisor
'0000000100,'0111010110,'0000000100,'0000000100,Idempotent
'0000000001,'0111010110,'0000000100,'0000000000,Regular Zero Divisor
'0000100000,'0111010110,'0000000010,'0000000000,Regular Zero Divisor
'0000000010,'0111010110,'0000000010,'0000000010,Idempotent
'0000000001,'0111010110,'0000000010,'0000000000,Regular Zero Divisor
'0000100000,'0111010110,'0000000001,'0000000000,Regular Zero Divisor
'0000000001,'0111010110,'0000000001,'0000000000,Nilpotent
'1000000000,'1111010110,'1000000000,'1000000000,Idempotent
'0010000000,'1111010110,'1000000000,'0000000000,Regular Zero Divisor
'0001000000,'1111010110,'1000000000,'0000000000,Regular Zero Divisor
'0000000100,'1111010110,'1000000000,'0000000000,Regular Zero Divisor
'0000000010,'1111010110,'1000000000,'0000000000,Regular Zero Divisor
'0100000000,'1111010110,'0100000000,'0100000000,Idempotent
'0010000000,'1111010110,'0100000000,'0000000000,Regular Zero Divisor
'0001000000,'1111010110,'0100000000,'0000000000,Regular Zero Divisor
'0000000100,'1111010110,'0100000000,'0000000000,Regular Zero Divisor
'0000000010,'1111010110,'0100000000,'0000000000,Regular Zero Divisor
'0010000000,'1111010110,'0010000000,'0000000000,Nilpotent
'0001000000,'1111010110,'0010000000,'0000000000,Regular Zero Divisor
'0000000100,'1111010110,'0010000000,'0000000000,Regular Zero Divisor
'0000000010,'1111010110,'0010000000,'0000000000,Regular Zero Divisor
'0010000000,'1111010110,'0001000000,'0000000000,Regular Zero Divisor
'0001000000,'1111010110,'0001000000,'0000000000,Nilpotent
'0000000100,'1111010110,'0001000000,'0000000000,Regular Zero Divisor
'0000000010,'1111010110,'0001000000,'0000000000,Regular Zero Divisor
'0010000000,'1111010110,'0000100000,'0000000000,Regular Zero Divisor
'0001000000,'1111010110,'0000100000,'0000000000,Regular Zero Divisor
'0000100000,'1111010110,'0000100000,'0000100000,Idempotent
'0000000100,'1111010110,'0000100000,'0000000000,Regular Zero Divisor
'0000000010,'1111010110,'0000100000,'0000000000,Regular Zero Divisor
'0000100000,'1111010110,'0000010000,'0000000000,Regular Zero Divisor
'0000010000,'1111010110,'0000010000,'0000010000,Idempotent
'0000000001,'1111010110,'0000010000,'0000000000,Regular Zero Divisor
'0000100000,'1111010110,'0000001000,'0000000000,Regular Zero Divisor
'0000001000,'1111010110,'0000001000,'0000001000,Idempotent
'0000000001,'1111010110,'0000001000,'0000000000,Regular Zero Divisor
'0000100000,'1111010110,'0000000100,'0000000000,Regular Zero Divisor
'0000000100,'1111010110,'0000000100,'0000000100,Idempotent
'0000000001,'1111010110,'0000000100,'0000000000,Regular Zero Divisor
'0000100000,'1111010110,'0000000010,'0000000000,Regular Zero Divisor
'0000000010,'1111010110,'0000000010,'0000000010,Idempotent
'0000000001,'1111010110,'0000000010,'0000000000,Regular Zero Divisor
'0000100000,'1111010110,'0000000001,'0000000000,Regular Zero Divisor
'0000000001,'1111010110,'0000000001,'0000000000,Nilpotent
'1000000000,'1010110110,'1000000000,'1000000000,Idempotent
'0001000000,'1010110110,'1000000000,'0000000000,Regular Zero Divisor
'0000000010,'1010110110,'1000000000,'0000000000,Regular Zero Divisor
'0100000000,'1010110110,'0100000000,'0100000000,Idempotent
'0001000000,'1010110110,'0100000000,'0000000000,Regular Zero Divisor
'0000000010,'1010110110,'0100000000,'0000000000,Regular Zero Divisor
'0010000000,'1010110110,'0010000000,'0010000000,Idempotent
'0001000000,'1010110110,'0010000000,'0000000000,Regular Zero Divisor
'0000000010,'1010110110,'0010000000,'0000000000,Regular Zero Divisor
'0001000000,'1010110110,'0001000000,'0000000000,Nilpotent
'0000000010,'1010110110,'0001000000,'0000000000,Regular Zero Divisor
'0001000000,'1010110110,'0000100000,'0000000000,Regular Zero Divisor
'0000100000,'1010110110,'0000100000,'0000100000,Idempotent
'0000000010,'1010110110,'0000100000,'0000000000,Regular Zero Divisor
'1000000000,'1010110110,'0000010000,'0000000000,Regular Zero Divisor
'0100000000,'1010110110,'0000010000,'0000000000,Regular Zero Divisor
'0000100000,'1010110110,'0000010000,'0000000000,Regular Zero Divisor
'0000010000,'1010110110,'0000010000,'0000000000,Nilpotent
'0000001000,'1010110110,'0000010000,'0000000000,Regular Zero Divisor
'0000000001,'1010110110,'0000010000,'0000000000,Regular Zero Divisor
'1000000000,'1010110110,'0000001000,'0000000000,Regular Zero Divisor
'0100000000,'1010110110,'0000001000,'0000000000,Regular Zero Divisor
'0000100000,'1010110110,'0000001000,'0000000000,Regular Zero Divisor
'0000010000,'1010110110,'0000001000,'0000000000,Regular Zero Divisor
'0000001000,'1010110110,'0000001000,'0000000000,Nilpotent
'0000000001,'1010110110,'0000001000,'0000000000,Regular Zero Divisor
'1000000000,'1010110110,'0000000100,'0000000000,Regular Zero Divisor
'0100000000,'1010110110,'0000000100,'0000000000,Regular Zero Divisor
'0000100000,'1010110110,'0000000100,'0000000000,Regular Zero Divisor
'0000010000,'1010110110,'0000000100,'0000000000,Regular Zero Divisor
'0000001000,'1010110110,'0000000100,'0000000000,Regular Zero Divisor
'0000000100,'1010110110,'0000000100,'0000000100,Idempotent
'0000000001,'1010110110,'0000000100,'0000000000,Regular Zero Divisor
'1000000000,'1010110110,'0000000010,'0000000000,Regular Zero Divisor
'0100000000,'1010110110,'0000000010,'0000000000,Regular Zero Divisor
'0000100000,'1010110110,'0000000010,'0000000000,Regular Zero Divisor
'0000010000,'1010110110,'0000000010,'0000000000,Regular Zero Divisor
'0000001000,'1010110110,'0000000010,'0000000000,Regular Zero Divisor
'0000000010,'1010110110,'0000000010,'0000000010,Idempotent
'0000000001,'1010110110,'0000000010,'0000000000,Regular Zero Divisor
'1000000000,'1010110110,'0000000001,'0000000000,Regular Zero Divisor
'0100000000,'1010110110,'0000000001,'0000000000,Regular Zero Divisor
'0000100000,'1010110110,'0000000001,'0000000000,Regular Zero Divisor
'0000010000,'1010110110,'0000000001,'0000000000,Regular Zero Divisor
'0000001000,'1010110110,'0000000001,'0000000000,Regular Zero Divisor
'0000000001,'1010110110,'0000000001,'0000000000,Nilpotent
'1000000000,'0110110110,'1000000000,'0000000000,Nilpotent
'0001000000,'0110110110,'1000000000,'0000000000,Regular Zero Divisor
'0000010000,'0110110110,'1000000000,'0000000000,Regular Zero Divisor
'0000000010,'0110110110,'1000000000,'0000000000,Regular Zero Divisor
'1000000000,'0110110110,'0100000000,'0000000000,Regular Zero Divisor
'0100000000,'0110110110,'0100000000,'0100000000,Idempotent
'0001000000,'0110110110,'0100000000,'0000000000,Regular Zero Divisor
'0000010000,'0110110110,'0100000000,'0000000000,Regular Zero Divisor
'0000000010,'0110110110,'0100000000,'0000000000,Regular Zero Divisor
'1000000000,'0110110110,'0010000000,'0000000000,Regular Zero Divisor
'0010000000,'0110110110,'0010000000,'0010000000,Idempotent
'0001000000,'0110110110,'0010000000,'0000000000,Regular Zero Divisor
'0000010000,'0110110110,'0010000000,'0000000000,Regular Zero Divisor
'0000000010,'0110110110,'0010000000,'0000000000,Regular Zero Divisor
'1000000000,'0110110110,'0001000000,'0000000000,Regular Zero Divisor
'0001000000,'0110110110,'0001000000,'0000000000,Nilpotent
'0000010000,'0110110110,'0001000000,'0000000000,Regular Zero Divisor
'0000000010,'0110110110,'0001000000,'0000000000,Regular Zero Divisor
'1000000000,'0110110110,'0000100000,'0000000000,Regular Zero Divisor
'0001000000,'0110110110,'0000100000,'0000000000,Regular Zero Divisor
'0000100000,'0110110110,'0000100000,'0000100000,Idempotent
'0000010000,'0110110110,'0000100000,'0000000000,Regular Zero Divisor
'0000000010,'0110110110,'0000100000,'0000000000,Regular Zero Divisor
'0100000000,'0110110110,'0000010000,'0000000000,Regular Zero Divisor
'0000100000,'0110110110,'0000010000,'0000000000,Regular Zero Divisor
'0000010000,'0110110110,'0000010000,'0000010000,Idempotent
'0000001000,'0110110110,'0000010000,'0000000000,Regular Zero Divisor
'0000000001,'0110110110,'0000010000,'0000000000,Regular Zero Divisor
'0100000000,'0110110110,'0000001000,'0000000000,Regular Zero Divisor
'0000100000,'0110110110,'0000001000,'0000000000,Regular Zero Divisor
'0000001000,'0110110110,'0000001000,'0000000000,Nilpotent
'0000000001,'0110110110,'0000001000,'0000000000,Regular Zero Divisor
'0100000000,'0110110110,'0000000100,'0000000000,Regular Zero Divisor
'0000100000,'0110110110,'0000000100,'0000000000,Regular Zero Divisor
'0000001000,'0110110110,'0000000100,'0000000000,Regular Zero Divisor
'0000000100,'0110110110,'0000000100,'0000000100,Idempotent
'0000000001,'0110110110,'0000000100,'0000000000,Regular Zero Divisor
'0100000000,'0110110110,'0000000010,'0000000000,Regular Zero Divisor
'0000100000,'0110110110,'0000000010,'0000000000,Regular Zero Divisor
'0000001000,'0110110110,'0000000010,'0000000000,Regular Zero Divisor
'0000000010,'0110110110,'0000000010,'0000000010,Idempotent
'0000000001,'0110110110,'0000000010,'0000000000,Regular Zero Divisor
'0100000000,'0110110110,'0000000001,'0000000000,Regular Zero Divisor
'0000100000,'0110110110,'0000000001,'0000000000,Regular Zero Divisor
'0000001000,'0110110110,'0000000001,'0000000000,Regular Zero Divisor
'0000000001,'0110110110,'0000000001,'0000000000,Nilpotent
'1000000000,'1110110110,'1000000000,'1000000000,Idempotent
'0001000000,'1110110110,'1000000000,'0000000000,Regular Zero Divisor
'0000000010,'1110110110,'1000000000,'0000000000,Regular Zero Divisor
'0100000000,'1110110110,'0100000000,'0100000000,Idempotent
'0001000000,'1110110110,'0100000000,'0000000000,Regular Zero Divisor
'0000000010,'1110110110,'0100000000,'0000000000,Regular Zero Divisor
'0010000000,'1110110110,'0010000000,'0010000000,Idempotent
'0001000000,'1110110110,'0010000000,'0000000000,Regular Zero Divisor
'0000000010,'1110110110,'0010000000,'0000000000,Regular Zero Divisor
'0001000000,'1110110110,'0001000000,'0000000000,Nilpotent
'0000000010,'1110110110,'0001000000,'0000000000,Regular Zero Divisor
'0001000000,'1110110110,'0000100000,'0000000000,Regular Zero Divisor
'0000100000,'1110110110,'0000100000,'0000100000,Idempotent
'0000000010,'1110110110,'0000100000,'0000000000,Regular Zero Divisor
'0100000000,'1110110110,'0000010000,'0000000000,Regular Zero Divisor
'0000100000,'1110110110,'0000010000,'0000000000,Regular Zero Divisor
'0000010000,'1110110110,'0000010000,'0000010000,Idempotent
'0000001000,'1110110110,'0000010000,'0000000000,Regular Zero Divisor
'0000000001,'1110110110,'0000010000,'0000000000,Regular Zero Divisor
'0100000000,'1110110110,'0000001000,'0000000000,Regular Zero Divisor
'0000100000,'1110110110,'0000001000,'0000000000,Regular Zero Divisor
'0000001000,'1110110110,'0000001000,'0000000000,Nilpotent
'0000000001,'1110110110,'0000001000,'0000000000,Regular Zero Divisor
'0100000000,'1110110110,'0000000100,'0000000000,Regular Zero Divisor
'0000100000,'1110110110,'0000000100,'0000000000,Regular Zero Divisor
'0000001000,'1110110110,'0000000100,'0000000000,Regular Zero Divisor
'0000000100,'1110110110,'0000000100,'0000000100,Idempotent
'0000000001,'1110110110,'0000000100,'0000000000,Regular Zero Divisor
'0100000000,'1110110110,'0000000010,'0000000000,Regular Zero Divisor
'0000100000,'1110110110,'0000000010,'0000000000,Regular Zero Divisor
'0000001000,'1110110110,'0000000010,'0000000000,Regular Zero Divisor
'0000000010,'1110110110,'0000000010,'0000000010,Idempotent
'0000000001,'1110110110,'0000000010,'0000000000,Regular Zero Divisor
'0100000000,'1110110110,'0000000001,'0000000000,Regular Zero Divisor
'0000100000,'1110110110,'0000000001,'0000000000,Regular Zero Divisor
'0000001000,'1110110110,'0000000001,'0000000000,Regular Zero Divisor
'0000000001,'1110110110,'0000000001,'0000000000,Nilpotent
'1000000000,'1001110110,'1000000000,'1000000000,Idempotent
'0100000000,'1001110110,'1000000000,'0000000000,Regular Zero Divisor
'0001000000,'1001110110,'1000000000,'0000000000,Regular Zero Divisor
'0000001000,'1001110110,'1000000000,'0000000000,Regular Zero Divisor
'0000000010,'1001110110,'1000000000,'0000000000,Regular Zero Divisor
'0100000000,'1001110110,'0100000000,'0000000000,Nilpotent
'0001000000,'1001110110,'0100000000,'0000000000,Regular Zero Divisor
'0000001000,'1001110110,'0100000000,'0000000000,Regular Zero Divisor
'0000000010,'1001110110,'0100000000,'0000000000,Regular Zero Divisor
'0100000000,'1001110110,'0010000000,'0000000000,Regular Zero Divisor
'0010000000,'1001110110,'0010000000,'0010000000,Idempotent
'0001000000,'1001110110,'0010000000,'0000000000,Regular Zero Divisor
'0000001000,'1001110110,'0010000000,'0000000000,Regular Zero Divisor
'0000000010,'1001110110,'0010000000,'0000000000,Regular Zero Divisor
'0100000000,'1001110110,'0001000000,'0000000000,Regular Zero Divisor
'0001000000,'1001110110,'0001000000,'0000000000,Nilpotent
'0000001000,'1001110110,'0001000000,'0000000000,Regular Zero Divisor
'0000000010,'1001110110,'0001000000,'0000000000,Regular Zero Divisor
'0100000000,'1001110110,'0000100000,'0000000000,Regular Zero Divisor
'0001000000,'1001110110,'0000100000,'0000000000,Regular Zero Divisor
'0000100000,'1001110110,'0000100000,'0000100000,Idempotent
'0000001000,'1001110110,'0000100000,'0000000000,Regular Zero Divisor
'0000000010,'1001110110,'0000100000,'0000000000,Regular Zero Divisor
'1000000000,'1001110110,'0000010000,'0000000000,Regular Zero Divisor
'0000100000,'1001110110,'0000010000,'0000000000,Regular Zero Divisor
'0000010000,'1001110110,'0000010000,'0000000000,Nilpotent
'0000000001,'1001110110,'0000010000,'0000000000,Regular Zero Divisor
'1000000000,'1001110110,'0000001000,'0000000000,Regular Zero Divisor
'0000100000,'1001110110,'0000001000,'0000000000,Regular Zero Divisor
'0000010000,'1001110110,'0000001000,'0000000000,Regular Zero Divisor
'0000001000,'1001110110,'0000001000,'0000001000,Idempotent
'0000000001,'1001110110,'0000001000,'0000000000,Regular Zero Divisor
'1000000000,'1001110110,'0000000100,'0000000000,Regular Zero Divisor
'0000100000,'1001110110,'0000000100,'0000000000,Regular Zero Divisor
'0000010000,'1001110110,'0000000100,'0000000000,Regular Zero Divisor
'0000000100,'1001110110,'0000000100,'0000000100,Idempotent
'0000000001,'1001110110,'0000000100,'0000000000,Regular Zero Divisor
'1000000000,'1001110110,'0000000010,'0000000000,Regular Zero Divisor
'0000100000,'1001110110,'0000000010,'0000000000,Regular Zero Divisor
'0000010000,'1001110110,'0000000010,'0000000000,Regular Zero Divisor
'0000000010,'1001110110,'0000000010,'0000000010,Idempotent
'0000000001,'1001110110,'0000000010,'0000000000,Regular Zero Divisor
'1000000000,'1001110110,'0000000001,'0000000000,Regular Zero Divisor
'0000100000,'1001110110,'0000000001,'0000000000,Regular Zero Divisor
'0000010000,'1001110110,'0000000001,'0000000000,Regular Zero Divisor
'0000000001,'1001110110,'0000000001,'0000000000,Nilpotent
'1000000000,'0101110110,'1000000000,'0000000000,Nilpotent
'0100000000,'0101110110,'1000000000,'0000000000,Regular Zero Divisor
'0001000000,'0101110110,'1000000000,'0000000000,Regular Zero Divisor
'0000010000,'0101110110,'1000000000,'0000000000,Regular Zero Divisor
'0000001000,'0101110110,'1000000000,'0000000000,Regular Zero Divisor
'0000000010,'0101110110,'1000000000,'0000000000,Regular Zero Divisor
'1000000000,'0101110110,'0100000000,'0000000000,Regular Zero Divisor
'0100000000,'0101110110,'0100000000,'0000000000,Nilpotent
'0001000000,'0101110110,'0100000000,'0000000000,Regular Zero Divisor
'0000010000,'0101110110,'0100000000,'0000000000,Regular Zero Divisor
'0000001000,'0101110110,'0100000000,'0000000000,Regular Zero Divisor
'0000000010,'0101110110,'0100000000,'0000000000,Regular Zero Divisor
'1000000000,'0101110110,'0010000000,'0000000000,Regular Zero Divisor
'0100000000,'0101110110,'0010000000,'0000000000,Regular Zero Divisor
'0010000000,'0101110110,'0010000000,'0010000000,Idempotent
'0001000000,'0101110110,'0010000000,'0000000000,Regular Zero Divisor
'0000010000,'0101110110,'0010000000,'0000000000,Regular Zero Divisor
'0000001000,'0101110110,'0010000000,'0000000000,Regular Zero Divisor
'0000000010,'0101110110,'0010000000,'0000000000,Regular Zero Divisor
'1000000000,'0101110110,'0001000000,'0000000000,Regular Zero Divisor
'0100000000,'0101110110,'0001000000,'0000000000,Regular Zero Divisor
'0001000000,'0101110110,'0001000000,'0000000000,Nilpotent
'0000010000,'0101110110,'0001000000,'0000000000,Regular Zero Divisor
'0000001000,'0101110110,'0001000000,'0000000000,Regular Zero Divisor
'0000000010,'0101110110,'0001000000,'0000000000,Regular Zero Divisor
'1000000000,'0101110110,'0000100000,'0000000000,Regular Zero Divisor
'0100000000,'0101110110,'0000100000,'0000000000,Regular Zero Divisor
'0001000000,'0101110110,'0000100000,'0000000000,Regular Zero Divisor
'0000100000,'0101110110,'0000100000,'0000100000,Idempotent
'0000010000,'0101110110,'0000100000,'0000000000,Regular Zero Divisor
'0000001000,'0101110110,'0000100000,'0000000000,Regular Zero Divisor
'0000000010,'0101110110,'0000100000,'0000000000,Regular Zero Divisor
'0000100000,'0101110110,'0000010000,'0000000000,Regular Zero Divisor
'0000010000,'0101110110,'0000010000,'0000010000,Idempotent
'0000000001,'0101110110,'0000010000,'0000000000,Regular Zero Divisor
'0000100000,'0101110110,'0000001000,'0000000000,Regular Zero Divisor
'0000001000,'0101110110,'0000001000,'0000001000,Idempotent
'0000000001,'0101110110,'0000001000,'0000000000,Regular Zero Divisor
'0000100000,'0101110110,'0000000100,'0000000000,Regular Zero Divisor
'0000000100,'0101110110,'0000000100,'0000000100,Idempotent
'0000000001,'0101110110,'0000000100,'0000000000,Regular Zero Divisor
'0000100000,'0101110110,'0000000010,'0000000000,Regular Zero Divisor
'0000000010,'0101110110,'0000000010,'0000000010,Idempotent
'0000000001,'0101110110,'0000000010,'0000000000,Regular Zero Divisor
'0000100000,'0101110110,'0000000001,'0000000000,Regular Zero Divisor
'0000000001,'0101110110,'0000000001,'0000000000,Nilpotent
'1000000000,'1101110110,'1000000000,'1000000000,Idempotent
'0100000000,'1101110110,'1000000000,'0000000000,Regular Zero Divisor
'0001000000,'1101110110,'1000000000,'0000000000,Regular Zero Divisor
'0000001000,'1101110110,'1000000000,'0000000000,Regular Zero Divisor
'0000000010,'1101110110,'1000000000,'0000000000,Regular Zero Divisor
'0100000000,'1101110110,'0100000000,'0000000000,Nilpotent
'0001000000,'1101110110,'0100000000,'0000000000,Regular Zero Divisor
'0000001000,'1101110110,'0100000000,'0000000000,Regular Zero Divisor
'0000000010,'1101110110,'0100000000,'0000000000,Regular Zero Divisor
'0100000000,'1101110110,'0010000000,'0000000000,Regular Zero Divisor
'0010000000,'1101110110,'0010000000,'0010000000,Idempotent
'0001000000,'1101110110,'0010000000,'0000000000,Regular Zero Divisor
'0000001000,'1101110110,'0010000000,'0000000000,Regular Zero Divisor
'0000000010,'1101110110,'0010000000,'0000000000,Regular Zero Divisor
'0100000000,'1101110110,'0001000000,'0000000000,Regular Zero Divisor
'0001000000,'1101110110,'0001000000,'0000000000,Nilpotent
'0000001000,'1101110110,'0001000000,'0000000000,Regular Zero Divisor
'0000000010,'1101110110,'0001000000,'0000000000,Regular Zero Divisor
'0100000000,'1101110110,'0000100000,'0000000000,Regular Zero Divisor
'0001000000,'1101110110,'0000100000,'0000000000,Regular Zero Divisor
'0000100000,'1101110110,'0000100000,'0000100000,Idempotent
'0000001000,'1101110110,'0000100000,'0000000000,Regular Zero Divisor
'0000000010,'1101110110,'0000100000,'0000000000,Regular Zero Divisor
'0000100000,'1101110110,'0000010000,'0000000000,Regular Zero Divisor
'0000010000,'1101110110,'0000010000,'0000010000,Idempotent
'0000000001,'1101110110,'0000010000,'0000000000,Regular Zero Divisor
'0000100000,'1101110110,'0000001000,'0000000000,Regular Zero Divisor
'0000001000,'1101110110,'0000001000,'0000001000,Idempotent
'0000000001,'1101110110,'0000001000,'0000000000,Regular Zero Divisor
'0000100000,'1101110110,'0000000100,'0000000000,Regular Zero Divisor
'0000000100,'1101110110,'0000000100,'0000000100,Idempotent
'0000000001,'1101110110,'0000000100,'0000000000,Regular Zero Divisor
'0000100000,'1101110110,'0000000010,'0000000000,Regular Zero Divisor
'0000000010,'1101110110,'0000000010,'0000000010,Idempotent
'0000000001,'1101110110,'0000000010,'0000000000,Regular Zero Divisor
'0000100000,'1101110110,'0000000001,'0000000000,Regular Zero Divisor
'0000000001,'1101110110,'0000000001,'0000000000,Nilpotent
'1000000000,'1011110110,'1000000000,'1000000000,Idempotent
'0001000000,'1011110110,'1000000000,'0000000000,Regular Zero Divisor
'0000000010,'1011110110,'1000000000,'0000000000,Regular Zero Divisor
'0100000000,'1011110110,'0100000000,'0100000000,Idempotent
'0001000000,'1011110110,'0100000000,'0000000000,Regular Zero Divisor
'0000000010,'1011110110,'0100000000,'0000000000,Regular Zero Divisor
'0010000000,'1011110110,'0010000000,'0010000000,Idempotent
'0001000000,'1011110110,'0010000000,'0000000000,Regular Zero Divisor
'0000000010,'1011110110,'0010000000,'0000000000,Regular Zero Divisor
'0001000000,'1011110110,'0001000000,'0000000000,Nilpotent
'0000000010,'1011110110,'0001000000,'0000000000,Regular Zero Divisor
'0001000000,'1011110110,'0000100000,'0000000000,Regular Zero Divisor
'0000100000,'1011110110,'0000100000,'0000100000,Idempotent
'0000000010,'1011110110,'0000100000,'0000000000,Regular Zero Divisor
'1000000000,'1011110110,'0000010000,'0000000000,Regular Zero Divisor
'0000100000,'1011110110,'0000010000,'0000000000,Regular Zero Divisor
'0000010000,'1011110110,'0000010000,'0000000000,Nilpotent
'0000000001,'1011110110,'0000010000,'0000000000,Regular Zero Divisor
'1000000000,'1011110110,'0000001000,'0000000000,Regular Zero Divisor
'0000100000,'1011110110,'0000001000,'0000000000,Regular Zero Divisor
'0000010000,'1011110110,'0000001000,'0000000000,Regular Zero Divisor
'0000001000,'1011110110,'0000001000,'0000001000,Idempotent
'0000000001,'1011110110,'0000001000,'0000000000,Regular Zero Divisor
'1000000000,'1011110110,'0000000100,'0000000000,Regular Zero Divisor
'0000100000,'1011110110,'0000000100,'0000000000,Regular Zero Divisor
'0000010000,'1011110110,'0000000100,'0000000000,Regular Zero Divisor
'0000000100,'1011110110,'0000000100,'0000000100,Idempotent
'0000000001,'1011110110,'0000000100,'0000000000,Regular Zero Divisor
'1000000000,'1011110110,'0000000010,'0000000000,Regular Zero Divisor
'0000100000,'1011110110,'0000000010,'0000000000,Regular Zero Divisor
'0000010000,'1011110110,'0000000010,'0000000000,Regular Zero Divisor
'0000000010,'1011110110,'0000000010,'0000000010,Idempotent
'0000000001,'1011110110,'0000000010,'0000000000,Regular Zero Divisor
'1000000000,'1011110110,'0000000001,'0000000000,Regular Zero Divisor
'0000100000,'1011110110,'0000000001,'0000000000,Regular Zero Divisor
'0000010000,'1011110110,'0000000001,'0000000000,Regular Zero Divisor
'0000000001,'1011110110,'0000000001,'0000000000,Nilpotent
'1000000000,'0111110110,'1000000000,'0000000000,Nilpotent
'0001000000,'0111110110,'1000000000,'0000000000,Regular Zero Divisor
'0000010000,'0111110110,'1000000000,'0000000000,Regular Zero Divisor
'0000000010,'0111110110,'1000000000,'0000000000,Regular Zero Divisor
'1000000000,'0111110110,'0100000000,'0000000000,Regular Zero Divisor
'0100000000,'0111110110,'0100000000,'0100000000,Idempotent
'0001000000,'0111110110,'0100000000,'0000000000,Regular Zero Divisor
'0000010000,'0111110110,'0100000000,'0000000000,Regular Zero Divisor
'0000000010,'0111110110,'0100000000,'0000000000,Regular Zero Divisor
'1000000000,'0111110110,'0010000000,'0000000000,Regular Zero Divisor
'0010000000,'0111110110,'0010000000,'0010000000,Idempotent
'0001000000,'0111110110,'0010000000,'0000000000,Regular Zero Divisor
'0000010000,'0111110110,'0010000000,'0000000000,Regular Zero Divisor
'0000000010,'0111110110,'0010000000,'0000000000,Regular Zero Divisor
'1000000000,'0111110110,'0001000000,'0000000000,Regular Zero Divisor
'0001000000,'0111110110,'0001000000,'0000000000,Nilpotent
'0000010000,'0111110110,'0001000000,'0000000000,Regular Zero Divisor
'0000000010,'0111110110,'0001000000,'0000000000,Regular Zero Divisor
'1000000000,'0111110110,'0000100000,'0000000000,Regular Zero Divisor
'0001000000,'0111110110,'0000100000,'0000000000,Regular Zero Divisor
'0000100000,'0111110110,'0000100000,'0000100000,Idempotent
'0000010000,'0111110110,'0000100000,'0000000000,Regular Zero Divisor
'0000000010,'0111110110,'0000100000,'0000000000,Regular Zero Divisor
'0000100000,'0111110110,'0000010000,'0000000000,Regular Zero Divisor
'0000010000,'0111110110,'0000010000,'0000010000,Idempotent
'0000000001,'0111110110,'0000010000,'0000000000,Regular Zero Divisor
'0000100000,'0111110110,'0000001000,'0000000000,Regular Zero Divisor
'0000001000,'0111110110,'0000001000,'0000001000,Idempotent
'0000000001,'0111110110,'0000001000,'0000000000,Regular Zero Divisor
'0000100000,'0111110110,'0000000100,'0000000000,Regular Zero Divisor
'0000000100,'0111110110,'0000000100,'0000000100,Idempotent
'0000000001,'0111110110,'0000000100,'0000000000,Regular Zero Divisor
'0000100000,'0111110110,'0000000010,'0000000000,Regular Zero Divisor
'0000000010,'0111110110,'0000000010,'0000000010,Idempotent
'0000000001,'0111110110,'0000000010,'0000000000,Regular Zero Divisor
'0000100000,'0111110110,'0000000001,'0000000000,Regular Zero Divisor
'0000000001,'0111110110,'0000000001,'0000000000,Nilpotent
'1000000000,'1111110110,'1000000000,'1000000000,Idempotent
'0001000000,'1111110110,'1000000000,'0000000000,Regular Zero Divisor
'0000000010,'1111110110,'1000000000,'0000000000,Regular Zero Divisor
'0100000000,'1111110110,'0100000000,'0100000000,Idempotent
'0001000000,'1111110110,'0100000000,'0000000000,Regular Zero Divisor
'0000000010,'1111110110,'0100000000,'0000000000,Regular Zero Divisor
'0010000000,'1111110110,'0010000000,'0010000000,Idempotent
'0001000000,'1111110110,'0010000000,'0000000000,Regular Zero Divisor
'0000000010,'1111110110,'0010000000,'0000000000,Regular Zero Divisor
'0001000000,'1111110110,'0001000000,'0000000000,Nilpotent
'0000000010,'1111110110,'0001000000,'0000000000,Regular Zero Divisor
'0001000000,'1111110110,'0000100000,'0000000000,Regular Zero Divisor
'0000100000,'1111110110,'0000100000,'0000100000,Idempotent
'0000000010,'1111110110,'0000100000,'0000000000,Regular Zero Divisor
'0000100000,'1111110110,'0000010000,'0000000000,Regular Zero Divisor
'0000010000,'1111110110,'0000010000,'0000010000,Idempotent
'0000000001,'1111110110,'0000010000,'0000000000,Regular Zero Divisor
'0000100000,'1111110110,'0000001000,'0000000000,Regular Zero Divisor
'0000001000,'1111110110,'0000001000,'0000001000,Idempotent
'0000000001,'1111110110,'0000001000,'0000000000,Regular Zero Divisor
'0000100000,'1111110110,'0000000100,'0000000000,Regular Zero Divisor
'0000000100,'1111110110,'0000000100,'0000000100,Idempotent
'0000000001,'1111110110,'0000000100,'0000000000,Regular Zero Divisor
'0000100000,'1111110110,'0000000010,'0000000000,Regular Zero Divisor
'0000000010,'1111110110,'0000000010,'0000000010,Idempotent
'0000000001,'1111110110,'0000000010,'0000000000,Regular Zero Divisor
'0000100000,'1111110110,'0000000001,'0000000000,Regular Zero Divisor
'0000000001,'1111110110,'0000000001,'0000000000,Nilpotent
'1000000000,'1010101110,'1000000000,'1000000000,Idempotent
'0100000000,'1010101110,'0100000000,'0100000000,Idempotent
'0010000000,'1010101110,'0010000000,'0010000000,Idempotent
'0001000000,'1010101110,'0001000000,'0001000000,Idempotent
'0000100000,'1010101110,'0000100000,'0000100000,Idempotent
'1000000000,'1010101110,'0000010000,'0000000000,Regular Zero Divisor
'0100000000,'1010101110,'0000010000,'0000000000,Regular Zero Divisor
'0010000000,'1010101110,'0000010000,'0000000000,Regular Zero Divisor
'0000100000,'1010101110,'0000010000,'0000000000,Regular Zero Divisor
'0000010000,'1010101110,'0000010000,'0000000000,Nilpotent
'0000001000,'1010101110,'0000010000,'0000000000,Regular Zero Divisor
'0000000100,'1010101110,'0000010000,'0000000000,Regular Zero Divisor
'0000000001,'1010101110,'0000010000,'0000000000,Regular Zero Divisor
'1000000000,'1010101110,'0000001000,'0000000000,Regular Zero Divisor
'0100000000,'1010101110,'0000001000,'0000000000,Regular Zero Divisor
'0010000000,'1010101110,'0000001000,'0000000000,Regular Zero Divisor
'0000100000,'1010101110,'0000001000,'0000000000,Regular Zero Divisor
'0000010000,'1010101110,'0000001000,'0000000000,Regular Zero Divisor
'0000001000,'1010101110,'0000001000,'0000000000,Nilpotent
'0000000100,'1010101110,'0000001000,'0000000000,Regular Zero Divisor
'0000000001,'1010101110,'0000001000,'0000000000,Regular Zero Divisor
'1000000000,'1010101110,'0000000100,'0000000000,Regular Zero Divisor
'0100000000,'1010101110,'0000000100,'0000000000,Regular Zero Divisor
'0010000000,'1010101110,'0000000100,'0000000000,Regular Zero Divisor
'0000100000,'1010101110,'0000000100,'0000000000,Regular Zero Divisor
'0000010000,'1010101110,'0000000100,'0000000000,Regular Zero Divisor
'0000001000,'1010101110,'0000000100,'0000000000,Regular Zero Divisor
'0000000100,'1010101110,'0000000100,'0000000000,Nilpotent
'0000000001,'1010101110,'0000000100,'0000000000,Regular Zero Divisor
'1000000000,'1010101110,'0000000010,'0000000000,Regular Zero Divisor
'0100000000,'1010101110,'0000000010,'0000000000,Regular Zero Divisor
'0010000000,'1010101110,'0000000010,'0000000000,Regular Zero Divisor
'0000100000,'1010101110,'0000000010,'0000000000,Regular Zero Divisor
'0000010000,'1010101110,'0000000010,'0000000000,Regular Zero Divisor
'0000001000,'1010101110,'0000000010,'0000000000,Regular Zero Divisor
'0000000100,'1010101110,'0000000010,'0000000000,Regular Zero Divisor
'0000000010,'1010101110,'0000000010,'0000000010,Idempotent
'0000000001,'1010101110,'0000000010,'0000000000,Regular Zero Divisor
'1000000000,'1010101110,'0000000001,'0000000000,Regular Zero Divisor
'0100000000,'1010101110,'0000000001,'0000000000,Regular Zero Divisor
'0010000000,'1010101110,'0000000001,'0000000000,Regular Zero Divisor
'0000100000,'1010101110,'0000000001,'0000000000,Regular Zero Divisor
'0000010000,'1010101110,'0000000001,'0000000000,Regular Zero Divisor
'0000001000,'1010101110,'0000000001,'0000000000,Regular Zero Divisor
'0000000100,'1010101110,'0000000001,'0000000000,Regular Zero Divisor
'0000000001,'1010101110,'0000000001,'0000000000,Nilpotent
'1000000000,'0110101110,'1000000000,'0000000000,Nilpotent
'0000010000,'0110101110,'1000000000,'0000000000,Regular Zero Divisor
'1000000000,'0110101110,'0100000000,'0000000000,Regular Zero Divisor
'0100000000,'0110101110,'0100000000,'0100000000,Idempotent
'0000010000,'0110101110,'0100000000,'0000000000,Regular Zero Divisor
'1000000000,'0110101110,'0010000000,'0000000000,Regular Zero Divisor
'0010000000,'0110101110,'0010000000,'0010000000,Idempotent
'0000010000,'0110101110,'0010000000,'0000000000,Regular Zero Divisor
'1000000000,'0110101110,'0001000000,'0000000000,Regular Zero Divisor
'0001000000,'0110101110,'0001000000,'0001000000,Idempotent
'0000010000,'0110101110,'0001000000,'0000000000,Regular Zero Divisor
'1000000000,'0110101110,'0000100000,'0000000000,Regular Zero Divisor
'0000100000,'0110101110,'0000100000,'0000100000,Idempotent
'0000010000,'0110101110,'0000100000,'0000000000,Regular Zero Divisor
'0100000000,'0110101110,'0000010000,'0000000000,Regular Zero Divisor
'0010000000,'0110101110,'0000010000,'0000000000,Regular Zero Divisor
'0000100000,'0110101110,'0000010000,'0000000000,Regular Zero Divisor
'0000010000,'0110101110,'0000010000,'0000010000,Idempotent
'0000001000,'0110101110,'0000010000,'0000000000,Regular Zero Divisor
'0000000100,'0110101110,'0000010000,'0000000000,Regular Zero Divisor
'0000000001,'0110101110,'0000010000,'0000000000,Regular Zero Divisor
'0100000000,'0110101110,'0000001000,'0000000000,Regular Zero Divisor
'0010000000,'0110101110,'0000001000,'0000000000,Regular Zero Divisor
'0000100000,'0110101110,'0000001000,'0000000000,Regular Zero Divisor
'0000001000,'0110101110,'0000001000,'0000000000,Nilpotent
'0000000100,'0110101110,'0000001000,'0000000000,Regular Zero Divisor
'0000000001,'0110101110,'0000001000,'0000000000,Regular Zero Divisor
'0100000000,'0110101110,'0000000100,'0000000000,Regular Zero Divisor
'0010000000,'0110101110,'0000000100,'0000000000,Regular Zero Divisor
'0000100000,'0110101110,'0000000100,'0000000000,Regular Zero Divisor
'0000001000,'0110101110,'0000000100,'0000000000,Regular Zero Divisor
'0000000100,'0110101110,'0000000100,'0000000000,Nilpotent
'0000000001,'0110101110,'0000000100,'0000000000,Regular Zero Divisor
'0100000000,'0110101110,'0000000010,'0000000000,Regular Zero Divisor
'0010000000,'0110101110,'0000000010,'0000000000,Regular Zero Divisor
'0000100000,'0110101110,'0000000010,'0000000000,Regular Zero Divisor
'0000001000,'0110101110,'0000000010,'0000000000,Regular Zero Divisor
'0000000100,'0110101110,'0000000010,'0000000000,Regular Zero Divisor
'0000000010,'0110101110,'0000000010,'0000000010,Idempotent
'0000000001,'0110101110,'0000000010,'0000000000,Regular Zero Divisor
'0100000000,'0110101110,'0000000001,'0000000000,Regular Zero Divisor
'0010000000,'0110101110,'0000000001,'0000000000,Regular Zero Divisor
'0000100000,'0110101110,'0000000001,'0000000000,Regular Zero Divisor
'0000001000,'0110101110,'0000000001,'0000000000,Regular Zero Divisor
'0000000100,'0110101110,'0000000001,'0000000000,Regular Zero Divisor
'0000000001,'0110101110,'0000000001,'0000000000,Nilpotent
'1000000000,'1110101110,'1000000000,'1000000000,Idempotent
'0100000000,'1110101110,'0100000000,'0100000000,Idempotent
'0010000000,'1110101110,'0010000000,'0010000000,Idempotent
'0001000000,'1110101110,'0001000000,'0001000000,Idempotent
'0000100000,'1110101110,'0000100000,'0000100000,Idempotent
'0100000000,'1110101110,'0000010000,'0000000000,Regular Zero Divisor
'0010000000,'1110101110,'0000010000,'0000000000,Regular Zero Divisor
'0000100000,'1110101110,'0000010000,'0000000000,Regular Zero Divisor
'0000010000,'1110101110,'0000010000,'0000010000,Idempotent
'0000001000,'1110101110,'0000010000,'0000000000,Regular Zero Divisor
'0000000100,'1110101110,'0000010000,'0000000000,Regular Zero Divisor
'0000000001,'1110101110,'0000010000,'0000000000,Regular Zero Divisor
'0100000000,'1110101110,'0000001000,'0000000000,Regular Zero Divisor
'0010000000,'1110101110,'0000001000,'0000000000,Regular Zero Divisor
'0000100000,'1110101110,'0000001000,'0000000000,Regular Zero Divisor
'0000001000,'1110101110,'0000001000,'0000000000,Nilpotent
'0000000100,'1110101110,'0000001000,'0000000000,Regular Zero Divisor
'0000000001,'1110101110,'0000001000,'0000000000,Regular Zero Divisor
'0100000000,'1110101110,'0000000100,'0000000000,Regular Zero Divisor
'0010000000,'1110101110,'0000000100,'0000000000,Regular Zero Divisor
'0000100000,'1110101110,'0000000100,'0000000000,Regular Zero Divisor
'0000001000,'1110101110,'0000000100,'0000000000,Regular Zero Divisor
'0000000100,'1110101110,'0000000100,'0000000000,Nilpotent
'0000000001,'1110101110,'0000000100,'0000000000,Regular Zero Divisor
'0100000000,'1110101110,'0000000010,'0000000000,Regular Zero Divisor
'0010000000,'1110101110,'0000000010,'0000000000,Regular Zero Divisor
'0000100000,'1110101110,'0000000010,'0000000000,Regular Zero Divisor
'0000001000,'1110101110,'0000000010,'0000000000,Regular Zero Divisor
'0000000100,'1110101110,'0000000010,'0000000000,Regular Zero Divisor
'0000000010,'1110101110,'0000000010,'0000000010,Idempotent
'0000000001,'1110101110,'0000000010,'0000000000,Regular Zero Divisor
'0100000000,'1110101110,'0000000001,'0000000000,Regular Zero Divisor
'0010000000,'1110101110,'0000000001,'0000000000,Regular Zero Divisor
'0000100000,'1110101110,'0000000001,'0000000000,Regular Zero Divisor
'0000001000,'1110101110,'0000000001,'0000000000,Regular Zero Divisor
'0000000100,'1110101110,'0000000001,'0000000000,Regular Zero Divisor
'0000000001,'1110101110,'0000000001,'0000000000,Nilpotent
'1000000000,'1001101110,'1000000000,'1000000000,Idempotent
'0100000000,'1001101110,'1000000000,'0000000000,Regular Zero Divisor
'0000001000,'1001101110,'1000000000,'0000000000,Regular Zero Divisor
'0100000000,'1001101110,'0100000000,'0000000000,Nilpotent
'0000001000,'1001101110,'0100000000,'0000000000,Regular Zero Divisor
'0100000000,'1001101110,'0010000000,'0000000000,Regular Zero Divisor
'0010000000,'1001101110,'0010000000,'0010000000,Idempotent
'0000001000,'1001101110,'0010000000,'0000000000,Regular Zero Divisor
'0100000000,'1001101110,'0001000000,'0000000000,Regular Zero Divisor
'0001000000,'1001101110,'0001000000,'0001000000,Idempotent
'0000001000,'1001101110,'0001000000,'0000000000,Regular Zero Divisor
'0100000000,'1001101110,'0000100000,'0000000000,Regular Zero Divisor
'0000100000,'1001101110,'0000100000,'0000100000,Idempotent
'0000001000,'1001101110,'0000100000,'0000000000,Regular Zero Divisor
'1000000000,'1001101110,'0000010000,'0000000000,Regular Zero Divisor
'0010000000,'1001101110,'0000010000,'0000000000,Regular Zero Divisor
'0000100000,'1001101110,'0000010000,'0000000000,Regular Zero Divisor
'0000010000,'1001101110,'0000010000,'0000000000,Nilpotent
'0000000100,'1001101110,'0000010000,'0000000000,Regular Zero Divisor
'0000000001,'1001101110,'0000010000,'0000000000,Regular Zero Divisor
'1000000000,'1001101110,'0000001000,'0000000000,Regular Zero Divisor
'0010000000,'1001101110,'0000001000,'0000000000,Regular Zero Divisor
'0000100000,'1001101110,'0000001000,'0000000000,Regular Zero Divisor
'0000010000,'1001101110,'0000001000,'0000000000,Regular Zero Divisor
'0000001000,'1001101110,'0000001000,'0000001000,Idempotent
'0000000100,'1001101110,'0000001000,'0000000000,Regular Zero Divisor
'0000000001,'1001101110,'0000001000,'0000000000,Regular Zero Divisor
'1000000000,'1001101110,'0000000100,'0000000000,Regular Zero Divisor
'0010000000,'1001101110,'0000000100,'0000000000,Regular Zero Divisor
'0000100000,'1001101110,'0000000100,'0000000000,Regular Zero Divisor
'0000010000,'1001101110,'0000000100,'0000000000,Regular Zero Divisor
'0000000100,'1001101110,'0000000100,'0000000000,Nilpotent
'0000000001,'1001101110,'0000000100,'0000000000,Regular Zero Divisor
'1000000000,'1001101110,'0000000010,'0000000000,Regular Zero Divisor
'0010000000,'1001101110,'0000000010,'0000000000,Regular Zero Divisor
'0000100000,'1001101110,'0000000010,'0000000000,Regular Zero Divisor
'0000010000,'1001101110,'0000000010,'0000000000,Regular Zero Divisor
'0000000100,'1001101110,'0000000010,'0000000000,Regular Zero Divisor
'0000000010,'1001101110,'0000000010,'0000000010,Idempotent
'0000000001,'1001101110,'0000000010,'0000000000,Regular Zero Divisor
'1000000000,'1001101110,'0000000001,'0000000000,Regular Zero Divisor
'0010000000,'1001101110,'0000000001,'0000000000,Regular Zero Divisor
'0000100000,'1001101110,'0000000001,'0000000000,Regular Zero Divisor
'0000010000,'1001101110,'0000000001,'0000000000,Regular Zero Divisor
'0000000100,'1001101110,'0000000001,'0000000000,Regular Zero Divisor
'0000000001,'1001101110,'0000000001,'0000000000,Nilpotent
'1000000000,'0101101110,'1000000000,'0000000000,Nilpotent
'0100000000,'0101101110,'1000000000,'0000000000,Regular Zero Divisor
'0000010000,'0101101110,'1000000000,'0000000000,Regular Zero Divisor
'0000001000,'0101101110,'1000000000,'0000000000,Regular Zero Divisor
'1000000000,'0101101110,'0100000000,'0000000000,Regular Zero Divisor
'0100000000,'0101101110,'0100000000,'0000000000,Nilpotent
'0000010000,'0101101110,'0100000000,'0000000000,Regular Zero Divisor
'0000001000,'0101101110,'0100000000,'0000000000,Regular Zero Divisor
'1000000000,'0101101110,'0010000000,'0000000000,Regular Zero Divisor
'0100000000,'0101101110,'0010000000,'0000000000,Regular Zero Divisor
'0010000000,'0101101110,'0010000000,'0010000000,Idempotent
'0000010000,'0101101110,'0010000000,'0000000000,Regular Zero Divisor
'0000001000,'0101101110,'0010000000,'0000000000,Regular Zero Divisor
'1000000000,'0101101110,'0001000000,'0000000000,Regular Zero Divisor
'0100000000,'0101101110,'0001000000,'0000000000,Regular Zero Divisor
'0001000000,'0101101110,'0001000000,'0001000000,Idempotent
'0000010000,'0101101110,'0001000000,'0000000000,Regular Zero Divisor
'0000001000,'0101101110,'0001000000,'0000000000,Regular Zero Divisor
'1000000000,'0101101110,'0000100000,'0000000000,Regular Zero Divisor
'0100000000,'0101101110,'0000100000,'0000000000,Regular Zero Divisor
'0000100000,'0101101110,'0000100000,'0000100000,Idempotent
'0000010000,'0101101110,'0000100000,'0000000000,Regular Zero Divisor
'0000001000,'0101101110,'0000100000,'0000000000,Regular Zero Divisor
'0010000000,'0101101110,'0000010000,'0000000000,Regular Zero Divisor
'0000100000,'0101101110,'0000010000,'0000000000,Regular Zero Divisor
'0000010000,'0101101110,'0000010000,'0000010000,Idempotent
'0000000100,'0101101110,'0000010000,'0000000000,Regular Zero Divisor
'0000000001,'0101101110,'0000010000,'0000000000,Regular Zero Divisor
'0010000000,'0101101110,'0000001000,'0000000000,Regular Zero Divisor
'0000100000,'0101101110,'0000001000,'0000000000,Regular Zero Divisor
'0000001000,'0101101110,'0000001000,'0000001000,Idempotent
'0000000100,'0101101110,'0000001000,'0000000000,Regular Zero Divisor
'0000000001,'0101101110,'0000001000,'0000000000,Regular Zero Divisor
'0010000000,'0101101110,'0000000100,'0000000000,Regular Zero Divisor
'0000100000,'0101101110,'0000000100,'0000000000,Regular Zero Divisor
'0000000100,'0101101110,'0000000100,'0000000000,Nilpotent
'0000000001,'0101101110,'0000000100,'0000000000,Regular Zero Divisor
'0010000000,'0101101110,'0000000010,'0000000000,Regular Zero Divisor
'0000100000,'0101101110,'0000000010,'0000000000,Regular Zero Divisor
'0000000100,'0101101110,'0000000010,'0000000000,Regular Zero Divisor
'0000000010,'0101101110,'0000000010,'0000000010,Idempotent
'0000000001,'0101101110,'0000000010,'0000000000,Regular Zero Divisor
'0010000000,'0101101110,'0000000001,'0000000000,Regular Zero Divisor
'0000100000,'0101101110,'0000000001,'0000000000,Regular Zero Divisor
'0000000100,'0101101110,'0000000001,'0000000000,Regular Zero Divisor
'0000000001,'0101101110,'0000000001,'0000000000,Nilpotent
'1000000000,'1101101110,'1000000000,'1000000000,Idempotent
'0100000000,'1101101110,'1000000000,'0000000000,Regular Zero Divisor
'0000001000,'1101101110,'1000000000,'0000000000,Regular Zero Divisor
'0100000000,'1101101110,'0100000000,'0000000000,Nilpotent
'0000001000,'1101101110,'0100000000,'0000000000,Regular Zero Divisor
'0100000000,'1101101110,'0010000000,'0000000000,Regular Zero Divisor
'0010000000,'1101101110,'0010000000,'0010000000,Idempotent
'0000001000,'1101101110,'0010000000,'0000000000,Regular Zero Divisor
'0100000000,'1101101110,'0001000000,'0000000000,Regular Zero Divisor
'0001000000,'1101101110,'0001000000,'0001000000,Idempotent
'0000001000,'1101101110,'0001000000,'0000000000,Regular Zero Divisor
'0100000000,'1101101110,'0000100000,'0000000000,Regular Zero Divisor
'0000100000,'1101101110,'0000100000,'0000100000,Idempotent
'0000001000,'1101101110,'0000100000,'0000000000,Regular Zero Divisor
'0010000000,'1101101110,'0000010000,'0000000000,Regular Zero Divisor
'0000100000,'1101101110,'0000010000,'0000000000,Regular Zero Divisor
'0000010000,'1101101110,'0000010000,'0000010000,Idempotent
'0000000100,'1101101110,'0000010000,'0000000000,Regular Zero Divisor
'0000000001,'1101101110,'0000010000,'0000000000,Regular Zero Divisor
'0010000000,'1101101110,'0000001000,'0000000000,Regular Zero Divisor
'0000100000,'1101101110,'0000001000,'0000000000,Regular Zero Divisor
'0000001000,'1101101110,'0000001000,'0000001000,Idempotent
'0000000100,'1101101110,'0000001000,'0000000000,Regular Zero Divisor
'0000000001,'1101101110,'0000001000,'0000000000,Regular Zero Divisor
'0010000000,'1101101110,'0000000100,'0000000000,Regular Zero Divisor
'0000100000,'1101101110,'0000000100,'0000000000,Regular Zero Divisor
'0000000100,'1101101110,'0000000100,'0000000000,Nilpotent
'0000000001,'1101101110,'0000000100,'0000000000,Regular Zero Divisor
'0010000000,'1101101110,'0000000010,'0000000000,Regular Zero Divisor
'0000100000,'1101101110,'0000000010,'0000000000,Regular Zero Divisor
'0000000100,'1101101110,'0000000010,'0000000000,Regular Zero Divisor
'0000000010,'1101101110,'0000000010,'0000000010,Idempotent
'0000000001,'1101101110,'0000000010,'0000000000,Regular Zero Divisor
'0010000000,'1101101110,'0000000001,'0000000000,Regular Zero Divisor
'0000100000,'1101101110,'0000000001,'0000000000,Regular Zero Divisor
'0000000100,'1101101110,'0000000001,'0000000000,Regular Zero Divisor
'0000000001,'1101101110,'0000000001,'0000000000,Nilpotent
'1000000000,'1011101110,'1000000000,'1000000000,Idempotent
'0100000000,'1011101110,'0100000000,'0100000000,Idempotent
'0010000000,'1011101110,'0010000000,'0010000000,Idempotent
'0001000000,'1011101110,'0001000000,'0001000000,Idempotent
'0000100000,'1011101110,'0000100000,'0000100000,Idempotent
'1000000000,'1011101110,'0000010000,'0000000000,Regular Zero Divisor
'0010000000,'1011101110,'0000010000,'0000000000,Regular Zero Divisor
'0000100000,'1011101110,'0000010000,'0000000000,Regular Zero Divisor
'0000010000,'1011101110,'0000010000,'0000000000,Nilpotent
'0000000100,'1011101110,'0000010000,'0000000000,Regular Zero Divisor
'0000000001,'1011101110,'0000010000,'0000000000,Regular Zero Divisor
'1000000000,'1011101110,'0000001000,'0000000000,Regular Zero Divisor
'0010000000,'1011101110,'0000001000,'0000000000,Regular Zero Divisor
'0000100000,'1011101110,'0000001000,'0000000000,Regular Zero Divisor
'0000010000,'1011101110,'0000001000,'0000000000,Regular Zero Divisor
'0000001000,'1011101110,'0000001000,'0000001000,Idempotent
'0000000100,'1011101110,'0000001000,'0000000000,Regular Zero Divisor
'0000000001,'1011101110,'0000001000,'0000000000,Regular Zero Divisor
'1000000000,'1011101110,'0000000100,'0000000000,Regular Zero Divisor
'0010000000,'1011101110,'0000000100,'0000000000,Regular Zero Divisor
'0000100000,'1011101110,'0000000100,'0000000000,Regular Zero Divisor
'0000010000,'1011101110,'0000000100,'0000000000,Regular Zero Divisor
'0000000100,'1011101110,'0000000100,'0000000000,Nilpotent
'0000000001,'1011101110,'0000000100,'0000000000,Regular Zero Divisor
'1000000000,'1011101110,'0000000010,'0000000000,Regular Zero Divisor
'0010000000,'1011101110,'0000000010,'0000000000,Regular Zero Divisor
'0000100000,'1011101110,'0000000010,'0000000000,Regular Zero Divisor
'0000010000,'1011101110,'0000000010,'0000000000,Regular Zero Divisor
'0000000100,'1011101110,'0000000010,'0000000000,Regular Zero Divisor
'0000000010,'1011101110,'0000000010,'0000000010,Idempotent
'0000000001,'1011101110,'0000000010,'0000000000,Regular Zero Divisor
'1000000000,'1011101110,'0000000001,'0000000000,Regular Zero Divisor
'0010000000,'1011101110,'0000000001,'0000000000,Regular Zero Divisor
'0000100000,'1011101110,'0000000001,'0000000000,Regular Zero Divisor
'0000010000,'1011101110,'0000000001,'0000000000,Regular Zero Divisor
'0000000100,'1011101110,'0000000001,'0000000000,Regular Zero Divisor
'0000000001,'1011101110,'0000000001,'0000000000,Nilpotent
'1000000000,'0111101110,'1000000000,'0000000000,Nilpotent
'0000010000,'0111101110,'1000000000,'0000000000,Regular Zero Divisor
'1000000000,'0111101110,'0100000000,'0000000000,Regular Zero Divisor
'0100000000,'0111101110,'0100000000,'0100000000,Idempotent
'0000010000,'0111101110,'0100000000,'0000000000,Regular Zero Divisor
'1000000000,'0111101110,'0010000000,'0000000000,Regular Zero Divisor
'0010000000,'0111101110,'0010000000,'0010000000,Idempotent
'0000010000,'0111101110,'0010000000,'0000000000,Regular Zero Divisor
'1000000000,'0111101110,'0001000000,'0000000000,Regular Zero Divisor
'0001000000,'0111101110,'0001000000,'0001000000,Idempotent
'0000010000,'0111101110,'0001000000,'0000000000,Regular Zero Divisor
'1000000000,'0111101110,'0000100000,'0000000000,Regular Zero Divisor
'0000100000,'0111101110,'0000100000,'0000100000,Idempotent
'0000010000,'0111101110,'0000100000,'0000000000,Regular Zero Divisor
'0010000000,'0111101110,'0000010000,'0000000000,Regular Zero Divisor
'0000100000,'0111101110,'0000010000,'0000000000,Regular Zero Divisor
'0000010000,'0111101110,'0000010000,'0000010000,Idempotent
'0000000100,'0111101110,'0000010000,'0000000000,Regular Zero Divisor
'0000000001,'0111101110,'0000010000,'0000000000,Regular Zero Divisor
'0010000000,'0111101110,'0000001000,'0000000000,Regular Zero Divisor
'0000100000,'0111101110,'0000001000,'0000000000,Regular Zero Divisor
'0000001000,'0111101110,'0000001000,'0000001000,Idempotent
'0000000100,'0111101110,'0000001000,'0000000000,Regular Zero Divisor
'0000000001,'0111101110,'0000001000,'0000000000,Regular Zero Divisor
'0010000000,'0111101110,'0000000100,'0000000000,Regular Zero Divisor
'0000100000,'0111101110,'0000000100,'0000000000,Regular Zero Divisor
'0000000100,'0111101110,'0000000100,'0000000000,Nilpotent
'0000000001,'0111101110,'0000000100,'0000000000,Regular Zero Divisor
'0010000000,'0111101110,'0000000010,'0000000000,Regular Zero Divisor
'0000100000,'0111101110,'0000000010,'0000000000,Regular Zero Divisor
'0000000100,'0111101110,'0000000010,'0000000000,Regular Zero Divisor
'0000000010,'0111101110,'0000000010,'0000000010,Idempotent
'0000000001,'0111101110,'0000000010,'0000000000,Regular Zero Divisor
'0010000000,'0111101110,'0000000001,'0000000000,Regular Zero Divisor
'0000100000,'0111101110,'0000000001,'0000000000,Regular Zero Divisor
'0000000100,'0111101110,'0000000001,'0000000000,Regular Zero Divisor
'0000000001,'0111101110,'0000000001,'0000000000,Nilpotent
'1000000000,'1111101110,'1000000000,'1000000000,Idempotent
'0100000000,'1111101110,'0100000000,'0100000000,Idempotent
'0010000000,'1111101110,'0010000000,'0010000000,Idempotent
'0001000000,'1111101110,'0001000000,'0001000000,Idempotent
'0000100000,'1111101110,'0000100000,'0000100000,Idempotent
'0010000000,'1111101110,'0000010000,'0000000000,Regular Zero Divisor
'0000100000,'1111101110,'0000010000,'0000000000,Regular Zero Divisor
'0000010000,'1111101110,'0000010000,'0000010000,Idempotent
'0000000100,'1111101110,'0000010000,'0000000000,Regular Zero Divisor
'0000000001,'1111101110,'0000010000,'0000000000,Regular Zero Divisor
'0010000000,'1111101110,'0000001000,'0000000000,Regular Zero Divisor
'0000100000,'1111101110,'0000001000,'0000000000,Regular Zero Divisor
'0000001000,'1111101110,'0000001000,'0000001000,Idempotent
'0000000100,'1111101110,'0000001000,'0000000000,Regular Zero Divisor
'0000000001,'1111101110,'0000001000,'0000000000,Regular Zero Divisor
'0010000000,'1111101110,'0000000100,'0000000000,Regular Zero Divisor
'0000100000,'1111101110,'0000000100,'0000000000,Regular Zero Divisor
'0000000100,'1111101110,'0000000100,'0000000000,Nilpotent
'0000000001,'1111101110,'0000000100,'0000000000,Regular Zero Divisor
'0010000000,'1111101110,'0000000010,'0000000000,Regular Zero Divisor
'0000100000,'1111101110,'0000000010,'0000000000,Regular Zero Divisor
'0000000100,'1111101110,'0000000010,'0000000000,Regular Zero Divisor
'0000000010,'1111101110,'0000000010,'0000000010,Idempotent
'0000000001,'1111101110,'0000000010,'0000000000,Regular Zero Divisor
'0010000000,'1111101110,'0000000001,'0000000000,Regular Zero Divisor
'0000100000,'1111101110,'0000000001,'0000000000,Regular Zero Divisor
'0000000100,'1111101110,'0000000001,'0000000000,Regular Zero Divisor
'0000000001,'1111101110,'0000000001,'0000000000,Nilpotent
'1000000000,'1010011110,'1000000000,'1000000000,Idempotent
'0010000000,'1010011110,'1000000000,'0000000000,Regular Zero Divisor
'0000000100,'1010011110,'1000000000,'0000000000,Regular Zero Divisor
'0100000000,'1010011110,'0100000000,'0100000000,Idempotent
'0010000000,'1010011110,'0100000000,'0000000000,Regular Zero Divisor
'0000000100,'1010011110,'0100000000,'0000000000,Regular Zero Divisor
'0010000000,'1010011110,'0010000000,'0000000000,Nilpotent
'0000000100,'1010011110,'0010000000,'0000000000,Regular Zero Divisor
'0010000000,'1010011110,'0001000000,'0000000000,Regular Zero Divisor
'0001000000,'1010011110,'0001000000,'0001000000,Idempotent
'0000000100,'1010011110,'0001000000,'0000000000,Regular Zero Divisor
'0010000000,'1010011110,'0000100000,'0000000000,Regular Zero Divisor
'0000100000,'1010011110,'0000100000,'0000100000,Idempotent
'0000000100,'1010011110,'0000100000,'0000000000,Regular Zero Divisor
'1000000000,'1010011110,'0000010000,'0000000000,Regular Zero Divisor
'0100000000,'1010011110,'0000010000,'0000000000,Regular Zero Divisor
'0000100000,'1010011110,'0000010000,'0000000000,Regular Zero Divisor
'0000010000,'1010011110,'0000010000,'0000000000,Nilpotent
'0000001000,'1010011110,'0000010000,'0000000000,Regular Zero Divisor
'0000000001,'1010011110,'0000010000,'0000000000,Regular Zero Divisor
'1000000000,'1010011110,'0000001000,'0000000000,Regular Zero Divisor
'0100000000,'1010011110,'0000001000,'0000000000,Regular Zero Divisor
'0000100000,'1010011110,'0000001000,'0000000000,Regular Zero Divisor
'0000010000,'1010011110,'0000001000,'0000000000,Regular Zero Divisor
'0000001000,'1010011110,'0000001000,'0000000000,Nilpotent
'0000000001,'1010011110,'0000001000,'0000000000,Regular Zero Divisor
'1000000000,'1010011110,'0000000100,'0000000000,Regular Zero Divisor
'0100000000,'1010011110,'0000000100,'0000000000,Regular Zero Divisor
'0000100000,'1010011110,'0000000100,'0000000000,Regular Zero Divisor
'0000010000,'1010011110,'0000000100,'0000000000,Regular Zero Divisor
'0000001000,'1010011110,'0000000100,'0000000000,Regular Zero Divisor
'0000000100,'1010011110,'0000000100,'0000000100,Idempotent
'0000000001,'1010011110,'0000000100,'0000000000,Regular Zero Divisor
'1000000000,'1010011110,'0000000010,'0000000000,Regular Zero Divisor
'0100000000,'1010011110,'0000000010,'0000000000,Regular Zero Divisor
'0000100000,'1010011110,'0000000010,'0000000000,Regular Zero Divisor
'0000010000,'1010011110,'0000000010,'0000000000,Regular Zero Divisor
'0000001000,'1010011110,'0000000010,'0000000000,Regular Zero Divisor
'0000000010,'1010011110,'0000000010,'0000000010,Idempotent
'0000000001,'1010011110,'0000000010,'0000000000,Regular Zero Divisor
'1000000000,'1010011110,'0000000001,'0000000000,Regular Zero Divisor
'0100000000,'1010011110,'0000000001,'0000000000,Regular Zero Divisor
'0000100000,'1010011110,'0000000001,'0000000000,Regular Zero Divisor
'0000010000,'1010011110,'0000000001,'0000000000,Regular Zero Divisor
'0000001000,'1010011110,'0000000001,'0000000000,Regular Zero Divisor
'0000000001,'1010011110,'0000000001,'0000000000,Nilpotent
'1000000000,'0110011110,'1000000000,'0000000000,Nilpotent
'0010000000,'0110011110,'1000000000,'0000000000,Regular Zero Divisor
'0000010000,'0110011110,'1000000000,'0000000000,Regular Zero Divisor
'0000000100,'0110011110,'1000000000,'0000000000,Regular Zero Divisor
'1000000000,'0110011110,'0100000000,'0000000000,Regular Zero Divisor
'0100000000,'0110011110,'0100000000,'0100000000,Idempotent
'0010000000,'0110011110,'0100000000,'0000000000,Regular Zero Divisor
'0000010000,'0110011110,'0100000000,'0000000000,Regular Zero Divisor
'0000000100,'0110011110,'0100000000,'0000000000,Regular Zero Divisor
'1000000000,'0110011110,'0010000000,'0000000000,Regular Zero Divisor
'0010000000,'0110011110,'0010000000,'0000000000,Nilpotent
'0000010000,'0110011110,'0010000000,'0000000000,Regular Zero Divisor
'0000000100,'0110011110,'0010000000,'0000000000,Regular Zero Divisor
'1000000000,'0110011110,'0001000000,'0000000000,Regular Zero Divisor
'0010000000,'0110011110,'0001000000,'0000000000,Regular Zero Divisor
'0001000000,'0110011110,'0001000000,'0001000000,Idempotent
'0000010000,'0110011110,'0001000000,'0000000000,Regular Zero Divisor
'0000000100,'0110011110,'0001000000,'0000000000,Regular Zero Divisor
'1000000000,'0110011110,'0000100000,'0000000000,Regular Zero Divisor
'0010000000,'0110011110,'0000100000,'0000000000,Regular Zero Divisor
'0000100000,'0110011110,'0000100000,'0000100000,Idempotent
'0000010000,'0110011110,'0000100000,'0000000000,Regular Zero Divisor
'0000000100,'0110011110,'0000100000,'0000000000,Regular Zero Divisor
'0100000000,'0110011110,'0000010000,'0000000000,Regular Zero Divisor
'0000100000,'0110011110,'0000010000,'0000000000,Regular Zero Divisor
'0000010000,'0110011110,'0000010000,'0000010000,Idempotent
'0000001000,'0110011110,'0000010000,'0000000000,Regular Zero Divisor
'0000000001,'0110011110,'0000010000,'0000000000,Regular Zero Divisor
'0100000000,'0110011110,'0000001000,'0000000000,Regular Zero Divisor
'0000100000,'0110011110,'0000001000,'0000000000,Regular Zero Divisor
'0000001000,'0110011110,'0000001000,'0000000000,Nilpotent
'0000000001,'0110011110,'0000001000,'0000000000,Regular Zero Divisor
'0100000000,'0110011110,'0000000100,'0000000000,Regular Zero Divisor
'0000100000,'0110011110,'0000000100,'0000000000,Regular Zero Divisor
'0000001000,'0110011110,'0000000100,'0000000000,Regular Zero Divisor
'0000000100,'0110011110,'0000000100,'0000000100,Idempotent
'0000000001,'0110011110,'0000000100,'0000000000,Regular Zero Divisor
'0100000000,'0110011110,'0000000010,'0000000000,Regular Zero Divisor
'0000100000,'0110011110,'0000000010,'0000000000,Regular Zero Divisor
'0000001000,'0110011110,'0000000010,'0000000000,Regular Zero Divisor
'0000000010,'0110011110,'0000000010,'0000000010,Idempotent
'0000000001,'0110011110,'0000000010,'0000000000,Regular Zero Divisor
'0100000000,'0110011110,'0000000001,'0000000000,Regular Zero Divisor
'0000100000,'0110011110,'0000000001,'0000000000,Regular Zero Divisor
'0000001000,'0110011110,'0000000001,'0000000000,Regular Zero Divisor
'0000000001,'0110011110,'0000000001,'0000000000,Nilpotent
'1000000000,'1110011110,'1000000000,'1000000000,Idempotent
'0010000000,'1110011110,'1000000000,'0000000000,Regular Zero Divisor
'0000000100,'1110011110,'1000000000,'0000000000,Regular Zero Divisor
'0100000000,'1110011110,'0100000000,'0100000000,Idempotent
'0010000000,'1110011110,'0100000000,'0000000000,Regular Zero Divisor
'0000000100,'1110011110,'0100000000,'0000000000,Regular Zero Divisor
'0010000000,'1110011110,'0010000000,'0000000000,Nilpotent
'0000000100,'1110011110,'0010000000,'0000000000,Regular Zero Divisor
'0010000000,'1110011110,'0001000000,'0000000000,Regular Zero Divisor
'0001000000,'1110011110,'0001000000,'0001000000,Idempotent
'0000000100,'1110011110,'0001000000,'0000000000,Regular Zero Divisor
'0010000000,'1110011110,'0000100000,'0000000000,Regular Zero Divisor
'0000100000,'1110011110,'0000100000,'0000100000,Idempotent
'0000000100,'1110011110,'0000100000,'0000000000,Regular Zero Divisor
'0100000000,'1110011110,'0000010000,'0000000000,Regular Zero Divisor
'0000100000,'1110011110,'0000010000,'0000000000,Regular Zero Divisor
'0000010000,'1110011110,'0000010000,'0000010000,Idempotent
'0000001000,'1110011110,'0000010000,'0000000000,Regular Zero Divisor
'0000000001,'1110011110,'0000010000,'0000000000,Regular Zero Divisor
'0100000000,'1110011110,'0000001000,'0000000000,Regular Zero Divisor
'0000100000,'1110011110,'0000001000,'0000000000,Regular Zero Divisor
'0000001000,'1110011110,'0000001000,'0000000000,Nilpotent
'0000000001,'1110011110,'0000001000,'0000000000,Regular Zero Divisor
'0100000000,'1110011110,'0000000100,'0000000000,Regular Zero Divisor
'0000100000,'1110011110,'0000000100,'0000000000,Regular Zero Divisor
'0000001000,'1110011110,'0000000100,'0000000000,Regular Zero Divisor
'0000000100,'1110011110,'0000000100,'0000000100,Idempotent
'0000000001,'1110011110,'0000000100,'0000000000,Regular Zero Divisor
'0100000000,'1110011110,'0000000010,'0000000000,Regular Zero Divisor
'0000100000,'1110011110,'0000000010,'0000000000,Regular Zero Divisor
'0000001000,'1110011110,'0000000010,'0000000000,Regular Zero Divisor
'0000000010,'1110011110,'0000000010,'0000000010,Idempotent
'0000000001,'1110011110,'0000000010,'0000000000,Regular Zero Divisor
'0100000000,'1110011110,'0000000001,'0000000000,Regular Zero Divisor
'0000100000,'1110011110,'0000000001,'0000000000,Regular Zero Divisor
'0000001000,'1110011110,'0000000001,'0000000000,Regular Zero Divisor
'0000000001,'1110011110,'0000000001,'0000000000,Nilpotent
'1000000000,'1001011110,'1000000000,'1000000000,Idempotent
'0100000000,'1001011110,'1000000000,'0000000000,Regular Zero Divisor
'0010000000,'1001011110,'1000000000,'0000000000,Regular Zero Divisor
'0000001000,'1001011110,'1000000000,'0000000000,Regular Zero Divisor
'0000000100,'1001011110,'1000000000,'0000000000,Regular Zero Divisor
'0100000000,'1001011110,'0100000000,'0000000000,Nilpotent
'0010000000,'1001011110,'0100000000,'0000000000,Regular Zero Divisor
'0000001000,'1001011110,'0100000000,'0000000000,Regular Zero Divisor
'0000000100,'1001011110,'0100000000,'0000000000,Regular Zero Divisor
'0100000000,'1001011110,'0010000000,'0000000000,Regular Zero Divisor
'0010000000,'1001011110,'0010000000,'0000000000,Nilpotent
'0000001000,'1001011110,'0010000000,'0000000000,Regular Zero Divisor
'0000000100,'1001011110,'0010000000,'0000000000,Regular Zero Divisor
'0100000000,'1001011110,'0001000000,'0000000000,Regular Zero Divisor
'0010000000,'1001011110,'0001000000,'0000000000,Regular Zero Divisor
'0001000000,'1001011110,'0001000000,'0001000000,Idempotent
'0000001000,'1001011110,'0001000000,'0000000000,Regular Zero Divisor
'0000000100,'1001011110,'0001000000,'0000000000,Regular Zero Divisor
'0100000000,'1001011110,'0000100000,'0000000000,Regular Zero Divisor
'0010000000,'1001011110,'0000100000,'0000000000,Regular Zero Divisor
'0000100000,'1001011110,'0000100000,'0000100000,Idempotent
'0000001000,'1001011110,'0000100000,'0000000000,Regular Zero Divisor
'0000000100,'1001011110,'0000100000,'0000000000,Regular Zero Divisor
'1000000000,'1001011110,'0000010000,'0000000000,Regular Zero Divisor
'0000100000,'1001011110,'0000010000,'0000000000,Regular Zero Divisor
'0000010000,'1001011110,'0000010000,'0000000000,Nilpotent
'0000000001,'1001011110,'0000010000,'0000000000,Regular Zero Divisor
'1000000000,'1001011110,'0000001000,'0000000000,Regular Zero Divisor
'0000100000,'1001011110,'0000001000,'0000000000,Regular Zero Divisor
'0000010000,'1001011110,'0000001000,'0000000000,Regular Zero Divisor
'0000001000,'1001011110,'0000001000,'0000001000,Idempotent
'0000000001,'1001011110,'0000001000,'0000000000,Regular Zero Divisor
'1000000000,'1001011110,'0000000100,'0000000000,Regular Zero Divisor
'0000100000,'1001011110,'0000000100,'0000000000,Regular Zero Divisor
'0000010000,'1001011110,'0000000100,'0000000000,Regular Zero Divisor
'0000000100,'1001011110,'0000000100,'0000000100,Idempotent
'0000000001,'1001011110,'0000000100,'0000000000,Regular Zero Divisor
'1000000000,'1001011110,'0000000010,'0000000000,Regular Zero Divisor
'0000100000,'1001011110,'0000000010,'0000000000,Regular Zero Divisor
'0000010000,'1001011110,'0000000010,'0000000000,Regular Zero Divisor
'0000000010,'1001011110,'0000000010,'0000000010,Idempotent
'0000000001,'1001011110,'0000000010,'0000000000,Regular Zero Divisor
'1000000000,'1001011110,'0000000001,'0000000000,Regular Zero Divisor
'0000100000,'1001011110,'0000000001,'0000000000,Regular Zero Divisor
'0000010000,'1001011110,'0000000001,'0000000000,Regular Zero Divisor
'0000000001,'1001011110,'0000000001,'0000000000,Nilpotent
'1000000000,'0101011110,'1000000000,'0000000000,Nilpotent
'0100000000,'0101011110,'1000000000,'0000000000,Regular Zero Divisor
'0010000000,'0101011110,'1000000000,'0000000000,Regular Zero Divisor
'0000010000,'0101011110,'1000000000,'0000000000,Regular Zero Divisor
'0000001000,'0101011110,'1000000000,'0000000000,Regular Zero Divisor
'0000000100,'0101011110,'1000000000,'0000000000,Regular Zero Divisor
'1000000000,'0101011110,'0100000000,'0000000000,Regular Zero Divisor
'0100000000,'0101011110,'0100000000,'0000000000,Nilpotent
'0010000000,'0101011110,'0100000000,'0000000000,Regular Zero Divisor
'0000010000,'0101011110,'0100000000,'0000000000,Regular Zero Divisor
'0000001000,'0101011110,'0100000000,'0000000000,Regular Zero Divisor
'0000000100,'0101011110,'0100000000,'0000000000,Regular Zero Divisor
'1000000000,'0101011110,'0010000000,'0000000000,Regular Zero Divisor
'0100000000,'0101011110,'0010000000,'0000000000,Regular Zero Divisor
'0010000000,'0101011110,'0010000000,'0000000000,Nilpotent
'0000010000,'0101011110,'0010000000,'0000000000,Regular Zero Divisor
'0000001000,'0101011110,'0010000000,'0000000000,Regular Zero Divisor
'0000000100,'0101011110,'0010000000,'0000000000,Regular Zero Divisor
'1000000000,'0101011110,'0001000000,'0000000000,Regular Zero Divisor
'0100000000,'0101011110,'0001000000,'0000000000,Regular Zero Divisor
'0010000000,'0101011110,'0001000000,'0000000000,Regular Zero Divisor
'0001000000,'0101011110,'0001000000,'0001000000,Idempotent
'0000010000,'0101011110,'0001000000,'0000000000,Regular Zero Divisor
'0000001000,'0101011110,'0001000000,'0000000000,Regular Zero Divisor
'0000000100,'0101011110,'0001000000,'0000000000,Regular Zero Divisor
'1000000000,'0101011110,'0000100000,'0000000000,Regular Zero Divisor
'0100000000,'0101011110,'0000100000,'0000000000,Regular Zero Divisor
'0010000000,'0101011110,'0000100000,'0000000000,Regular Zero Divisor
'0000100000,'0101011110,'0000100000,'0000100000,Idempotent
'0000010000,'0101011110,'0000100000,'0000000000,Regular Zero Divisor
'0000001000,'0101011110,'0000100000,'0000000000,Regular Zero Divisor
'0000000100,'0101011110,'0000100000,'0000000000,Regular Zero Divisor
'0000100000,'0101011110,'0000010000,'0000000000,Regular Zero Divisor
'0000010000,'0101011110,'0000010000,'0000010000,Idempotent
'0000000001,'0101011110,'0000010000,'0000000000,Regular Zero Divisor
'0000100000,'0101011110,'0000001000,'0000000000,Regular Zero Divisor
'0000001000,'0101011110,'0000001000,'0000001000,Idempotent
'0000000001,'0101011110,'0000001000,'0000000000,Regular Zero Divisor
'0000100000,'0101011110,'0000000100,'0000000000,Regular Zero Divisor
'0000000100,'0101011110,'0000000100,'0000000100,Idempotent
'0000000001,'0101011110,'0000000100,'0000000000,Regular Zero Divisor
'0000100000,'0101011110,'0000000010,'0000000000,Regular Zero Divisor
'0000000010,'0101011110,'0000000010,'0000000010,Idempotent
'0000000001,'0101011110,'0000000010,'0000000000,Regular Zero Divisor
'0000100000,'0101011110,'0000000001,'0000000000,Regular Zero Divisor
'0000000001,'0101011110,'0000000001,'0000000000,Nilpotent
'1000000000,'1101011110,'1000000000,'1000000000,Idempotent
'0100000000,'1101011110,'1000000000,'0000000000,Regular Zero Divisor
'0010000000,'1101011110,'1000000000,'0000000000,Regular Zero Divisor
'0000001000,'1101011110,'1000000000,'0000000000,Regular Zero Divisor
'0000000100,'1101011110,'1000000000,'0000000000,Regular Zero Divisor
'0100000000,'1101011110,'0100000000,'0000000000,Nilpotent
'0010000000,'1101011110,'0100000000,'0000000000,Regular Zero Divisor
'0000001000,'1101011110,'0100000000,'0000000000,Regular Zero Divisor
'0000000100,'1101011110,'0100000000,'0000000000,Regular Zero Divisor
'0100000000,'1101011110,'0010000000,'0000000000,Regular Zero Divisor
'0010000000,'1101011110,'0010000000,'0000000000,Nilpotent
'0000001000,'1101011110,'0010000000,'0000000000,Regular Zero Divisor
'0000000100,'1101011110,'0010000000,'0000000000,Regular Zero Divisor
'0100000000,'1101011110,'0001000000,'0000000000,Regular Zero Divisor
'0010000000,'1101011110,'0001000000,'0000000000,Regular Zero Divisor
'0001000000,'1101011110,'0001000000,'0001000000,Idempotent
'0000001000,'1101011110,'0001000000,'0000000000,Regular Zero Divisor
'0000000100,'1101011110,'0001000000,'0000000000,Regular Zero Divisor
'0100000000,'1101011110,'0000100000,'0000000000,Regular Zero Divisor
'0010000000,'1101011110,'0000100000,'0000000000,Regular Zero Divisor
'0000100000,'1101011110,'0000100000,'0000100000,Idempotent
'0000001000,'1101011110,'0000100000,'0000000000,Regular Zero Divisor
'0000000100,'1101011110,'0000100000,'0000000000,Regular Zero Divisor
'0000100000,'1101011110,'0000010000,'0000000000,Regular Zero Divisor
'0000010000,'1101011110,'0000010000,'0000010000,Idempotent
'0000000001,'1101011110,'0000010000,'0000000000,Regular Zero Divisor
'0000100000,'1101011110,'0000001000,'0000000000,Regular Zero Divisor
'0000001000,'1101011110,'0000001000,'0000001000,Idempotent
'0000000001,'1101011110,'0000001000,'0000000000,Regular Zero Divisor
'0000100000,'1101011110,'0000000100,'0000000000,Regular Zero Divisor
'0000000100,'1101011110,'0000000100,'0000000100,Idempotent
'0000000001,'1101011110,'0000000100,'0000000000,Regular Zero Divisor
'0000100000,'1101011110,'0000000010,'0000000000,Regular Zero Divisor
'0000000010,'1101011110,'0000000010,'0000000010,Idempotent
'0000000001,'1101011110,'0000000010,'0000000000,Regular Zero Divisor
'0000100000,'1101011110,'0000000001,'0000000000,Regular Zero Divisor
'0000000001,'1101011110,'0000000001,'0000000000,Nilpotent
'1000000000,'1011011110,'1000000000,'1000000000,Idempotent
'0010000000,'1011011110,'1000000000,'0000000000,Regular Zero Divisor
'0000000100,'1011011110,'1000000000,'0000000000,Regular Zero Divisor
'0100000000,'1011011110,'0100000000,'0100000000,Idempotent
'0010000000,'1011011110,'0100000000,'0000000000,Regular Zero Divisor
'0000000100,'1011011110,'0100000000,'0000000000,Regular Zero Divisor
'0010000000,'1011011110,'0010000000,'0000000000,Nilpotent
'0000000100,'1011011110,'0010000000,'0000000000,Regular Zero Divisor
'0010000000,'1011011110,'0001000000,'0000000000,Regular Zero Divisor
'0001000000,'1011011110,'0001000000,'0001000000,Idempotent
'0000000100,'1011011110,'0001000000,'0000000000,Regular Zero Divisor
'0010000000,'1011011110,'0000100000,'0000000000,Regular Zero Divisor
'0000100000,'1011011110,'0000100000,'0000100000,Idempotent
'0000000100,'1011011110,'0000100000,'0000000000,Regular Zero Divisor
'1000000000,'1011011110,'0000010000,'0000000000,Regular Zero Divisor
'0000100000,'1011011110,'0000010000,'0000000000,Regular Zero Divisor
'0000010000,'1011011110,'0000010000,'0000000000,Nilpotent
'0000000001,'1011011110,'0000010000,'0000000000,Regular Zero Divisor
'1000000000,'1011011110,'0000001000,'0000000000,Regular Zero Divisor
'0000100000,'1011011110,'0000001000,'0000000000,Regular Zero Divisor
'0000010000,'1011011110,'0000001000,'0000000000,Regular Zero Divisor
'0000001000,'1011011110,'0000001000,'0000001000,Idempotent
'0000000001,'1011011110,'0000001000,'0000000000,Regular Zero Divisor
'1000000000,'1011011110,'0000000100,'0000000000,Regular Zero Divisor
'0000100000,'1011011110,'0000000100,'0000000000,Regular Zero Divisor
'0000010000,'1011011110,'0000000100,'0000000000,Regular Zero Divisor
'0000000100,'1011011110,'0000000100,'0000000100,Idempotent
'0000000001,'1011011110,'0000000100,'0000000000,Regular Zero Divisor
'1000000000,'1011011110,'0000000010,'0000000000,Regular Zero Divisor
'0000100000,'1011011110,'0000000010,'0000000000,Regular Zero Divisor
'0000010000,'1011011110,'0000000010,'0000000000,Regular Zero Divisor
'0000000010,'1011011110,'0000000010,'0000000010,Idempotent
'0000000001,'1011011110,'0000000010,'0000000000,Regular Zero Divisor
'1000000000,'1011011110,'0000000001,'0000000000,Regular Zero Divisor
'0000100000,'1011011110,'0000000001,'0000000000,Regular Zero Divisor
'0000010000,'1011011110,'0000000001,'0000000000,Regular Zero Divisor
'0000000001,'1011011110,'0000000001,'0000000000,Nilpotent
'1000000000,'0111011110,'1000000000,'0000000000,Nilpotent
'0010000000,'0111011110,'1000000000,'0000000000,Regular Zero Divisor
'0000010000,'0111011110,'1000000000,'0000000000,Regular Zero Divisor
'0000000100,'0111011110,'1000000000,'0000000000,Regular Zero Divisor
'1000000000,'0111011110,'0100000000,'0000000000,Regular Zero Divisor
'0100000000,'0111011110,'0100000000,'0100000000,Idempotent
'0010000000,'0111011110,'0100000000,'0000000000,Regular Zero Divisor
'0000010000,'0111011110,'0100000000,'0000000000,Regular Zero Divisor
'0000000100,'0111011110,'0100000000,'0000000000,Regular Zero Divisor
'1000000000,'0111011110,'0010000000,'0000000000,Regular Zero Divisor
'0010000000,'0111011110,'0010000000,'0000000000,Nilpotent
'0000010000,'0111011110,'0010000000,'0000000000,Regular Zero Divisor
'0000000100,'0111011110,'0010000000,'0000000000,Regular Zero Divisor
'1000000000,'0111011110,'0001000000,'0000000000,Regular Zero Divisor
'0010000000,'0111011110,'0001000000,'0000000000,Regular Zero Divisor
'0001000000,'0111011110,'0001000000,'0001000000,Idempotent
'0000010000,'0111011110,'0001000000,'0000000000,Regular Zero Divisor
'0000000100,'0111011110,'0001000000,'0000000000,Regular Zero Divisor
'1000000000,'0111011110,'0000100000,'0000000000,Regular Zero Divisor
'0010000000,'0111011110,'0000100000,'0000000000,Regular Zero Divisor
'0000100000,'0111011110,'0000100000,'0000100000,Idempotent
'0000010000,'0111011110,'0000100000,'0000000000,Regular Zero Divisor
'0000000100,'0111011110,'0000100000,'0000000000,Regular Zero Divisor
'0000100000,'0111011110,'0000010000,'0000000000,Regular Zero Divisor
'0000010000,'0111011110,'0000010000,'0000010000,Idempotent
'0000000001,'0111011110,'0000010000,'0000000000,Regular Zero Divisor
'0000100000,'0111011110,'0000001000,'0000000000,Regular Zero Divisor
'0000001000,'0111011110,'0000001000,'0000001000,Idempotent
'0000000001,'0111011110,'0000001000,'0000000000,Regular Zero Divisor
'0000100000,'0111011110,'0000000100,'0000000000,Regular Zero Divisor
'0000000100,'0111011110,'0000000100,'0000000100,Idempotent
'0000000001,'0111011110,'0000000100,'0000000000,Regular Zero Divisor
'0000100000,'0111011110,'0000000010,'0000000000,Regular Zero Divisor
'0000000010,'0111011110,'0000000010,'0000000010,Idempotent
'0000000001,'0111011110,'0000000010,'0000000000,Regular Zero Divisor
'0000100000,'0111011110,'0000000001,'0000000000,Regular Zero Divisor
'0000000001,'0111011110,'0000000001,'0000000000,Nilpotent
'1000000000,'1111011110,'1000000000,'1000000000,Idempotent
'0010000000,'1111011110,'1000000000,'0000000000,Regular Zero Divisor
'0000000100,'1111011110,'1000000000,'0000000000,Regular Zero Divisor
'0100000000,'1111011110,'0100000000,'0100000000,Idempotent
'0010000000,'1111011110,'0100000000,'0000000000,Regular Zero Divisor
'0000000100,'1111011110,'0100000000,'0000000000,Regular Zero Divisor
'0010000000,'1111011110,'0010000000,'0000000000,Nilpotent
'0000000100,'1111011110,'0010000000,'0000000000,Regular Zero Divisor
'0010000000,'1111011110,'0001000000,'0000000000,Regular Zero Divisor
'0001000000,'1111011110,'0001000000,'0001000000,Idempotent
'0000000100,'1111011110,'0001000000,'0000000000,Regular Zero Divisor
'0010000000,'1111011110,'0000100000,'0000000000,Regular Zero Divisor
'0000100000,'1111011110,'0000100000,'0000100000,Idempotent
'0000000100,'1111011110,'0000100000,'0000000000,Regular Zero Divisor
'0000100000,'1111011110,'0000010000,'0000000000,Regular Zero Divisor
'0000010000,'1111011110,'0000010000,'0000010000,Idempotent
'0000000001,'1111011110,'0000010000,'0000000000,Regular Zero Divisor
'0000100000,'1111011110,'0000001000,'0000000000,Regular Zero Divisor
'0000001000,'1111011110,'0000001000,'0000001000,Idempotent
'0000000001,'1111011110,'0000001000,'0000000000,Regular Zero Divisor
'0000100000,'1111011110,'0000000100,'0000000000,Regular Zero Divisor
'0000000100,'1111011110,'0000000100,'0000000100,Idempotent
'0000000001,'1111011110,'0000000100,'0000000000,Regular Zero Divisor
'0000100000,'1111011110,'0000000010,'0000000000,Regular Zero Divisor
'0000000010,'1111011110,'0000000010,'0000000010,Idempotent
'0000000001,'1111011110,'0000000010,'0000000000,Regular Zero Divisor
'0000100000,'1111011110,'0000000001,'0000000000,Regular Zero Divisor
'0000000001,'1111011110,'0000000001,'0000000000,Nilpotent
'1000000000,'1010111110,'1000000000,'1000000000,Idempotent
'0100000000,'1010111110,'0100000000,'0100000000,Idempotent
'0010000000,'1010111110,'0010000000,'0010000000,Idempotent
'0001000000,'1010111110,'0001000000,'0001000000,Idempotent
'0000100000,'1010111110,'0000100000,'0000100000,Idempotent
'1000000000,'1010111110,'0000010000,'0000000000,Regular Zero Divisor
'0100000000,'1010111110,'0000010000,'0000000000,Regular Zero Divisor
'0000100000,'1010111110,'0000010000,'0000000000,Regular Zero Divisor
'0000010000,'1010111110,'0000010000,'0000000000,Nilpotent
'0000001000,'1010111110,'0000010000,'0000000000,Regular Zero Divisor
'0000000001,'1010111110,'0000010000,'0000000000,Regular Zero Divisor
'1000000000,'1010111110,'0000001000,'0000000000,Regular Zero Divisor
'0100000000,'1010111110,'0000001000,'0000000000,Regular Zero Divisor
'0000100000,'1010111110,'0000001000,'0000000000,Regular Zero Divisor
'0000010000,'1010111110,'0000001000,'0000000000,Regular Zero Divisor
'0000001000,'1010111110,'0000001000,'0000000000,Nilpotent
'0000000001,'1010111110,'0000001000,'0000000000,Regular Zero Divisor
'1000000000,'1010111110,'0000000100,'0000000000,Regular Zero Divisor
'0100000000,'1010111110,'0000000100,'0000000000,Regular Zero Divisor
'0000100000,'1010111110,'0000000100,'0000000000,Regular Zero Divisor
'0000010000,'1010111110,'0000000100,'0000000000,Regular Zero Divisor
'0000001000,'1010111110,'0000000100,'0000000000,Regular Zero Divisor
'0000000100,'1010111110,'0000000100,'0000000100,Idempotent
'0000000001,'1010111110,'0000000100,'0000000000,Regular Zero Divisor
'1000000000,'1010111110,'0000000010,'0000000000,Regular Zero Divisor
'0100000000,'1010111110,'0000000010,'0000000000,Regular Zero Divisor
'0000100000,'1010111110,'0000000010,'0000000000,Regular Zero Divisor
'0000010000,'1010111110,'0000000010,'0000000000,Regular Zero Divisor
'0000001000,'1010111110,'0000000010,'0000000000,Regular Zero Divisor
'0000000010,'1010111110,'0000000010,'0000000010,Idempotent
'0000000001,'1010111110,'0000000010,'0000000000,Regular Zero Divisor
'1000000000,'1010111110,'0000000001,'0000000000,Regular Zero Divisor
'0100000000,'1010111110,'0000000001,'0000000000,Regular Zero Divisor
'0000100000,'1010111110,'0000000001,'0000000000,Regular Zero Divisor
'0000010000,'1010111110,'0000000001,'0000000000,Regular Zero Divisor
'0000001000,'1010111110,'0000000001,'0000000000,Regular Zero Divisor
'0000000001,'1010111110,'0000000001,'0000000000,Nilpotent
'1000000000,'0110111110,'1000000000,'0000000000,Nilpotent
'0000010000,'0110111110,'1000000000,'0000000000,Regular Zero Divisor
'1000000000,'0110111110,'0100000000,'0000000000,Regular Zero Divisor
'0100000000,'0110111110,'0100000000,'0100000000,Idempotent
'0000010000,'0110111110,'0100000000,'0000000000,Regular Zero Divisor
'1000000000,'0110111110,'0010000000,'0000000000,Regular Zero Divisor
'0010000000,'0110111110,'0010000000,'0010000000,Idempotent
'0000010000,'0110111110,'0010000000,'0000000000,Regular Zero Divisor
'1000000000,'0110111110,'0001000000,'0000000000,Regular Zero Divisor
'0001000000,'0110111110,'0001000000,'0001000000,Idempotent
'0000010000,'0110111110,'0001000000,'0000000000,Regular Zero Divisor
'1000000000,'0110111110,'0000100000,'0000000000,Regular Zero Divisor
'0000100000,'0110111110,'0000100000,'0000100000,Idempotent
'0000010000,'0110111110,'0000100000,'0000000000,Regular Zero Divisor
'0100000000,'0110111110,'0000010000,'0000000000,Regular Zero Divisor
'0000100000,'0110111110,'0000010000,'0000000000,Regular Zero Divisor
'0000010000,'0110111110,'0000010000,'0000010000,Idempotent
'0000001000,'0110111110,'0000010000,'0000000000,Regular Zero Divisor
'0000000001,'0110111110,'0000010000,'0000000000,Regular Zero Divisor
'0100000000,'0110111110,'0000001000,'0000000000,Regular Zero Divisor
'0000100000,'0110111110,'0000001000,'0000000000,Regular Zero Divisor
'0000001000,'0110111110,'0000001000,'0000000000,Nilpotent
'0000000001,'0110111110,'0000001000,'0000000000,Regular Zero Divisor
'0100000000,'0110111110,'0000000100,'0000000000,Regular Zero Divisor
'0000100000,'0110111110,'0000000100,'0000000000,Regular Zero Divisor
'0000001000,'0110111110,'0000000100,'0000000000,Regular Zero Divisor
'0000000100,'0110111110,'0000000100,'0000000100,Idempotent
'0000000001,'0110111110,'0000000100,'0000000000,Regular Zero Divisor
'0100000000,'0110111110,'0000000010,'0000000000,Regular Zero Divisor
'0000100000,'0110111110,'0000000010,'0000000000,Regular Zero Divisor
'0000001000,'0110111110,'0000000010,'0000000000,Regular Zero Divisor
'0000000010,'0110111110,'0000000010,'0000000010,Idempotent
'0000000001,'0110111110,'0000000010,'0000000000,Regular Zero Divisor
'0100000000,'0110111110,'0000000001,'0000000000,Regular Zero Divisor
'0000100000,'0110111110,'0000000001,'0000000000,Regular Zero Divisor
'0000001000,'0110111110,'0000000001,'0000000000,Regular Zero Divisor
'0000000001,'0110111110,'0000000001,'0000000000,Nilpotent
'1000000000,'1110111110,'1000000000,'1000000000,Idempotent
'0100000000,'1110111110,'0100000000,'0100000000,Idempotent
'0010000000,'1110111110,'0010000000,'0010000000,Idempotent
'0001000000,'1110111110,'0001000000,'0001000000,Idempotent
'0000100000,'1110111110,'0000100000,'0000100000,Idempotent
'0100000000,'1110111110,'0000010000,'0000000000,Regular Zero Divisor
'0000100000,'1110111110,'0000010000,'0000000000,Regular Zero Divisor
'0000010000,'1110111110,'0000010000,'0000010000,Idempotent
'0000001000,'1110111110,'0000010000,'0000000000,Regular Zero Divisor
'0000000001,'1110111110,'0000010000,'0000000000,Regular Zero Divisor
'0100000000,'1110111110,'0000001000,'0000000000,Regular Zero Divisor
'0000100000,'1110111110,'0000001000,'0000000000,Regular Zero Divisor
'0000001000,'1110111110,'0000001000,'0000000000,Nilpotent
'0000000001,'1110111110,'0000001000,'0000000000,Regular Zero Divisor
'0100000000,'1110111110,'0000000100,'0000000000,Regular Zero Divisor
'0000100000,'1110111110,'0000000100,'0000000000,Regular Zero Divisor
'0000001000,'1110111110,'0000000100,'0000000000,Regular Zero Divisor
'0000000100,'1110111110,'0000000100,'0000000100,Idempotent
'0000000001,'1110111110,'0000000100,'0000000000,Regular Zero Divisor
'0100000000,'1110111110,'0000000010,'0000000000,Regular Zero Divisor
'0000100000,'1110111110,'0000000010,'0000000000,Regular Zero Divisor
'0000001000,'1110111110,'0000000010,'0000000000,Regular Zero Divisor
'0000000010,'1110111110,'0000000010,'0000000010,Idempotent
'0000000001,'1110111110,'0000000010,'0000000000,Regular Zero Divisor
'0100000000,'1110111110,'0000000001,'0000000000,Regular Zero Divisor
'0000100000,'1110111110,'0000000001,'0000000000,Regular Zero Divisor
'0000001000,'1110111110,'0000000001,'0000000000,Regular Zero Divisor
'0000000001,'1110111110,'0000000001,'0000000000,Nilpotent
'1000000000,'1001111110,'1000000000,'1000000000,Idempotent
'0100000000,'1001111110,'1000000000,'0000000000,Regular Zero Divisor
'0000001000,'1001111110,'1000000000,'0000000000,Regular Zero Divisor
'0100000000,'1001111110,'0100000000,'0000000000,Nilpotent
'0000001000,'1001111110,'0100000000,'0000000000,Regular Zero Divisor
'0100000000,'1001111110,'0010000000,'0000000000,Regular Zero Divisor
'0010000000,'1001111110,'0010000000,'0010000000,Idempotent
'0000001000,'1001111110,'0010000000,'0000000000,Regular Zero Divisor
'0100000000,'1001111110,'0001000000,'0000000000,Regular Zero Divisor
'0001000000,'1001111110,'0001000000,'0001000000,Idempotent
'0000001000,'1001111110,'0001000000,'0000000000,Regular Zero Divisor
'0100000000,'1001111110,'0000100000,'0000000000,Regular Zero Divisor
'0000100000,'1001111110,'0000100000,'0000100000,Idempotent
'0000001000,'1001111110,'0000100000,'0000000000,Regular Zero Divisor
'1000000000,'1001111110,'0000010000,'0000000000,Regular Zero Divisor
'0000100000,'1001111110,'0000010000,'0000000000,Regular Zero Divisor
'0000010000,'1001111110,'0000010000,'0000000000,Nilpotent
'0000000001,'1001111110,'0000010000,'0000000000,Regular Zero Divisor
'1000000000,'1001111110,'0000001000,'0000000000,Regular Zero Divisor
'0000100000,'1001111110,'0000001000,'0000000000,Regular Zero Divisor
'0000010000,'1001111110,'0000001000,'0000000000,Regular Zero Divisor
'0000001000,'1001111110,'0000001000,'0000001000,Idempotent
'0000000001,'1001111110,'0000001000,'0000000000,Regular Zero Divisor
'1000000000,'1001111110,'0000000100,'0000000000,Regular Zero Divisor
'0000100000,'1001111110,'0000000100,'0000000000,Regular Zero Divisor
'0000010000,'1001111110,'0000000100,'0000000000,Regular Zero Divisor
'0000000100,'1001111110,'0000000100,'0000000100,Idempotent
'0000000001,'1001111110,'0000000100,'0000000000,Regular Zero Divisor
'1000000000,'1001111110,'0000000010,'0000000000,Regular Zero Divisor
'0000100000,'1001111110,'0000000010,'0000000000,Regular Zero Divisor
'0000010000,'1001111110,'0000000010,'0000000000,Regular Zero Divisor
'0000000010,'1001111110,'0000000010,'0000000010,Idempotent
'0000000001,'1001111110,'0000000010,'0000000000,Regular Zero Divisor
'1000000000,'1001111110,'0000000001,'0000000000,Regular Zero Divisor
'0000100000,'1001111110,'0000000001,'0000000000,Regular Zero Divisor
'0000010000,'1001111110,'0000000001,'0000000000,Regular Zero Divisor
'0000000001,'1001111110,'0000000001,'0000000000,Nilpotent
'1000000000,'0101111110,'1000000000,'0000000000,Nilpotent
'0100000000,'0101111110,'1000000000,'0000000000,Regular Zero Divisor
'0000010000,'0101111110,'1000000000,'0000000000,Regular Zero Divisor
'0000001000,'0101111110,'1000000000,'0000000000,Regular Zero Divisor
'1000000000,'0101111110,'0100000000,'0000000000,Regular Zero Divisor
'0100000000,'0101111110,'0100000000,'0000000000,Nilpotent
'0000010000,'0101111110,'0100000000,'0000000000,Regular Zero Divisor
'0000001000,'0101111110,'0100000000,'0000000000,Regular Zero Divisor
'1000000000,'0101111110,'0010000000,'0000000000,Regular Zero Divisor
'0100000000,'0101111110,'0010000000,'0000000000,Regular Zero Divisor
'0010000000,'0101111110,'0010000000,'0010000000,Idempotent
'0000010000,'0101111110,'0010000000,'0000000000,Regular Zero Divisor
'0000001000,'0101111110,'0010000000,'0000000000,Regular Zero Divisor
'1000000000,'0101111110,'0001000000,'0000000000,Regular Zero Divisor
'0100000000,'0101111110,'0001000000,'0000000000,Regular Zero Divisor
'0001000000,'0101111110,'0001000000,'0001000000,Idempotent
'0000010000,'0101111110,'0001000000,'0000000000,Regular Zero Divisor
'0000001000,'0101111110,'0001000000,'0000000000,Regular Zero Divisor
'1000000000,'0101111110,'0000100000,'0000000000,Regular Zero Divisor
'0100000000,'0101111110,'0000100000,'0000000000,Regular Zero Divisor
'0000100000,'0101111110,'0000100000,'0000100000,Idempotent
'0000010000,'0101111110,'0000100000,'0000000000,Regular Zero Divisor
'0000001000,'0101111110,'0000100000,'0000000000,Regular Zero Divisor
'0000100000,'0101111110,'0000010000,'0000000000,Regular Zero Divisor
'0000010000,'0101111110,'0000010000,'0000010000,Idempotent
'0000000001,'0101111110,'0000010000,'0000000000,Regular Zero Divisor
'0000100000,'0101111110,'0000001000,'0000000000,Regular Zero Divisor
'0000001000,'0101111110,'0000001000,'0000001000,Idempotent
'0000000001,'0101111110,'0000001000,'0000000000,Regular Zero Divisor
'0000100000,'0101111110,'0000000100,'0000000000,Regular Zero Divisor
'0000000100,'0101111110,'0000000100,'0000000100,Idempotent
'0000000001,'0101111110,'0000000100,'0000000000,Regular Zero Divisor
'0000100000,'0101111110,'0000000010,'0000000000,Regular Zero Divisor
'0000000010,'0101111110,'0000000010,'0000000010,Idempotent
'0000000001,'0101111110,'0000000010,'0000000000,Regular Zero Divisor
'0000100000,'0101111110,'0000000001,'0000000000,Regular Zero Divisor
'0000000001,'0101111110,'0000000001,'0000000000,Nilpotent
'1000000000,'1101111110,'1000000000,'1000000000,Idempotent
'0100000000,'1101111110,'1000000000,'0000000000,Regular Zero Divisor
'0000001000,'1101111110,'1000000000,'0000000000,Regular Zero Divisor
'0100000000,'1101111110,'0100000000,'0000000000,Nilpotent
'0000001000,'1101111110,'0100000000,'0000000000,Regular Zero Divisor
'0100000000,'1101111110,'0010000000,'0000000000,Regular Zero Divisor
'0010000000,'1101111110,'0010000000,'0010000000,Idempotent
'0000001000,'1101111110,'0010000000,'0000000000,Regular Zero Divisor
'0100000000,'1101111110,'0001000000,'0000000000,Regular Zero Divisor
'0001000000,'1101111110,'0001000000,'0001000000,Idempotent
'0000001000,'1101111110,'0001000000,'0000000000,Regular Zero Divisor
'0100000000,'1101111110,'0000100000,'0000000000,Regular Zero Divisor
'0000100000,'1101111110,'0000100000,'0000100000,Idempotent
'0000001000,'1101111110,'0000100000,'0000000000,Regular Zero Divisor
'0000100000,'1101111110,'0000010000,'0000000000,Regular Zero Divisor
'0000010000,'1101111110,'0000010000,'0000010000,Idempotent
'0000000001,'1101111110,'0000010000,'0000000000,Regular Zero Divisor
'0000100000,'1101111110,'0000001000,'0000000000,Regular Zero Divisor
'0000001000,'1101111110,'0000001000,'0000001000,Idempotent
'0000000001,'1101111110,'0000001000,'0000000000,Regular Zero Divisor
'0000100000,'1101111110,'0000000100,'0000000000,Regular Zero Divisor
'0000000100,'1101111110,'0000000100,'0000000100,Idempotent
'0000000001,'1101111110,'0000000100,'0000000000,Regular Zero Divisor
'0000100000,'1101111110,'0000000010,'0000000000,Regular Zero Divisor
'0000000010,'1101111110,'0000000010,'0000000010,Idempotent
'0000000001,'1101111110,'0000000010,'0000000000,Regular Zero Divisor
'0000100000,'1101111110,'0000000001,'0000000000,Regular Zero Divisor
'0000000001,'1101111110,'0000000001,'0000000000,Nilpotent
'1000000000,'1011111110,'1000000000,'1000000000,Idempotent
'0100000000,'1011111110,'0100000000,'0100000000,Idempotent
'0010000000,'1011111110,'0010000000,'0010000000,Idempotent
'0001000000,'1011111110,'0001000000,'0001000000,Idempotent
'0000100000,'1011111110,'0000100000,'0000100000,Idempotent
'1000000000,'1011111110,'0000010000,'0000000000,Regular Zero Divisor
'0000100000,'1011111110,'0000010000,'0000000000,Regular Zero Divisor
'0000010000,'1011111110,'0000010000,'0000000000,Nilpotent
'0000000001,'1011111110,'0000010000,'0000000000,Regular Zero Divisor
'1000000000,'1011111110,'0000001000,'0000000000,Regular Zero Divisor
'0000100000,'1011111110,'0000001000,'0000000000,Regular Zero Divisor
'0000010000,'1011111110,'0000001000,'0000000000,Regular Zero Divisor
'0000001000,'1011111110,'0000001000,'0000001000,Idempotent
'0000000001,'1011111110,'0000001000,'0000000000,Regular Zero Divisor
'1000000000,'1011111110,'0000000100,'0000000000,Regular Zero Divisor
'0000100000,'1011111110,'0000000100,'0000000000,Regular Zero Divisor
'0000010000,'1011111110,'0000000100,'0000000000,Regular Zero Divisor
'0000000100,'1011111110,'0000000100,'0000000100,Idempotent
'0000000001,'1011111110,'0000000100,'0000000000,Regular Zero Divisor
'1000000000,'1011111110,'0000000010,'0000000000,Regular Zero Divisor
'0000100000,'1011111110,'0000000010,'0000000000,Regular Zero Divisor
'0000010000,'1011111110,'0000000010,'0000000000,Regular Zero Divisor
'0000000010,'1011111110,'0000000010,'0000000010,Idempotent
'0000000001,'1011111110,'0000000010,'0000000000,Regular Zero Divisor
'1000000000,'1011111110,'0000000001,'0000000000,Regular Zero Divisor
'0000100000,'1011111110,'0000000001,'0000000000,Regular Zero Divisor
'0000010000,'1011111110,'0000000001,'0000000000,Regular Zero Divisor
'0000000001,'1011111110,'0000000001,'0000000000,Nilpotent
'1000000000,'0111111110,'1000000000,'0000000000,Nilpotent
'0000010000,'0111111110,'1000000000,'0000000000,Regular Zero Divisor
'1000000000,'0111111110,'0100000000,'0000000000,Regular Zero Divisor
'0100000000,'0111111110,'0100000000,'0100000000,Idempotent
'0000010000,'0111111110,'0100000000,'0000000000,Regular Zero Divisor
'1000000000,'0111111110,'0010000000,'0000000000,Regular Zero Divisor
'0010000000,'0111111110,'0010000000,'0010000000,Idempotent
'0000010000,'0111111110,'0010000000,'0000000000,Regular Zero Divisor
'1000000000,'0111111110,'0001000000,'0000000000,Regular Zero Divisor
'0001000000,'0111111110,'0001000000,'0001000000,Idempotent
'0000010000,'0111111110,'0001000000,'0000000000,Regular Zero Divisor
'1000000000,'0111111110,'0000100000,'0000000000,Regular Zero Divisor
'0000100000,'0111111110,'0000100000,'0000100000,Idempotent
'0000010000,'0111111110,'0000100000,'0000000000,Regular Zero Divisor
'0000100000,'0111111110,'0000010000,'0000000000,Regular Zero Divisor
'0000010000,'0111111110,'0000010000,'0000010000,Idempotent
'0000000001,'0111111110,'0000010000,'0000000000,Regular Zero Divisor
'0000100000,'0111111110,'0000001000,'0000000000,Regular Zero Divisor
'0000001000,'0111111110,'0000001000,'0000001000,Idempotent
'0000000001,'0111111110,'0000001000,'0000000000,Regular Zero Divisor
'0000100000,'0111111110,'0000000100,'0000000000,Regular Zero Divisor
'0000000100,'0111111110,'0000000100,'0000000100,Idempotent
'0000000001,'0111111110,'0000000100,'0000000000,Regular Zero Divisor
'0000100000,'0111111110,'0000000010,'0000000000,Regular Zero Divisor
'0000000010,'0111111110,'0000000010,'0000000010,Idempotent
'0000000001,'0111111110,'0000000010,'0000000000,Regular Zero Divisor
'0000100000,'0111111110,'0000000001,'0000000000,Regular Zero Divisor
'0000000001,'0111111110,'0000000001,'0000000000,Nilpotent
'1000000000,'1111111110,'1000000000,'1000000000,Idempotent
'0100000000,'1111111110,'0100000000,'0100000000,Idempotent
'0010000000,'1111111110,'0010000000,'0010000000,Idempotent
'0001000000,'1111111110,'0001000000,'0001000000,Idempotent
'0000100000,'1111111110,'0000100000,'0000100000,Idempotent
'0000100000,'1111111110,'0000010000,'0000000000,Regular Zero Divisor
'0000010000,'1111111110,'0000010000,'0000010000,Idempotent
'0000000001,'1111111110,'0000010000,'0000000000,Regular Zero Divisor
'0000100000,'1111111110,'0000001000,'0000000000,Regular Zero Divisor
'0000001000,'1111111110,'0000001000,'0000001000,Idempotent
'0000000001,'1111111110,'0000001000,'0000000000,Regular Zero Divisor
'0000100000,'1111111110,'0000000100,'0000000000,Regular Zero Divisor
'0000000100,'1111111110,'0000000100,'0000000100,Idempotent
'0000000001,'1111111110,'0000000100,'0000000000,Regular Zero Divisor
'0000100000,'1111111110,'0000000010,'0000000000,Regular Zero Divisor
'0000000010,'1111111110,'0000000010,'0000000010,Idempotent
'0000000001,'1111111110,'0000000010,'0000000000,Regular Zero Divisor
'0000100000,'1111111110,'0000000001,'0000000000,Regular Zero Divisor
'0000000001,'1111111110,'0000000001,'0000000000,Nilpotent
'1000000000,'1010101001,'1000000000,'1000000000,Idempotent
'0000100000,'1010101001,'1000000000,'0000000000,Regular Zero Divisor
'0000000001,'1010101001,'1000000000,'0000000000,Regular Zero Divisor
'0100000000,'1010101001,'0100000000,'0100000000,Idempotent
'0000100000,'1010101001,'0100000000,'0000000000,Regular Zero Divisor
'0000000001,'1010101001,'0100000000,'0000000000,Regular Zero Divisor
'0010000000,'1010101001,'0010000000,'0010000000,Idempotent
'0000100000,'1010101001,'0010000000,'0000000000,Regular Zero Divisor
'0000000001,'1010101001,'0010000000,'0000000000,Regular Zero Divisor
'0001000000,'1010101001,'0001000000,'0001000000,Idempotent
'0000100000,'1010101001,'0001000000,'0000000000,Regular Zero Divisor
'0000000001,'1010101001,'0001000000,'0000000000,Regular Zero Divisor
'0000100000,'1010101001,'0000100000,'0000000000,Nilpotent
'0000000001,'1010101001,'0000100000,'0000000000,Regular Zero Divisor
'1000000000,'1010101001,'0000010000,'0000000000,Regular Zero Divisor
'0100000000,'1010101001,'0000010000,'0000000000,Regular Zero Divisor
'0010000000,'1010101001,'0000010000,'0000000000,Regular Zero Divisor
'0001000000,'1010101001,'0000010000,'0000000000,Regular Zero Divisor
'0000010000,'1010101001,'0000010000,'0000000000,Nilpotent
'0000001000,'1010101001,'0000010000,'0000000000,Regular Zero Divisor
'0000000100,'1010101001,'0000010000,'0000000000,Regular Zero Divisor
'0000000010,'1010101001,'0000010000,'0000000000,Regular Zero Divisor
'1000000000,'1010101001,'0000001000,'0000000000,Regular Zero Divisor
'0100000000,'1010101001,'0000001000,'0000000000,Regular Zero Divisor
'0010000000,'1010101001,'0000001000,'0000000000,Regular Zero Divisor
'0001000000,'1010101001,'0000001000,'0000000000,Regular Zero Divisor
'0000010000,'1010101001,'0000001000,'0000000000,Regular Zero Divisor
'0000001000,'1010101001,'0000001000,'0000000000,Nilpotent
'0000000100,'1010101001,'0000001000,'0000000000,Regular Zero Divisor
'0000000010,'1010101001,'0000001000,'0000000000,Regular Zero Divisor
'1000000000,'1010101001,'0000000100,'0000000000,Regular Zero Divisor
'0100000000,'1010101001,'0000000100,'0000000000,Regular Zero Divisor
'0010000000,'1010101001,'0000000100,'0000000000,Regular Zero Divisor
'0001000000,'1010101001,'0000000100,'0000000000,Regular Zero Divisor
'0000010000,'1010101001,'0000000100,'0000000000,Regular Zero Divisor
'0000001000,'1010101001,'0000000100,'0000000000,Regular Zero Divisor
'0000000100,'1010101001,'0000000100,'0000000000,Nilpotent
'0000000010,'1010101001,'0000000100,'0000000000,Regular Zero Divisor
'1000000000,'1010101001,'0000000010,'0000000000,Regular Zero Divisor
'0100000000,'1010101001,'0000000010,'0000000000,Regular Zero Divisor
'0010000000,'1010101001,'0000000010,'0000000000,Regular Zero Divisor
'0001000000,'1010101001,'0000000010,'0000000000,Regular Zero Divisor
'0000010000,'1010101001,'0000000010,'0000000000,Regular Zero Divisor
'0000001000,'1010101001,'0000000010,'0000000000,Regular Zero Divisor
'0000000100,'1010101001,'0000000010,'0000000000,Regular Zero Divisor
'0000000010,'1010101001,'0000000010,'0000000000,Nilpotent
'1000000000,'1010101001,'0000000001,'0000000000,Regular Zero Divisor
'0100000000,'1010101001,'0000000001,'0000000000,Regular Zero Divisor
'0010000000,'1010101001,'0000000001,'0000000000,Regular Zero Divisor
'0001000000,'1010101001,'0000000001,'0000000000,Regular Zero Divisor
'0000010000,'1010101001,'0000000001,'0000000000,Regular Zero Divisor
'0000001000,'1010101001,'0000000001,'0000000000,Regular Zero Divisor
'0000000100,'1010101001,'0000000001,'0000000000,Regular Zero Divisor
'0000000010,'1010101001,'0000000001,'0000000000,Regular Zero Divisor
'0000000001,'1010101001,'0000000001,'0000000001,Idempotent
'1000000000,'0110101001,'1000000000,'0000000000,Nilpotent
'0000100000,'0110101001,'1000000000,'0000000000,Regular Zero Divisor
'0000010000,'0110101001,'1000000000,'0000000000,Regular Zero Divisor
'0000000001,'0110101001,'1000000000,'0000000000,Regular Zero Divisor
'1000000000,'0110101001,'0100000000,'0000000000,Regular Zero Divisor
'0100000000,'0110101001,'0100000000,'0100000000,Idempotent
'0000100000,'0110101001,'0100000000,'0000000000,Regular Zero Divisor
'0000010000,'0110101001,'0100000000,'0000000000,Regular Zero Divisor
'0000000001,'0110101001,'0100000000,'0000000000,Regular Zero Divisor
'1000000000,'0110101001,'0010000000,'0000000000,Regular Zero Divisor
'0010000000,'0110101001,'0010000000,'0010000000,Idempotent
'0000100000,'0110101001,'0010000000,'0000000000,Regular Zero Divisor
'0000010000,'0110101001,'0010000000,'0000000000,Regular Zero Divisor
'0000000001,'0110101001,'0010000000,'0000000000,Regular Zero Divisor
'1000000000,'0110101001,'0001000000,'0000000000,Regular Zero Divisor
'0001000000,'0110101001,'0001000000,'0001000000,Idempotent
'0000100000,'0110101001,'0001000000,'0000000000,Regular Zero Divisor
'0000010000,'0110101001,'0001000000,'0000000000,Regular Zero Divisor
'0000000001,'0110101001,'0001000000,'0000000000,Regular Zero Divisor
'1000000000,'0110101001,'0000100000,'0000000000,Regular Zero Divisor
'0000100000,'0110101001,'0000100000,'0000000000,Nilpotent
'0000010000,'0110101001,'0000100000,'0000000000,Regular Zero Divisor
'0000000001,'0110101001,'0000100000,'0000000000,Regular Zero Divisor
'0100000000,'0110101001,'0000010000,'0000000000,Regular Zero Divisor
'0010000000,'0110101001,'0000010000,'0000000000,Regular Zero Divisor
'0001000000,'0110101001,'0000010000,'0000000000,Regular Zero Divisor
'0000010000,'0110101001,'0000010000,'0000010000,Idempotent
'0000001000,'0110101001,'0000010000,'0000000000,Regular Zero Divisor
'0000000100,'0110101001,'0000010000,'0000000000,Regular Zero Divisor
'0000000010,'0110101001,'0000010000,'0000000000,Regular Zero Divisor
'0100000000,'0110101001,'0000001000,'0000000000,Regular Zero Divisor
'0010000000,'0110101001,'0000001000,'0000000000,Regular Zero Divisor
'0001000000,'0110101001,'0000001000,'0000000000,Regular Zero Divisor
'0000001000,'0110101001,'0000001000,'0000000000,Nilpotent
'0000000100,'0110101001,'0000001000,'0000000000,Regular Zero Divisor
'0000000010,'0110101001,'0000001000,'0000000000,Regular Zero Divisor
'0100000000,'0110101001,'0000000100,'0000000000,Regular Zero Divisor
'0010000000,'0110101001,'0000000100,'0000000000,Regular Zero Divisor
'0001000000,'0110101001,'0000000100,'0000000000,Regular Zero Divisor
'0000001000,'0110101001,'0000000100,'0000000000,Regular Zero Divisor
'0000000100,'0110101001,'0000000100,'0000000000,Nilpotent
'0000000010,'0110101001,'0000000100,'0000000000,Regular Zero Divisor
'0100000000,'0110101001,'0000000010,'0000000000,Regular Zero Divisor
'0010000000,'0110101001,'0000000010,'0000000000,Regular Zero Divisor
'0001000000,'0110101001,'0000000010,'0000000000,Regular Zero Divisor
'0000001000,'0110101001,'0000000010,'0000000000,Regular Zero Divisor
'0000000100,'0110101001,'0000000010,'0000000000,Regular Zero Divisor
'0000000010,'0110101001,'0000000010,'0000000000,Nilpotent
'0100000000,'0110101001,'0000000001,'0000000000,Regular Zero Divisor
'0010000000,'0110101001,'0000000001,'0000000000,Regular Zero Divisor
'0001000000,'0110101001,'0000000001,'0000000000,Regular Zero Divisor
'0000001000,'0110101001,'0000000001,'0000000000,Regular Zero Divisor
'0000000100,'0110101001,'0000000001,'0000000000,Regular Zero Divisor
'0000000010,'0110101001,'0000000001,'0000000000,Regular Zero Divisor
'0000000001,'0110101001,'0000000001,'0000000001,Idempotent
'1000000000,'1110101001,'1000000000,'1000000000,Idempotent
'0000100000,'1110101001,'1000000000,'0000000000,Regular Zero Divisor
'0000000001,'1110101001,'1000000000,'0000000000,Regular Zero Divisor
'0100000000,'1110101001,'0100000000,'0100000000,Idempotent
'0000100000,'1110101001,'0100000000,'0000000000,Regular Zero Divisor
'0000000001,'1110101001,'0100000000,'0000000000,Regular Zero Divisor
'0010000000,'1110101001,'0010000000,'0010000000,Idempotent
'0000100000,'1110101001,'0010000000,'0000000000,Regular Zero Divisor
'0000000001,'1110101001,'0010000000,'0000000000,Regular Zero Divisor
'0001000000,'1110101001,'0001000000,'0001000000,Idempotent
'0000100000,'1110101001,'0001000000,'0000000000,Regular Zero Divisor
'0000000001,'1110101001,'0001000000,'0000000000,Regular Zero Divisor
'0000100000,'1110101001,'0000100000,'0000000000,Nilpotent
'0000000001,'1110101001,'0000100000,'0000000000,Regular Zero Divisor
'0100000000,'1110101001,'0000010000,'0000000000,Regular Zero Divisor
'0010000000,'1110101001,'0000010000,'0000000000,Regular Zero Divisor
'0001000000,'1110101001,'0000010000,'0000000000,Regular Zero Divisor
'0000010000,'1110101001,'0000010000,'0000010000,Idempotent
'0000001000,'1110101001,'0000010000,'0000000000,Regular Zero Divisor
'0000000100,'1110101001,'0000010000,'0000000000,Regular Zero Divisor
'0000000010,'1110101001,'0000010000,'0000000000,Regular Zero Divisor
'0100000000,'1110101001,'0000001000,'0000000000,Regular Zero Divisor
'0010000000,'1110101001,'0000001000,'0000000000,Regular Zero Divisor
'0001000000,'1110101001,'0000001000,'0000000000,Regular Zero Divisor
'0000001000,'1110101001,'0000001000,'0000000000,Nilpotent
'0000000100,'1110101001,'0000001000,'0000000000,Regular Zero Divisor
'0000000010,'1110101001,'0000001000,'0000000000,Regular Zero Divisor
'0100000000,'1110101001,'0000000100,'0000000000,Regular Zero Divisor
'0010000000,'1110101001,'0000000100,'0000000000,Regular Zero Divisor
'0001000000,'1110101001,'0000000100,'0000000000,Regular Zero Divisor
'0000001000,'1110101001,'0000000100,'0000000000,Regular Zero Divisor
'0000000100,'1110101001,'0000000100,'0000000000,Nilpotent
'0000000010,'1110101001,'0000000100,'0000000000,Regular Zero Divisor
'0100000000,'1110101001,'0000000010,'0000000000,Regular Zero Divisor
'0010000000,'1110101001,'0000000010,'0000000000,Regular Zero Divisor
'0001000000,'1110101001,'0000000010,'0000000000,Regular Zero Divisor
'0000001000,'1110101001,'0000000010,'0000000000,Regular Zero Divisor
'0000000100,'1110101001,'0000000010,'0000000000,Regular Zero Divisor
'0000000010,'1110101001,'0000000010,'0000000000,Nilpotent
'0100000000,'1110101001,'0000000001,'0000000000,Regular Zero Divisor
'0010000000,'1110101001,'0000000001,'0000000000,Regular Zero Divisor
'0001000000,'1110101001,'0000000001,'0000000000,Regular Zero Divisor
'0000001000,'1110101001,'0000000001,'0000000000,Regular Zero Divisor
'0000000100,'1110101001,'0000000001,'0000000000,Regular Zero Divisor
'0000000010,'1110101001,'0000000001,'0000000000,Regular Zero Divisor
'0000000001,'1110101001,'0000000001,'0000000001,Idempotent
'1000000000,'1001101001,'1000000000,'1000000000,Idempotent
'0100000000,'1001101001,'1000000000,'0000000000,Regular Zero Divisor
'0000100000,'1001101001,'1000000000,'0000000000,Regular Zero Divisor
'0000001000,'1001101001,'1000000000,'0000000000,Regular Zero Divisor
'0000000001,'1001101001,'1000000000,'0000000000,Regular Zero Divisor
'0100000000,'1001101001,'0100000000,'0000000000,Nilpotent
'0000100000,'1001101001,'0100000000,'0000000000,Regular Zero Divisor
'0000001000,'1001101001,'0100000000,'0000000000,Regular Zero Divisor
'0000000001,'1001101001,'0100000000,'0000000000,Regular Zero Divisor
'0100000000,'1001101001,'0010000000,'0000000000,Regular Zero Divisor
'0010000000,'1001101001,'0010000000,'0010000000,Idempotent
'0000100000,'1001101001,'0010000000,'0000000000,Regular Zero Divisor
'0000001000,'1001101001,'0010000000,'0000000000,Regular Zero Divisor
'0000000001,'1001101001,'0010000000,'0000000000,Regular Zero Divisor
'0100000000,'1001101001,'0001000000,'0000000000,Regular Zero Divisor
'0001000000,'1001101001,'0001000000,'0001000000,Idempotent
'0000100000,'1001101001,'0001000000,'0000000000,Regular Zero Divisor
'0000001000,'1001101001,'0001000000,'0000000000,Regular Zero Divisor
'0000000001,'1001101001,'0001000000,'0000000000,Regular Zero Divisor
'0100000000,'1001101001,'0000100000,'0000000000,Regular Zero Divisor
'0000100000,'1001101001,'0000100000,'0000000000,Nilpotent
'0000001000,'1001101001,'0000100000,'0000000000,Regular Zero Divisor
'0000000001,'1001101001,'0000100000,'0000000000,Regular Zero Divisor
'1000000000,'1001101001,'0000010000,'0000000000,Regular Zero Divisor
'0010000000,'1001101001,'0000010000,'0000000000,Regular Zero Divisor
'0001000000,'1001101001,'0000010000,'0000000000,Regular Zero Divisor
'0000010000,'1001101001,'0000010000,'0000000000,Nilpotent
'0000000100,'1001101001,'0000010000,'0000000000,Regular Zero Divisor
'0000000010,'1001101001,'0000010000,'0000000000,Regular Zero Divisor
'1000000000,'1001101001,'0000001000,'0000000000,Regular Zero Divisor
'0010000000,'1001101001,'0000001000,'0000000000,Regular Zero Divisor
'0001000000,'1001101001,'0000001000,'0000000000,Regular Zero Divisor
'0000010000,'1001101001,'0000001000,'0000000000,Regular Zero Divisor
'0000001000,'1001101001,'0000001000,'0000001000,Idempotent
'0000000100,'1001101001,'0000001000,'0000000000,Regular Zero Divisor
'0000000010,'1001101001,'0000001000,'0000000000,Regular Zero Divisor
'1000000000,'1001101001,'0000000100,'0000000000,Regular Zero Divisor
'0010000000,'1001101001,'0000000100,'0000000000,Regular Zero Divisor
'0001000000,'1001101001,'0000000100,'0000000000,Regular Zero Divisor
'0000010000,'1001101001,'0000000100,'0000000000,Regular Zero Divisor
'0000000100,'1001101001,'0000000100,'0000000000,Nilpotent
'0000000010,'1001101001,'0000000100,'0000000000,Regular Zero Divisor
'1000000000,'1001101001,'0000000010,'0000000000,Regular Zero Divisor
'0010000000,'1001101001,'0000000010,'0000000000,Regular Zero Divisor
'0001000000,'1001101001,'0000000010,'0000000000,Regular Zero Divisor
'0000010000,'1001101001,'0000000010,'0000000000,Regular Zero Divisor
'0000000100,'1001101001,'0000000010,'0000000000,Regular Zero Divisor
'0000000010,'1001101001,'0000000010,'0000000000,Nilpotent
'1000000000,'1001101001,'0000000001,'0000000000,Regular Zero Divisor
'0010000000,'1001101001,'0000000001,'0000000000,Regular Zero Divisor
'0001000000,'1001101001,'0000000001,'0000000000,Regular Zero Divisor
'0000010000,'1001101001,'0000000001,'0000000000,Regular Zero Divisor
'0000000100,'1001101001,'0000000001,'0000000000,Regular Zero Divisor
'0000000010,'1001101001,'0000000001,'0000000000,Regular Zero Divisor
'0000000001,'1001101001,'0000000001,'0000000001,Idempotent
'1000000000,'0101101001,'1000000000,'0000000000,Nilpotent
'0100000000,'0101101001,'1000000000,'0000000000,Regular Zero Divisor
'0000100000,'0101101001,'1000000000,'0000000000,Regular Zero Divisor
'0000010000,'0101101001,'1000000000,'0000000000,Regular Zero Divisor
'0000001000,'0101101001,'1000000000,'0000000000,Regular Zero Divisor
'0000000001,'0101101001,'1000000000,'0000000000,Regular Zero Divisor
'1000000000,'0101101001,'0100000000,'0000000000,Regular Zero Divisor
'0100000000,'0101101001,'0100000000,'0000000000,Nilpotent
'0000100000,'0101101001,'0100000000,'0000000000,Regular Zero Divisor
'0000010000,'0101101001,'0100000000,'0000000000,Regular Zero Divisor
'0000001000,'0101101001,'0100000000,'0000000000,Regular Zero Divisor
'0000000001,'0101101001,'0100000000,'0000000000,Regular Zero Divisor
'1000000000,'0101101001,'0010000000,'0000000000,Regular Zero Divisor
'0100000000,'0101101001,'0010000000,'0000000000,Regular Zero Divisor
'0010000000,'0101101001,'0010000000,'0010000000,Idempotent
'0000100000,'0101101001,'0010000000,'0000000000,Regular Zero Divisor
'0000010000,'0101101001,'0010000000,'0000000000,Regular Zero Divisor
'0000001000,'0101101001,'0010000000,'0000000000,Regular Zero Divisor
'0000000001,'0101101001,'0010000000,'0000000000,Regular Zero Divisor
'1000000000,'0101101001,'0001000000,'0000000000,Regular Zero Divisor
'0100000000,'0101101001,'0001000000,'0000000000,Regular Zero Divisor
'0001000000,'0101101001,'0001000000,'0001000000,Idempotent
'0000100000,'0101101001,'0001000000,'0000000000,Regular Zero Divisor
'0000010000,'0101101001,'0001000000,'0000000000,Regular Zero Divisor
'0000001000,'0101101001,'0001000000,'0000000000,Regular Zero Divisor
'0000000001,'0101101001,'0001000000,'0000000000,Regular Zero Divisor
'1000000000,'0101101001,'0000100000,'0000000000,Regular Zero Divisor
'0100000000,'0101101001,'0000100000,'0000000000,Regular Zero Divisor
'0000100000,'0101101001,'0000100000,'0000000000,Nilpotent
'0000010000,'0101101001,'0000100000,'0000000000,Regular Zero Divisor
'0000001000,'0101101001,'0000100000,'0000000000,Regular Zero Divisor
'0000000001,'0101101001,'0000100000,'0000000000,Regular Zero Divisor
'0010000000,'0101101001,'0000010000,'0000000000,Regular Zero Divisor
'0001000000,'0101101001,'0000010000,'0000000000,Regular Zero Divisor
'0000010000,'0101101001,'0000010000,'0000010000,Idempotent
'0000000100,'0101101001,'0000010000,'0000000000,Regular Zero Divisor
'0000000010,'0101101001,'0000010000,'0000000000,Regular Zero Divisor
'0010000000,'0101101001,'0000001000,'0000000000,Regular Zero Divisor
'0001000000,'0101101001,'0000001000,'0000000000,Regular Zero Divisor
'0000001000,'0101101001,'0000001000,'0000001000,Idempotent
'0000000100,'0101101001,'0000001000,'0000000000,Regular Zero Divisor
'0000000010,'0101101001,'0000001000,'0000000000,Regular Zero Divisor
'0010000000,'0101101001,'0000000100,'0000000000,Regular Zero Divisor
'0001000000,'0101101001,'0000000100,'0000000000,Regular Zero Divisor
'0000000100,'0101101001,'0000000100,'0000000000,Nilpotent
'0000000010,'0101101001,'0000000100,'0000000000,Regular Zero Divisor
'0010000000,'0101101001,'0000000010,'0000000000,Regular Zero Divisor
'0001000000,'0101101001,'0000000010,'0000000000,Regular Zero Divisor
'0000000100,'0101101001,'0000000010,'0000000000,Regular Zero Divisor
'0000000010,'0101101001,'0000000010,'0000000000,Nilpotent
'0010000000,'0101101001,'0000000001,'0000000000,Regular Zero Divisor
'0001000000,'0101101001,'0000000001,'0000000000,Regular Zero Divisor
'0000000100,'0101101001,'0000000001,'0000000000,Regular Zero Divisor
'0000000010,'0101101001,'0000000001,'0000000000,Regular Zero Divisor
'0000000001,'0101101001,'0000000001,'0000000001,Idempotent
'1000000000,'1101101001,'1000000000,'1000000000,Idempotent
'0100000000,'1101101001,'1000000000,'0000000000,Regular Zero Divisor
'0000100000,'1101101001,'1000000000,'0000000000,Regular Zero Divisor
'0000001000,'1101101001,'1000000000,'0000000000,Regular Zero Divisor
'0000000001,'1101101001,'1000000000,'0000000000,Regular Zero Divisor
'0100000000,'1101101001,'0100000000,'0000000000,Nilpotent
'0000100000,'1101101001,'0100000000,'0000000000,Regular Zero Divisor
'0000001000,'1101101001,'0100000000,'0000000000,Regular Zero Divisor
'0000000001,'1101101001,'0100000000,'0000000000,Regular Zero Divisor
'0100000000,'1101101001,'0010000000,'0000000000,Regular Zero Divisor
'0010000000,'1101101001,'0010000000,'0010000000,Idempotent
'0000100000,'1101101001,'0010000000,'0000000000,Regular Zero Divisor
'0000001000,'1101101001,'0010000000,'0000000000,Regular Zero Divisor
'0000000001,'1101101001,'0010000000,'0000000000,Regular Zero Divisor
'0100000000,'1101101001,'0001000000,'0000000000,Regular Zero Divisor
'0001000000,'1101101001,'0001000000,'0001000000,Idempotent
'0000100000,'1101101001,'0001000000,'0000000000,Regular Zero Divisor
'0000001000,'1101101001,'0001000000,'0000000000,Regular Zero Divisor
'0000000001,'1101101001,'0001000000,'0000000000,Regular Zero Divisor
'0100000000,'1101101001,'0000100000,'0000000000,Regular Zero Divisor
'0000100000,'1101101001,'0000100000,'0000000000,Nilpotent
'0000001000,'1101101001,'0000100000,'0000000000,Regular Zero Divisor
'0000000001,'1101101001,'0000100000,'0000000000,Regular Zero Divisor
'0010000000,'1101101001,'0000010000,'0000000000,Regular Zero Divisor
'0001000000,'1101101001,'0000010000,'0000000000,Regular Zero Divisor
'0000010000,'1101101001,'0000010000,'0000010000,Idempotent
'0000000100,'1101101001,'0000010000,'0000000000,Regular Zero Divisor
'0000000010,'1101101001,'0000010000,'0000000000,Regular Zero Divisor
'0010000000,'1101101001,'0000001000,'0000000000,Regular Zero Divisor
'0001000000,'1101101001,'0000001000,'0000000000,Regular Zero Divisor
'0000001000,'1101101001,'0000001000,'0000001000,Idempotent
'0000000100,'1101101001,'0000001000,'0000000000,Regular Zero Divisor
'0000000010,'1101101001,'0000001000,'0000000000,Regular Zero Divisor
'0010000000,'1101101001,'0000000100,'0000000000,Regular Zero Divisor
'0001000000,'1101101001,'0000000100,'0000000000,Regular Zero Divisor
'0000000100,'1101101001,'0000000100,'0000000000,Nilpotent
'0000000010,'1101101001,'0000000100,'0000000000,Regular Zero Divisor
'0010000000,'1101101001,'0000000010,'0000000000,Regular Zero Divisor
'0001000000,'1101101001,'0000000010,'0000000000,Regular Zero Divisor
'0000000100,'1101101001,'0000000010,'0000000000,Regular Zero Divisor
'0000000010,'1101101001,'0000000010,'0000000000,Nilpotent
'0010000000,'1101101001,'0000000001,'0000000000,Regular Zero Divisor
'0001000000,'1101101001,'0000000001,'0000000000,Regular Zero Divisor
'0000000100,'1101101001,'0000000001,'0000000000,Regular Zero Divisor
'0000000010,'1101101001,'0000000001,'0000000000,Regular Zero Divisor
'0000000001,'1101101001,'0000000001,'0000000001,Idempotent
'1000000000,'1011101001,'1000000000,'1000000000,Idempotent
'0000100000,'1011101001,'1000000000,'0000000000,Regular Zero Divisor
'0000000001,'1011101001,'1000000000,'0000000000,Regular Zero Divisor
'0100000000,'1011101001,'0100000000,'0100000000,Idempotent
'0000100000,'1011101001,'0100000000,'0000000000,Regular Zero Divisor
'0000000001,'1011101001,'0100000000,'0000000000,Regular Zero Divisor
'0010000000,'1011101001,'0010000000,'0010000000,Idempotent
'0000100000,'1011101001,'0010000000,'0000000000,Regular Zero Divisor
'0000000001,'1011101001,'0010000000,'0000000000,Regular Zero Divisor
'0001000000,'1011101001,'0001000000,'0001000000,Idempotent
'0000100000,'1011101001,'0001000000,'0000000000,Regular Zero Divisor
'0000000001,'1011101001,'0001000000,'0000000000,Regular Zero Divisor
'0000100000,'1011101001,'0000100000,'0000000000,Nilpotent
'0000000001,'1011101001,'0000100000,'0000000000,Regular Zero Divisor
'1000000000,'1011101001,'0000010000,'0000000000,Regular Zero Divisor
'0010000000,'1011101001,'0000010000,'0000000000,Regular Zero Divisor
'0001000000,'1011101001,'0000010000,'0000000000,Regular Zero Divisor
'0000010000,'1011101001,'0000010000,'0000000000,Nilpotent
'0000000100,'1011101001,'0000010000,'0000000000,Regular Zero Divisor
'0000000010,'1011101001,'0000010000,'0000000000,Regular Zero Divisor
'1000000000,'1011101001,'0000001000,'0000000000,Regular Zero Divisor
'0010000000,'1011101001,'0000001000,'0000000000,Regular Zero Divisor
'0001000000,'1011101001,'0000001000,'0000000000,Regular Zero Divisor
'0000010000,'1011101001,'0000001000,'0000000000,Regular Zero Divisor
'0000001000,'1011101001,'0000001000,'0000001000,Idempotent
'0000000100,'1011101001,'0000001000,'0000000000,Regular Zero Divisor
'0000000010,'1011101001,'0000001000,'0000000000,Regular Zero Divisor
'1000000000,'1011101001,'0000000100,'0000000000,Regular Zero Divisor
'0010000000,'1011101001,'0000000100,'0000000000,Regular Zero Divisor
'0001000000,'1011101001,'0000000100,'0000000000,Regular Zero Divisor
'0000010000,'1011101001,'0000000100,'0000000000,Regular Zero Divisor
'0000000100,'1011101001,'0000000100,'0000000000,Nilpotent
'0000000010,'1011101001,'0000000100,'0000000000,Regular Zero Divisor
'1000000000,'1011101001,'0000000010,'0000000000,Regular Zero Divisor
'0010000000,'1011101001,'0000000010,'0000000000,Regular Zero Divisor
'0001000000,'1011101001,'0000000010,'0000000000,Regular Zero Divisor
'0000010000,'1011101001,'0000000010,'0000000000,Regular Zero Divisor
'0000000100,'1011101001,'0000000010,'0000000000,Regular Zero Divisor
'0000000010,'1011101001,'0000000010,'0000000000,Nilpotent
'1000000000,'1011101001,'0000000001,'0000000000,Regular Zero Divisor
'0010000000,'1011101001,'0000000001,'0000000000,Regular Zero Divisor
'0001000000,'1011101001,'0000000001,'0000000000,Regular Zero Divisor
'0000010000,'1011101001,'0000000001,'0000000000,Regular Zero Divisor
'0000000100,'1011101001,'0000000001,'0000000000,Regular Zero Divisor
'0000000010,'1011101001,'0000000001,'0000000000,Regular Zero Divisor
'0000000001,'1011101001,'0000000001,'0000000001,Idempotent
'1000000000,'0111101001,'1000000000,'0000000000,Nilpotent
'0000100000,'0111101001,'1000000000,'0000000000,Regular Zero Divisor
'0000010000,'0111101001,'1000000000,'0000000000,Regular Zero Divisor
'0000000001,'0111101001,'1000000000,'0000000000,Regular Zero Divisor
'1000000000,'0111101001,'0100000000,'0000000000,Regular Zero Divisor
'0100000000,'0111101001,'0100000000,'0100000000,Idempotent
'0000100000,'0111101001,'0100000000,'0000000000,Regular Zero Divisor
'0000010000,'0111101001,'0100000000,'0000000000,Regular Zero Divisor
'0000000001,'0111101001,'0100000000,'0000000000,Regular Zero Divisor
'1000000000,'0111101001,'0010000000,'0000000000,Regular Zero Divisor
'0010000000,'0111101001,'0010000000,'0010000000,Idempotent
'0000100000,'0111101001,'0010000000,'0000000000,Regular Zero Divisor
'0000010000,'0111101001,'0010000000,'0000000000,Regular Zero Divisor
'0000000001,'0111101001,'0010000000,'0000000000,Regular Zero Divisor
'1000000000,'0111101001,'0001000000,'0000000000,Regular Zero Divisor
'0001000000,'0111101001,'0001000000,'0001000000,Idempotent
'0000100000,'0111101001,'0001000000,'0000000000,Regular Zero Divisor
'0000010000,'0111101001,'0001000000,'0000000000,Regular Zero Divisor
'0000000001,'0111101001,'0001000000,'0000000000,Regular Zero Divisor
'1000000000,'0111101001,'0000100000,'0000000000,Regular Zero Divisor
'0000100000,'0111101001,'0000100000,'0000000000,Nilpotent
'0000010000,'0111101001,'0000100000,'0000000000,Regular Zero Divisor
'0000000001,'0111101001,'0000100000,'0000000000,Regular Zero Divisor
'0010000000,'0111101001,'0000010000,'0000000000,Regular Zero Divisor
'0001000000,'0111101001,'0000010000,'0000000000,Regular Zero Divisor
'0000010000,'0111101001,'0000010000,'0000010000,Idempotent
'0000000100,'0111101001,'0000010000,'0000000000,Regular Zero Divisor
'0000000010,'0111101001,'0000010000,'0000000000,Regular Zero Divisor
'0010000000,'0111101001,'0000001000,'0000000000,Regular Zero Divisor
'0001000000,'0111101001,'0000001000,'0000000000,Regular Zero Divisor
'0000001000,'0111101001,'0000001000,'0000001000,Idempotent
'0000000100,'0111101001,'0000001000,'0000000000,Regular Zero Divisor
'0000000010,'0111101001,'0000001000,'0000000000,Regular Zero Divisor
'0010000000,'0111101001,'0000000100,'0000000000,Regular Zero Divisor
'0001000000,'0111101001,'0000000100,'0000000000,Regular Zero Divisor
'0000000100,'0111101001,'0000000100,'0000000000,Nilpotent
'0000000010,'0111101001,'0000000100,'0000000000,Regular Zero Divisor
'0010000000,'0111101001,'0000000010,'0000000000,Regular Zero Divisor
'0001000000,'0111101001,'0000000010,'0000000000,Regular Zero Divisor
'0000000100,'0111101001,'0000000010,'0000000000,Regular Zero Divisor
'0000000010,'0111101001,'0000000010,'0000000000,Nilpotent
'0010000000,'0111101001,'0000000001,'0000000000,Regular Zero Divisor
'0001000000,'0111101001,'0000000001,'0000000000,Regular Zero Divisor
'0000000100,'0111101001,'0000000001,'0000000000,Regular Zero Divisor
'0000000010,'0111101001,'0000000001,'0000000000,Regular Zero Divisor
'0000000001,'0111101001,'0000000001,'0000000001,Idempotent
'1000000000,'1111101001,'1000000000,'1000000000,Idempotent
'0000100000,'1111101001,'1000000000,'0000000000,Regular Zero Divisor
'0000000001,'1111101001,'1000000000,'0000000000,Regular Zero Divisor
'0100000000,'1111101001,'0100000000,'0100000000,Idempotent
'0000100000,'1111101001,'0100000000,'0000000000,Regular Zero Divisor
'0000000001,'1111101001,'0100000000,'0000000000,Regular Zero Divisor
'0010000000,'1111101001,'0010000000,'0010000000,Idempotent
'0000100000,'1111101001,'0010000000,'0000000000,Regular Zero Divisor
'0000000001,'1111101001,'0010000000,'0000000000,Regular Zero Divisor
'0001000000,'1111101001,'0001000000,'0001000000,Idempotent
'0000100000,'1111101001,'0001000000,'0000000000,Regular Zero Divisor
'0000000001,'1111101001,'0001000000,'0000000000,Regular Zero Divisor
'0000100000,'1111101001,'0000100000,'0000000000,Nilpotent
'0000000001,'1111101001,'0000100000,'0000000000,Regular Zero Divisor
'0010000000,'1111101001,'0000010000,'0000000000,Regular Zero Divisor
'0001000000,'1111101001,'0000010000,'0000000000,Regular Zero Divisor
'0000010000,'1111101001,'0000010000,'0000010000,Idempotent
'0000000100,'1111101001,'0000010000,'0000000000,Regular Zero Divisor
'0000000010,'1111101001,'0000010000,'0000000000,Regular Zero Divisor
'0010000000,'1111101001,'0000001000,'0000000000,Regular Zero Divisor
'0001000000,'1111101001,'0000001000,'0000000000,Regular Zero Divisor
'0000001000,'1111101001,'0000001000,'0000001000,Idempotent
'0000000100,'1111101001,'0000001000,'0000000000,Regular Zero Divisor
'0000000010,'1111101001,'0000001000,'0000000000,Regular Zero Divisor
'0010000000,'1111101001,'0000000100,'0000000000,Regular Zero Divisor
'0001000000,'1111101001,'0000000100,'0000000000,Regular Zero Divisor
'0000000100,'1111101001,'0000000100,'0000000000,Nilpotent
'0000000010,'1111101001,'0000000100,'0000000000,Regular Zero Divisor
'0010000000,'1111101001,'0000000010,'0000000000,Regular Zero Divisor
'0001000000,'1111101001,'0000000010,'0000000000,Regular Zero Divisor
'0000000100,'1111101001,'0000000010,'0000000000,Regular Zero Divisor
'0000000010,'1111101001,'0000000010,'0000000000,Nilpotent
'0010000000,'1111101001,'0000000001,'0000000000,Regular Zero Divisor
'0001000000,'1111101001,'0000000001,'0000000000,Regular Zero Divisor
'0000000100,'1111101001,'0000000001,'0000000000,Regular Zero Divisor
'0000000010,'1111101001,'0000000001,'0000000000,Regular Zero Divisor
'0000000001,'1111101001,'0000000001,'0000000001,Idempotent
'1000000000,'1010011001,'1000000000,'1000000000,Idempotent
'0010000000,'1010011001,'1000000000,'0000000000,Regular Zero Divisor
'0000100000,'1010011001,'1000000000,'0000000000,Regular Zero Divisor
'0000000100,'1010011001,'1000000000,'0000000000,Regular Zero Divisor
'0000000001,'1010011001,'1000000000,'0000000000,Regular Zero Divisor
'0100000000,'1010011001,'0100000000,'0100000000,Idempotent
'0010000000,'1010011001,'0100000000,'0000000000,Regular Zero Divisor
'0000100000,'1010011001,'0100000000,'0000000000,Regular Zero Divisor
'0000000100,'1010011001,'0100000000,'0000000000,Regular Zero Divisor
'0000000001,'1010011001,'0100000000,'0000000000,Regular Zero Divisor
'0010000000,'1010011001,'0010000000,'0000000000,Nilpotent
'0000100000,'1010011001,'0010000000,'0000000000,Regular Zero Divisor
'0000000100,'1010011001,'0010000000,'0000000000,Regular Zero Divisor
'0000000001,'1010011001,'0010000000,'0000000000,Regular Zero Divisor
'0010000000,'1010011001,'0001000000,'0000000000,Regular Zero Divisor
'0001000000,'1010011001,'0001000000,'0001000000,Idempotent
'0000100000,'1010011001,'0001000000,'0000000000,Regular Zero Divisor
'0000000100,'1010011001,'0001000000,'0000000000,Regular Zero Divisor
'0000000001,'1010011001,'0001000000,'0000000000,Regular Zero Divisor
'0010000000,'1010011001,'0000100000,'0000000000,Regular Zero Divisor
'0000100000,'1010011001,'0000100000,'0000000000,Nilpotent
'0000000100,'1010011001,'0000100000,'0000000000,Regular Zero Divisor
'0000000001,'1010011001,'0000100000,'0000000000,Regular Zero Divisor
'1000000000,'1010011001,'0000010000,'0000000000,Regular Zero Divisor
'0100000000,'1010011001,'0000010000,'0000000000,Regular Zero Divisor
'0001000000,'1010011001,'0000010000,'0000000000,Regular Zero Divisor
'0000010000,'1010011001,'0000010000,'0000000000,Nilpotent
'0000001000,'1010011001,'0000010000,'0000000000,Regular Zero Divisor
'0000000010,'1010011001,'0000010000,'0000000000,Regular Zero Divisor
'1000000000,'1010011001,'0000001000,'0000000000,Regular Zero Divisor
'0100000000,'1010011001,'0000001000,'0000000000,Regular Zero Divisor
'0001000000,'1010011001,'0000001000,'0000000000,Regular Zero Divisor
'0000010000,'1010011001,'0000001000,'0000000000,Regular Zero Divisor
'0000001000,'1010011001,'0000001000,'0000000000,Nilpotent
'0000000010,'1010011001,'0000001000,'0000000000,Regular Zero Divisor
'1000000000,'1010011001,'0000000100,'0000000000,Regular Zero Divisor
'0100000000,'1010011001,'0000000100,'0000000000,Regular Zero Divisor
'0001000000,'1010011001,'0000000100,'0000000000,Regular Zero Divisor
'0000010000,'1010011001,'0000000100,'0000000000,Regular Zero Divisor
'0000001000,'1010011001,'0000000100,'0000000000,Regular Zero Divisor
'0000000100,'1010011001,'0000000100,'0000000100,Idempotent
'0000000010,'1010011001,'0000000100,'0000000000,Regular Zero Divisor
'1000000000,'1010011001,'0000000010,'0000000000,Regular Zero Divisor
'0100000000,'1010011001,'0000000010,'0000000000,Regular Zero Divisor
'0001000000,'1010011001,'0000000010,'0000000000,Regular Zero Divisor
'0000010000,'1010011001,'0000000010,'0000000000,Regular Zero Divisor
'0000001000,'1010011001,'0000000010,'0000000000,Regular Zero Divisor
'0000000010,'1010011001,'0000000010,'0000000000,Nilpotent
'1000000000,'1010011001,'0000000001,'0000000000,Regular Zero Divisor
'0100000000,'1010011001,'0000000001,'0000000000,Regular Zero Divisor
'0001000000,'1010011001,'0000000001,'0000000000,Regular Zero Divisor
'0000010000,'1010011001,'0000000001,'0000000000,Regular Zero Divisor
'0000001000,'1010011001,'0000000001,'0000000000,Regular Zero Divisor
'0000000010,'1010011001,'0000000001,'0000000000,Regular Zero Divisor
'0000000001,'1010011001,'0000000001,'0000000001,Idempotent
'1000000000,'0110011001,'1000000000,'0000000000,Nilpotent
'0010000000,'0110011001,'1000000000,'0000000000,Regular Zero Divisor
'0000100000,'0110011001,'1000000000,'0000000000,Regular Zero Divisor
'0000010000,'0110011001,'1000000000,'0000000000,Regular Zero Divisor
'0000000100,'0110011001,'1000000000,'0000000000,Regular Zero Divisor
'0000000001,'0110011001,'1000000000,'0000000000,Regular Zero Divisor
'1000000000,'0110011001,'0100000000,'0000000000,Regular Zero Divisor
'0100000000,'0110011001,'0100000000,'0100000000,Idempotent
'0010000000,'0110011001,'0100000000,'0000000000,Regular Zero Divisor
'0000100000,'0110011001,'0100000000,'0000000000,Regular Zero Divisor
'0000010000,'0110011001,'0100000000,'0000000000,Regular Zero Divisor
'0000000100,'0110011001,'0100000000,'0000000000,Regular Zero Divisor
'0000000001,'0110011001,'0100000000,'0000000000,Regular Zero Divisor
'1000000000,'0110011001,'0010000000,'0000000000,Regular Zero Divisor
'0010000000,'0110011001,'0010000000,'0000000000,Nilpotent
'0000100000,'0110011001,'0010000000,'0000000000,Regular Zero Divisor
'0000010000,'0110011001,'0010000000,'0000000000,Regular Zero Divisor
'0000000100,'0110011001,'0010000000,'0000000000,Regular Zero Divisor
'0000000001,'0110011001,'0010000000,'0000000000,Regular Zero Divisor
'1000000000,'0110011001,'0001000000,'0000000000,Regular Zero Divisor
'0010000000,'0110011001,'0001000000,'0000000000,Regular Zero Divisor
'0001000000,'0110011001,'0001000000,'0001000000,Idempotent
'0000100000,'0110011001,'0001000000,'0000000000,Regular Zero Divisor
'0000010000,'0110011001,'0001000000,'0000000000,Regular Zero Divisor
'0000000100,'0110011001,'0001000000,'0000000000,Regular Zero Divisor
'0000000001,'0110011001,'0001000000,'0000000000,Regular Zero Divisor
'1000000000,'0110011001,'0000100000,'0000000000,Regular Zero Divisor
'0010000000,'0110011001,'0000100000,'0000000000,Regular Zero Divisor
'0000100000,'0110011001,'0000100000,'0000000000,Nilpotent
'0000010000,'0110011001,'0000100000,'0000000000,Regular Zero Divisor
'0000000100,'0110011001,'0000100000,'0000000000,Regular Zero Divisor
'0000000001,'0110011001,'0000100000,'0000000000,Regular Zero Divisor
'0100000000,'0110011001,'0000010000,'0000000000,Regular Zero Divisor
'0001000000,'0110011001,'0000010000,'0000000000,Regular Zero Divisor
'0000010000,'0110011001,'0000010000,'0000010000,Idempotent
'0000001000,'0110011001,'0000010000,'0000000000,Regular Zero Divisor
'0000000010,'0110011001,'0000010000,'0000000000,Regular Zero Divisor
'0100000000,'0110011001,'0000001000,'0000000000,Regular Zero Divisor
'0001000000,'0110011001,'0000001000,'0000000000,Regular Zero Divisor
'0000001000,'0110011001,'0000001000,'0000000000,Nilpotent
'0000000010,'0110011001,'0000001000,'0000000000,Regular Zero Divisor
'0100000000,'0110011001,'0000000100,'0000000000,Regular Zero Divisor
'0001000000,'0110011001,'0000000100,'0000000000,Regular Zero Divisor
'0000001000,'0110011001,'0000000100,'0000000000,Regular Zero Divisor
'0000000100,'0110011001,'0000000100,'0000000100,Idempotent
'0000000010,'0110011001,'0000000100,'0000000000,Regular Zero Divisor
'0100000000,'0110011001,'0000000010,'0000000000,Regular Zero Divisor
'0001000000,'0110011001,'0000000010,'0000000000,Regular Zero Divisor
'0000001000,'0110011001,'0000000010,'0000000000,Regular Zero Divisor
'0000000010,'0110011001,'0000000010,'0000000000,Nilpotent
'0100000000,'0110011001,'0000000001,'0000000000,Regular Zero Divisor
'0001000000,'0110011001,'0000000001,'0000000000,Regular Zero Divisor
'0000001000,'0110011001,'0000000001,'0000000000,Regular Zero Divisor
'0000000010,'0110011001,'0000000001,'0000000000,Regular Zero Divisor
'0000000001,'0110011001,'0000000001,'0000000001,Idempotent
'1000000000,'1110011001,'1000000000,'1000000000,Idempotent
'0010000000,'1110011001,'1000000000,'0000000000,Regular Zero Divisor
'0000100000,'1110011001,'1000000000,'0000000000,Regular Zero Divisor
'0000000100,'1110011001,'1000000000,'0000000000,Regular Zero Divisor
'0000000001,'1110011001,'1000000000,'0000000000,Regular Zero Divisor
'0100000000,'1110011001,'0100000000,'0100000000,Idempotent
'0010000000,'1110011001,'0100000000,'0000000000,Regular Zero Divisor
'0000100000,'1110011001,'0100000000,'0000000000,Regular Zero Divisor
'0000000100,'1110011001,'0100000000,'0000000000,Regular Zero Divisor
'0000000001,'1110011001,'0100000000,'0000000000,Regular Zero Divisor
'0010000000,'1110011001,'0010000000,'0000000000,Nilpotent
'0000100000,'1110011001,'0010000000,'0000000000,Regular Zero Divisor
'0000000100,'1110011001,'0010000000,'0000000000,Regular Zero Divisor
'0000000001,'1110011001,'0010000000,'0000000000,Regular Zero Divisor
'0010000000,'1110011001,'0001000000,'0000000000,Regular Zero Divisor
'0001000000,'1110011001,'0001000000,'0001000000,Idempotent
'0000100000,'1110011001,'0001000000,'0000000000,Regular Zero Divisor
'0000000100,'1110011001,'0001000000,'0000000000,Regular Zero Divisor
'0000000001,'1110011001,'0001000000,'0000000000,Regular Zero Divisor
'0010000000,'1110011001,'0000100000,'0000000000,Regular Zero Divisor
'0000100000,'1110011001,'0000100000,'0000000000,Nilpotent
'0000000100,'1110011001,'0000100000,'0000000000,Regular Zero Divisor
'0000000001,'1110011001,'0000100000,'0000000000,Regular Zero Divisor
'0100000000,'1110011001,'0000010000,'0000000000,Regular Zero Divisor
'0001000000,'1110011001,'0000010000,'0000000000,Regular Zero Divisor
'0000010000,'1110011001,'0000010000,'0000010000,Idempotent
'0000001000,'1110011001,'0000010000,'0000000000,Regular Zero Divisor
'0000000010,'1110011001,'0000010000,'0000000000,Regular Zero Divisor
'0100000000,'1110011001,'0000001000,'0000000000,Regular Zero Divisor
'0001000000,'1110011001,'0000001000,'0000000000,Regular Zero Divisor
'0000001000,'1110011001,'0000001000,'0000000000,Nilpotent
'0000000010,'1110011001,'0000001000,'0000000000,Regular Zero Divisor
'0100000000,'1110011001,'0000000100,'0000000000,Regular Zero Divisor
'0001000000,'1110011001,'0000000100,'0000000000,Regular Zero Divisor
'0000001000,'1110011001,'0000000100,'0000000000,Regular Zero Divisor
'0000000100,'1110011001,'0000000100,'0000000100,Idempotent
'0000000010,'1110011001,'0000000100,'0000000000,Regular Zero Divisor
'0100000000,'1110011001,'0000000010,'0000000000,Regular Zero Divisor
'0001000000,'1110011001,'0000000010,'0000000000,Regular Zero Divisor
'0000001000,'1110011001,'0000000010,'0000000000,Regular Zero Divisor
'0000000010,'1110011001,'0000000010,'0000000000,Nilpotent
'0100000000,'1110011001,'0000000001,'0000000000,Regular Zero Divisor
'0001000000,'1110011001,'0000000001,'0000000000,Regular Zero Divisor
'0000001000,'1110011001,'0000000001,'0000000000,Regular Zero Divisor
'0000000010,'1110011001,'0000000001,'0000000000,Regular Zero Divisor
'0000000001,'1110011001,'0000000001,'0000000001,Idempotent
'1000000000,'1001011001,'1000000000,'1000000000,Idempotent
'0100000000,'1001011001,'1000000000,'0000000000,Regular Zero Divisor
'0010000000,'1001011001,'1000000000,'0000000000,Regular Zero Divisor
'0000100000,'1001011001,'1000000000,'0000000000,Regular Zero Divisor
'0000001000,'1001011001,'1000000000,'0000000000,Regular Zero Divisor
'0000000100,'1001011001,'1000000000,'0000000000,Regular Zero Divisor
'0000000001,'1001011001,'1000000000,'0000000000,Regular Zero Divisor
'0100000000,'1001011001,'0100000000,'0000000000,Nilpotent
'0010000000,'1001011001,'0100000000,'0000000000,Regular Zero Divisor
'0000100000,'1001011001,'0100000000,'0000000000,Regular Zero Divisor
'0000001000,'1001011001,'0100000000,'0000000000,Regular Zero Divisor
'0000000100,'1001011001,'0100000000,'0000000000,Regular Zero Divisor
'0000000001,'1001011001,'0100000000,'0000000000,Regular Zero Divisor
'0100000000,'1001011001,'0010000000,'0000000000,Regular Zero Divisor
'0010000000,'1001011001,'0010000000,'0000000000,Nilpotent
'0000100000,'1001011001,'0010000000,'0000000000,Regular Zero Divisor
'0000001000,'1001011001,'0010000000,'0000000000,Regular Zero Divisor
'0000000100,'1001011001,'0010000000,'0000000000,Regular Zero Divisor
'0000000001,'1001011001,'0010000000,'0000000000,Regular Zero Divisor
'0100000000,'1001011001,'0001000000,'0000000000,Regular Zero Divisor
'0010000000,'1001011001,'0001000000,'0000000000,Regular Zero Divisor
'0001000000,'1001011001,'0001000000,'0001000000,Idempotent
'0000100000,'1001011001,'0001000000,'0000000000,Regular Zero Divisor
'0000001000,'1001011001,'0001000000,'0000000000,Regular Zero Divisor
'0000000100,'1001011001,'0001000000,'0000000000,Regular Zero Divisor
'0000000001,'1001011001,'0001000000,'0000000000,Regular Zero Divisor
'0100000000,'1001011001,'0000100000,'0000000000,Regular Zero Divisor
'0010000000,'1001011001,'0000100000,'0000000000,Regular Zero Divisor
'0000100000,'1001011001,'0000100000,'0000000000,Nilpotent
'0000001000,'1001011001,'0000100000,'0000000000,Regular Zero Divisor
'0000000100,'1001011001,'0000100000,'0000000000,Regular Zero Divisor
'0000000001,'1001011001,'0000100000,'0000000000,Regular Zero Divisor
'1000000000,'1001011001,'0000010000,'0000000000,Regular Zero Divisor
'0001000000,'1001011001,'0000010000,'0000000000,Regular Zero Divisor
'0000010000,'1001011001,'0000010000,'0000000000,Nilpotent
'0000000010,'1001011001,'0000010000,'0000000000,Regular Zero Divisor
'1000000000,'1001011001,'0000001000,'0000000000,Regular Zero Divisor
'0001000000,'1001011001,'0000001000,'0000000000,Regular Zero Divisor
'0000010000,'1001011001,'0000001000,'0000000000,Regular Zero Divisor
'0000001000,'1001011001,'0000001000,'0000001000,Idempotent
'0000000010,'1001011001,'0000001000,'0000000000,Regular Zero Divisor
'1000000000,'1001011001,'0000000100,'0000000000,Regular Zero Divisor
'0001000000,'1001011001,'0000000100,'0000000000,Regular Zero Divisor
'0000010000,'1001011001,'0000000100,'0000000000,Regular Zero Divisor
'0000000100,'1001011001,'0000000100,'0000000100,Idempotent
'0000000010,'1001011001,'0000000100,'0000000000,Regular Zero Divisor
'1000000000,'1001011001,'0000000010,'0000000000,Regular Zero Divisor
'0001000000,'1001011001,'0000000010,'0000000000,Regular Zero Divisor
'0000010000,'1001011001,'0000000010,'0000000000,Regular Zero Divisor
'0000000010,'1001011001,'0000000010,'0000000000,Nilpotent
'1000000000,'1001011001,'0000000001,'0000000000,Regular Zero Divisor
'0001000000,'1001011001,'0000000001,'0000000000,Regular Zero Divisor
'0000010000,'1001011001,'0000000001,'0000000000,Regular Zero Divisor
'0000000010,'1001011001,'0000000001,'0000000000,Regular Zero Divisor
'0000000001,'1001011001,'0000000001,'0000000001,Idempotent
'1000000000,'0101011001,'1000000000,'0000000000,Nilpotent
'0100000000,'0101011001,'1000000000,'0000000000,Regular Zero Divisor
'0010000000,'0101011001,'1000000000,'0000000000,Regular Zero Divisor
'0000100000,'0101011001,'1000000000,'0000000000,Regular Zero Divisor
'0000010000,'0101011001,'1000000000,'0000000000,Regular Zero Divisor
'0000001000,'0101011001,'1000000000,'0000000000,Regular Zero Divisor
'0000000100,'0101011001,'1000000000,'0000000000,Regular Zero Divisor
'0000000001,'0101011001,'1000000000,'0000000000,Regular Zero Divisor
'1000000000,'0101011001,'0100000000,'0000000000,Regular Zero Divisor
'0100000000,'0101011001,'0100000000,'0000000000,Nilpotent
'0010000000,'0101011001,'0100000000,'0000000000,Regular Zero Divisor
'0000100000,'0101011001,'0100000000,'0000000000,Regular Zero Divisor
'0000010000,'0101011001,'0100000000,'0000000000,Regular Zero Divisor
'0000001000,'0101011001,'0100000000,'0000000000,Regular Zero Divisor
'0000000100,'0101011001,'0100000000,'0000000000,Regular Zero Divisor
'0000000001,'0101011001,'0100000000,'0000000000,Regular Zero Divisor
'1000000000,'0101011001,'0010000000,'0000000000,Regular Zero Divisor
'0100000000,'0101011001,'0010000000,'0000000000,Regular Zero Divisor
'0010000000,'0101011001,'0010000000,'0000000000,Nilpotent
'0000100000,'0101011001,'0010000000,'0000000000,Regular Zero Divisor
'0000010000,'0101011001,'0010000000,'0000000000,Regular Zero Divisor
'0000001000,'0101011001,'0010000000,'0000000000,Regular Zero Divisor
'0000000100,'0101011001,'0010000000,'0000000000,Regular Zero Divisor
'0000000001,'0101011001,'0010000000,'0000000000,Regular Zero Divisor
'1000000000,'0101011001,'0001000000,'0000000000,Regular Zero Divisor
'0100000000,'0101011001,'0001000000,'0000000000,Regular Zero Divisor
'0010000000,'0101011001,'0001000000,'0000000000,Regular Zero Divisor
'0001000000,'0101011001,'0001000000,'0001000000,Idempotent
'0000100000,'0101011001,'0001000000,'0000000000,Regular Zero Divisor
'0000010000,'0101011001,'0001000000,'0000000000,Regular Zero Divisor
'0000001000,'0101011001,'0001000000,'0000000000,Regular Zero Divisor
'0000000100,'0101011001,'0001000000,'0000000000,Regular Zero Divisor
'0000000001,'0101011001,'0001000000,'0000000000,Regular Zero Divisor
'1000000000,'0101011001,'0000100000,'0000000000,Regular Zero Divisor
'0100000000,'0101011001,'0000100000,'0000000000,Regular Zero Divisor
'0010000000,'0101011001,'0000100000,'0000000000,Regular Zero Divisor
'0000100000,'0101011001,'0000100000,'0000000000,Nilpotent
'0000010000,'0101011001,'0000100000,'0000000000,Regular Zero Divisor
'0000001000,'0101011001,'0000100000,'0000000000,Regular Zero Divisor
'0000000100,'0101011001,'0000100000,'0000000000,Regular Zero Divisor
'0000000001,'0101011001,'0000100000,'0000000000,Regular Zero Divisor
'0001000000,'0101011001,'0000010000,'0000000000,Regular Zero Divisor
'0000010000,'0101011001,'0000010000,'0000010000,Idempotent
'0000000010,'0101011001,'0000010000,'0000000000,Regular Zero Divisor
'0001000000,'0101011001,'0000001000,'0000000000,Regular Zero Divisor
'0000001000,'0101011001,'0000001000,'0000001000,Idempotent
'0000000010,'0101011001,'0000001000,'0000000000,Regular Zero Divisor
'0001000000,'0101011001,'0000000100,'0000000000,Regular Zero Divisor
'0000000100,'0101011001,'0000000100,'0000000100,Idempotent
'0000000010,'0101011001,'0000000100,'0000000000,Regular Zero Divisor
'0001000000,'0101011001,'0000000010,'0000000000,Regular Zero Divisor
'0000000010,'0101011001,'0000000010,'0000000000,Nilpotent
'0001000000,'0101011001,'0000000001,'0000000000,Regular Zero Divisor
'0000000010,'0101011001,'0000000001,'0000000000,Regular Zero Divisor
'0000000001,'0101011001,'0000000001,'0000000001,Idempotent
'1000000000,'1101011001,'1000000000,'1000000000,Idempotent
'0100000000,'1101011001,'1000000000,'0000000000,Regular Zero Divisor
'0010000000,'1101011001,'1000000000,'0000000000,Regular Zero Divisor
'0000100000,'1101011001,'1000000000,'0000000000,Regular Zero Divisor
'0000001000,'1101011001,'1000000000,'0000000000,Regular Zero Divisor
'0000000100,'1101011001,'1000000000,'0000000000,Regular Zero Divisor
'0000000001,'1101011001,'1000000000,'0000000000,Regular Zero Divisor
'0100000000,'1101011001,'0100000000,'0000000000,Nilpotent
'0010000000,'1101011001,'0100000000,'0000000000,Regular Zero Divisor
'0000100000,'1101011001,'0100000000,'0000000000,Regular Zero Divisor
'0000001000,'1101011001,'0100000000,'0000000000,Regular Zero Divisor
'0000000100,'1101011001,'0100000000,'0000000000,Regular Zero Divisor
'0000000001,'1101011001,'0100000000,'0000000000,Regular Zero Divisor
'0100000000,'1101011001,'0010000000,'0000000000,Regular Zero Divisor
'0010000000,'1101011001,'0010000000,'0000000000,Nilpotent
'0000100000,'1101011001,'0010000000,'0000000000,Regular Zero Divisor
'0000001000,'1101011001,'0010000000,'0000000000,Regular Zero Divisor
'0000000100,'1101011001,'0010000000,'0000000000,Regular Zero Divisor
'0000000001,'1101011001,'0010000000,'0000000000,Regular Zero Divisor
'0100000000,'1101011001,'0001000000,'0000000000,Regular Zero Divisor
'0010000000,'1101011001,'0001000000,'0000000000,Regular Zero Divisor
'0001000000,'1101011001,'0001000000,'0001000000,Idempotent
'0000100000,'1101011001,'0001000000,'0000000000,Regular Zero Divisor
'0000001000,'1101011001,'0001000000,'0000000000,Regular Zero Divisor
'0000000100,'1101011001,'0001000000,'0000000000,Regular Zero Divisor
'0000000001,'1101011001,'0001000000,'0000000000,Regular Zero Divisor
'0100000000,'1101011001,'0000100000,'0000000000,Regular Zero Divisor
'0010000000,'1101011001,'0000100000,'0000000000,Regular Zero Divisor
'0000100000,'1101011001,'0000100000,'0000000000,Nilpotent
'0000001000,'1101011001,'0000100000,'0000000000,Regular Zero Divisor
'0000000100,'1101011001,'0000100000,'0000000000,Regular Zero Divisor
'0000000001,'1101011001,'0000100000,'0000000000,Regular Zero Divisor
'0001000000,'1101011001,'0000010000,'0000000000,Regular Zero Divisor
'0000010000,'1101011001,'0000010000,'0000010000,Idempotent
'0000000010,'1101011001,'0000010000,'0000000000,Regular Zero Divisor
'0001000000,'1101011001,'0000001000,'0000000000,Regular Zero Divisor
'0000001000,'1101011001,'0000001000,'0000001000,Idempotent
'0000000010,'1101011001,'0000001000,'0000000000,Regular Zero Divisor
'0001000000,'1101011001,'0000000100,'0000000000,Regular Zero Divisor
'0000000100,'1101011001,'0000000100,'0000000100,Idempotent
'0000000010,'1101011001,'0000000100,'0000000000,Regular Zero Divisor
'0001000000,'1101011001,'0000000010,'0000000000,Regular Zero Divisor
'0000000010,'1101011001,'0000000010,'0000000000,Nilpotent
'0001000000,'1101011001,'0000000001,'0000000000,Regular Zero Divisor
'0000000010,'1101011001,'0000000001,'0000000000,Regular Zero Divisor
'0000000001,'1101011001,'0000000001,'0000000001,Idempotent
'1000000000,'1011011001,'1000000000,'1000000000,Idempotent
'0010000000,'1011011001,'1000000000,'0000000000,Regular Zero Divisor
'0000100000,'1011011001,'1000000000,'0000000000,Regular Zero Divisor
'0000000100,'1011011001,'1000000000,'0000000000,Regular Zero Divisor
'0000000001,'1011011001,'1000000000,'0000000000,Regular Zero Divisor
'0100000000,'1011011001,'0100000000,'0100000000,Idempotent
'0010000000,'1011011001,'0100000000,'0000000000,Regular Zero Divisor
'0000100000,'1011011001,'0100000000,'0000000000,Regular Zero Divisor
'0000000100,'1011011001,'0100000000,'0000000000,Regular Zero Divisor
'0000000001,'1011011001,'0100000000,'0000000000,Regular Zero Divisor
'0010000000,'1011011001,'0010000000,'0000000000,Nilpotent
'0000100000,'1011011001,'0010000000,'0000000000,Regular Zero Divisor
'0000000100,'1011011001,'0010000000,'0000000000,Regular Zero Divisor
'0000000001,'1011011001,'0010000000,'0000000000,Regular Zero Divisor
'0010000000,'1011011001,'0001000000,'0000000000,Regular Zero Divisor
'0001000000,'1011011001,'0001000000,'0001000000,Idempotent
'0000100000,'1011011001,'0001000000,'0000000000,Regular Zero Divisor
'0000000100,'1011011001,'0001000000,'0000000000,Regular Zero Divisor
'0000000001,'1011011001,'0001000000,'0000000000,Regular Zero Divisor
'0010000000,'1011011001,'0000100000,'0000000000,Regular Zero Divisor
'0000100000,'1011011001,'0000100000,'0000000000,Nilpotent
'0000000100,'1011011001,'0000100000,'0000000000,Regular Zero Divisor
'0000000001,'1011011001,'0000100000,'0000000000,Regular Zero Divisor
'1000000000,'1011011001,'0000010000,'0000000000,Regular Zero Divisor
'0001000000,'1011011001,'0000010000,'0000000000,Regular Zero Divisor
'0000010000,'1011011001,'0000010000,'0000000000,Nilpotent
'0000000010,'1011011001,'0000010000,'0000000000,Regular Zero Divisor
'1000000000,'1011011001,'0000001000,'0000000000,Regular Zero Divisor
'0001000000,'1011011001,'0000001000,'0000000000,Regular Zero Divisor
'0000010000,'1011011001,'0000001000,'0000000000,Regular Zero Divisor
'0000001000,'1011011001,'0000001000,'0000001000,Idempotent
'0000000010,'1011011001,'0000001000,'0000000000,Regular Zero Divisor
'1000000000,'1011011001,'0000000100,'0000000000,Regular Zero Divisor
'0001000000,'1011011001,'0000000100,'0000000000,Regular Zero Divisor
'0000010000,'1011011001,'0000000100,'0000000000,Regular Zero Divisor
'0000000100,'1011011001,'0000000100,'0000000100,Idempotent
'0000000010,'1011011001,'0000000100,'0000000000,Regular Zero Divisor
'1000000000,'1011011001,'0000000010,'0000000000,Regular Zero Divisor
'0001000000,'1011011001,'0000000010,'0000000000,Regular Zero Divisor
'0000010000,'1011011001,'0000000010,'0000000000,Regular Zero Divisor
'0000000010,'1011011001,'0000000010,'0000000000,Nilpotent
'1000000000,'1011011001,'0000000001,'0000000000,Regular Zero Divisor
'0001000000,'1011011001,'0000000001,'0000000000,Regular Zero Divisor
'0000010000,'1011011001,'0000000001,'0000000000,Regular Zero Divisor
'0000000010,'1011011001,'0000000001,'0000000000,Regular Zero Divisor
'0000000001,'1011011001,'0000000001,'0000000001,Idempotent
'1000000000,'0111011001,'1000000000,'0000000000,Nilpotent
'0010000000,'0111011001,'1000000000,'0000000000,Regular Zero Divisor
'0000100000,'0111011001,'1000000000,'0000000000,Regular Zero Divisor
'0000010000,'0111011001,'1000000000,'0000000000,Regular Zero Divisor
'0000000100,'0111011001,'1000000000,'0000000000,Regular Zero Divisor
'0000000001,'0111011001,'1000000000,'0000000000,Regular Zero Divisor
'1000000000,'0111011001,'0100000000,'0000000000,Regular Zero Divisor
'0100000000,'0111011001,'0100000000,'0100000000,Idempotent
'0010000000,'0111011001,'0100000000,'0000000000,Regular Zero Divisor
'0000100000,'0111011001,'0100000000,'0000000000,Regular Zero Divisor
'0000010000,'0111011001,'0100000000,'0000000000,Regular Zero Divisor
'0000000100,'0111011001,'0100000000,'0000000000,Regular Zero Divisor
'0000000001,'0111011001,'0100000000,'0000000000,Regular Zero Divisor
'1000000000,'0111011001,'0010000000,'0000000000,Regular Zero Divisor
'0010000000,'0111011001,'0010000000,'0000000000,Nilpotent
'0000100000,'0111011001,'0010000000,'0000000000,Regular Zero Divisor
'0000010000,'0111011001,'0010000000,'0000000000,Regular Zero Divisor
'0000000100,'0111011001,'0010000000,'0000000000,Regular Zero Divisor
'0000000001,'0111011001,'0010000000,'0000000000,Regular Zero Divisor
'1000000000,'0111011001,'0001000000,'0000000000,Regular Zero Divisor
'0010000000,'0111011001,'0001000000,'0000000000,Regular Zero Divisor
'0001000000,'0111011001,'0001000000,'0001000000,Idempotent
'0000100000,'0111011001,'0001000000,'0000000000,Regular Zero Divisor
'0000010000,'0111011001,'0001000000,'0000000000,Regular Zero Divisor
'0000000100,'0111011001,'0001000000,'0000000000,Regular Zero Divisor
'0000000001,'0111011001,'0001000000,'0000000000,Regular Zero Divisor
'1000000000,'0111011001,'0000100000,'0000000000,Regular Zero Divisor
'0010000000,'0111011001,'0000100000,'0000000000,Regular Zero Divisor
'0000100000,'0111011001,'0000100000,'0000000000,Nilpotent
'0000010000,'0111011001,'0000100000,'0000000000,Regular Zero Divisor
'0000000100,'0111011001,'0000100000,'0000000000,Regular Zero Divisor
'0000000001,'0111011001,'0000100000,'0000000000,Regular Zero Divisor
'0001000000,'0111011001,'0000010000,'0000000000,Regular Zero Divisor
'0000010000,'0111011001,'0000010000,'0000010000,Idempotent
'0000000010,'0111011001,'0000010000,'0000000000,Regular Zero Divisor
'0001000000,'0111011001,'0000001000,'0000000000,Regular Zero Divisor
'0000001000,'0111011001,'0000001000,'0000001000,Idempotent
'0000000010,'0111011001,'0000001000,'0000000000,Regular Zero Divisor
'0001000000,'0111011001,'0000000100,'0000000000,Regular Zero Divisor
'0000000100,'0111011001,'0000000100,'0000000100,Idempotent
'0000000010,'0111011001,'0000000100,'0000000000,Regular Zero Divisor
'0001000000,'0111011001,'0000000010,'0000000000,Regular Zero Divisor
'0000000010,'0111011001,'0000000010,'0000000000,Nilpotent
'0001000000,'0111011001,'0000000001,'0000000000,Regular Zero Divisor
'0000000010,'0111011001,'0000000001,'0000000000,Regular Zero Divisor
'0000000001,'0111011001,'0000000001,'0000000001,Idempotent
'1000000000,'1111011001,'1000000000,'1000000000,Idempotent
'0010000000,'1111011001,'1000000000,'0000000000,Regular Zero Divisor
'0000100000,'1111011001,'1000000000,'0000000000,Regular Zero Divisor
'0000000100,'1111011001,'1000000000,'0000000000,Regular Zero Divisor
'0000000001,'1111011001,'1000000000,'0000000000,Regular Zero Divisor
'0100000000,'1111011001,'0100000000,'0100000000,Idempotent
'0010000000,'1111011001,'0100000000,'0000000000,Regular Zero Divisor
'0000100000,'1111011001,'0100000000,'0000000000,Regular Zero Divisor
'0000000100,'1111011001,'0100000000,'0000000000,Regular Zero Divisor
'0000000001,'1111011001,'0100000000,'0000000000,Regular Zero Divisor
'0010000000,'1111011001,'0010000000,'0000000000,Nilpotent
'0000100000,'1111011001,'0010000000,'0000000000,Regular Zero Divisor
'0000000100,'1111011001,'0010000000,'0000000000,Regular Zero Divisor
'0000000001,'1111011001,'0010000000,'0000000000,Regular Zero Divisor
'0010000000,'1111011001,'0001000000,'0000000000,Regular Zero Divisor
'0001000000,'1111011001,'0001000000,'0001000000,Idempotent
'0000100000,'1111011001,'0001000000,'0000000000,Regular Zero Divisor
'0000000100,'1111011001,'0001000000,'0000000000,Regular Zero Divisor
'0000000001,'1111011001,'0001000000,'0000000000,Regular Zero Divisor
'0010000000,'1111011001,'0000100000,'0000000000,Regular Zero Divisor
'0000100000,'1111011001,'0000100000,'0000000000,Nilpotent
'0000000100,'1111011001,'0000100000,'0000000000,Regular Zero Divisor
'0000000001,'1111011001,'0000100000,'0000000000,Regular Zero Divisor
'0001000000,'1111011001,'0000010000,'0000000000,Regular Zero Divisor
'0000010000,'1111011001,'0000010000,'0000010000,Idempotent
'0000000010,'1111011001,'0000010000,'0000000000,Regular Zero Divisor
'0001000000,'1111011001,'0000001000,'0000000000,Regular Zero Divisor
'0000001000,'1111011001,'0000001000,'0000001000,Idempotent
'0000000010,'1111011001,'0000001000,'0000000000,Regular Zero Divisor
'0001000000,'1111011001,'0000000100,'0000000000,Regular Zero Divisor
'0000000100,'1111011001,'0000000100,'0000000100,Idempotent
'0000000010,'1111011001,'0000000100,'0000000000,Regular Zero Divisor
'0001000000,'1111011001,'0000000010,'0000000000,Regular Zero Divisor
'0000000010,'1111011001,'0000000010,'0000000000,Nilpotent
'0001000000,'1111011001,'0000000001,'0000000000,Regular Zero Divisor
'0000000010,'1111011001,'0000000001,'0000000000,Regular Zero Divisor
'0000000001,'1111011001,'0000000001,'0000000001,Idempotent
'1000000000,'1010111001,'1000000000,'1000000000,Idempotent
'0000100000,'1010111001,'1000000000,'0000000000,Regular Zero Divisor
'0000000001,'1010111001,'1000000000,'0000000000,Regular Zero Divisor
'0100000000,'1010111001,'0100000000,'0100000000,Idempotent
'0000100000,'1010111001,'0100000000,'0000000000,Regular Zero Divisor
'0000000001,'1010111001,'0100000000,'0000000000,Regular Zero Divisor
'0010000000,'1010111001,'0010000000,'0010000000,Idempotent
'0000100000,'1010111001,'0010000000,'0000000000,Regular Zero Divisor
'0000000001,'1010111001,'0010000000,'0000000000,Regular Zero Divisor
'0001000000,'1010111001,'0001000000,'0001000000,Idempotent
'0000100000,'1010111001,'0001000000,'0000000000,Regular Zero Divisor
'0000000001,'1010111001,'0001000000,'0000000000,Regular Zero Divisor
'0000100000,'1010111001,'0000100000,'0000000000,Nilpotent
'0000000001,'1010111001,'0000100000,'0000000000,Regular Zero Divisor
'1000000000,'1010111001,'0000010000,'0000000000,Regular Zero Divisor
'0100000000,'1010111001,'0000010000,'0000000000,Regular Zero Divisor
'0001000000,'1010111001,'0000010000,'0000000000,Regular Zero Divisor
'0000010000,'1010111001,'0000010000,'0000000000,Nilpotent
'0000001000,'1010111001,'0000010000,'0000000000,Regular Zero Divisor
'0000000010,'1010111001,'0000010000,'0000000000,Regular Zero Divisor
'1000000000,'1010111001,'0000001000,'0000000000,Regular Zero Divisor
'0100000000,'1010111001,'0000001000,'0000000000,Regular Zero Divisor
'0001000000,'1010111001,'0000001000,'0000000000,Regular Zero Divisor
'0000010000,'1010111001,'0000001000,'0000000000,Regular Zero Divisor
'0000001000,'1010111001,'0000001000,'0000000000,Nilpotent
'0000000010,'1010111001,'0000001000,'0000000000,Regular Zero Divisor
'1000000000,'1010111001,'0000000100,'0000000000,Regular Zero Divisor
'0100000000,'1010111001,'0000000100,'0000000000,Regular Zero Divisor
'0001000000,'1010111001,'0000000100,'0000000000,Regular Zero Divisor
'0000010000,'1010111001,'0000000100,'0000000000,Regular Zero Divisor
'0000001000,'1010111001,'0000000100,'0000000000,Regular Zero Divisor
'0000000100,'1010111001,'0000000100,'0000000100,Idempotent
'0000000010,'1010111001,'0000000100,'0000000000,Regular Zero Divisor
'1000000000,'1010111001,'0000000010,'0000000000,Regular Zero Divisor
'0100000000,'1010111001,'0000000010,'0000000000,Regular Zero Divisor
'0001000000,'1010111001,'0000000010,'0000000000,Regular Zero Divisor
'0000010000,'1010111001,'0000000010,'0000000000,Regular Zero Divisor
'0000001000,'1010111001,'0000000010,'0000000000,Regular Zero Divisor
'0000000010,'1010111001,'0000000010,'0000000000,Nilpotent
'1000000000,'1010111001,'0000000001,'0000000000,Regular Zero Divisor
'0100000000,'1010111001,'0000000001,'0000000000,Regular Zero Divisor
'0001000000,'1010111001,'0000000001,'0000000000,Regular Zero Divisor
'0000010000,'1010111001,'0000000001,'0000000000,Regular Zero Divisor
'0000001000,'1010111001,'0000000001,'0000000000,Regular Zero Divisor
'0000000010,'1010111001,'0000000001,'0000000000,Regular Zero Divisor
'0000000001,'1010111001,'0000000001,'0000000001,Idempotent
'1000000000,'0110111001,'1000000000,'0000000000,Nilpotent
'0000100000,'0110111001,'1000000000,'0000000000,Regular Zero Divisor
'0000010000,'0110111001,'1000000000,'0000000000,Regular Zero Divisor
'0000000001,'0110111001,'1000000000,'0000000000,Regular Zero Divisor
'1000000000,'0110111001,'0100000000,'0000000000,Regular Zero Divisor
'0100000000,'0110111001,'0100000000,'0100000000,Idempotent
'0000100000,'0110111001,'0100000000,'0000000000,Regular Zero Divisor
'0000010000,'0110111001,'0100000000,'0000000000,Regular Zero Divisor
'0000000001,'0110111001,'0100000000,'0000000000,Regular Zero Divisor
'1000000000,'0110111001,'0010000000,'0000000000,Regular Zero Divisor
'0010000000,'0110111001,'0010000000,'0010000000,Idempotent
'0000100000,'0110111001,'0010000000,'0000000000,Regular Zero Divisor
'0000010000,'0110111001,'0010000000,'0000000000,Regular Zero Divisor
'0000000001,'0110111001,'0010000000,'0000000000,Regular Zero Divisor
'1000000000,'0110111001,'0001000000,'0000000000,Regular Zero Divisor
'0001000000,'0110111001,'0001000000,'0001000000,Idempotent
'0000100000,'0110111001,'0001000000,'0000000000,Regular Zero Divisor
'0000010000,'0110111001,'0001000000,'0000000000,Regular Zero Divisor
'0000000001,'0110111001,'0001000000,'0000000000,Regular Zero Divisor
'1000000000,'0110111001,'0000100000,'0000000000,Regular Zero Divisor
'0000100000,'0110111001,'0000100000,'0000000000,Nilpotent
'0000010000,'0110111001,'0000100000,'0000000000,Regular Zero Divisor
'0000000001,'0110111001,'0000100000,'0000000000,Regular Zero Divisor
'0100000000,'0110111001,'0000010000,'0000000000,Regular Zero Divisor
'0001000000,'0110111001,'0000010000,'0000000000,Regular Zero Divisor
'0000010000,'0110111001,'0000010000,'0000010000,Idempotent
'0000001000,'0110111001,'0000010000,'0000000000,Regular Zero Divisor
'0000000010,'0110111001,'0000010000,'0000000000,Regular Zero Divisor
'0100000000,'0110111001,'0000001000,'0000000000,Regular Zero Divisor
'0001000000,'0110111001,'0000001000,'0000000000,Regular Zero Divisor
'0000001000,'0110111001,'0000001000,'0000000000,Nilpotent
'0000000010,'0110111001,'0000001000,'0000000000,Regular Zero Divisor
'0100000000,'0110111001,'0000000100,'0000000000,Regular Zero Divisor
'0001000000,'0110111001,'0000000100,'0000000000,Regular Zero Divisor
'0000001000,'0110111001,'0000000100,'0000000000,Regular Zero Divisor
'0000000100,'0110111001,'0000000100,'0000000100,Idempotent
'0000000010,'0110111001,'0000000100,'0000000000,Regular Zero Divisor
'0100000000,'0110111001,'0000000010,'0000000000,Regular Zero Divisor
'0001000000,'0110111001,'0000000010,'0000000000,Regular Zero Divisor
'0000001000,'0110111001,'0000000010,'0000000000,Regular Zero Divisor
'0000000010,'0110111001,'0000000010,'0000000000,Nilpotent
'0100000000,'0110111001,'0000000001,'0000000000,Regular Zero Divisor
'0001000000,'0110111001,'0000000001,'0000000000,Regular Zero Divisor
'0000001000,'0110111001,'0000000001,'0000000000,Regular Zero Divisor
'0000000010,'0110111001,'0000000001,'0000000000,Regular Zero Divisor
'0000000001,'0110111001,'0000000001,'0000000001,Idempotent
'1000000000,'1110111001,'1000000000,'1000000000,Idempotent
'0000100000,'1110111001,'1000000000,'0000000000,Regular Zero Divisor
'0000000001,'1110111001,'1000000000,'0000000000,Regular Zero Divisor
'0100000000,'1110111001,'0100000000,'0100000000,Idempotent
'0000100000,'1110111001,'0100000000,'0000000000,Regular Zero Divisor
'0000000001,'1110111001,'0100000000,'0000000000,Regular Zero Divisor
'0010000000,'1110111001,'0010000000,'0010000000,Idempotent
'0000100000,'1110111001,'0010000000,'0000000000,Regular Zero Divisor
'0000000001,'1110111001,'0010000000,'0000000000,Regular Zero Divisor
'0001000000,'1110111001,'0001000000,'0001000000,Idempotent
'0000100000,'1110111001,'0001000000,'0000000000,Regular Zero Divisor
'0000000001,'1110111001,'0001000000,'0000000000,Regular Zero Divisor
'0000100000,'1110111001,'0000100000,'0000000000,Nilpotent
'0000000001,'1110111001,'0000100000,'0000000000,Regular Zero Divisor
'0100000000,'1110111001,'0000010000,'0000000000,Regular Zero Divisor
'0001000000,'1110111001,'0000010000,'0000000000,Regular Zero Divisor
'0000010000,'1110111001,'0000010000,'0000010000,Idempotent
'0000001000,'1110111001,'0000010000,'0000000000,Regular Zero Divisor
'0000000010,'1110111001,'0000010000,'0000000000,Regular Zero Divisor
'0100000000,'1110111001,'0000001000,'0000000000,Regular Zero Divisor
'0001000000,'1110111001,'0000001000,'0000000000,Regular Zero Divisor
'0000001000,'1110111001,'0000001000,'0000000000,Nilpotent
'0000000010,'1110111001,'0000001000,'0000000000,Regular Zero Divisor
'0100000000,'1110111001,'0000000100,'0000000000,Regular Zero Divisor
'0001000000,'1110111001,'0000000100,'0000000000,Regular Zero Divisor
'0000001000,'1110111001,'0000000100,'0000000000,Regular Zero Divisor
'0000000100,'1110111001,'0000000100,'0000000100,Idempotent
'0000000010,'1110111001,'0000000100,'0000000000,Regular Zero Divisor
'0100000000,'1110111001,'0000000010,'0000000000,Regular Zero Divisor
'0001000000,'1110111001,'0000000010,'0000000000,Regular Zero Divisor
'0000001000,'1110111001,'0000000010,'0000000000,Regular Zero Divisor
'0000000010,'1110111001,'0000000010,'0000000000,Nilpotent
'0100000000,'1110111001,'0000000001,'0000000000,Regular Zero Divisor
'0001000000,'1110111001,'0000000001,'0000000000,Regular Zero Divisor
'0000001000,'1110111001,'0000000001,'0000000000,Regular Zero Divisor
'0000000010,'1110111001,'0000000001,'0000000000,Regular Zero Divisor
'0000000001,'1110111001,'0000000001,'0000000001,Idempotent
'1000000000,'1001111001,'1000000000,'1000000000,Idempotent
'0100000000,'1001111001,'1000000000,'0000000000,Regular Zero Divisor
'0000100000,'1001111001,'1000000000,'0000000000,Regular Zero Divisor
'0000001000,'1001111001,'1000000000,'0000000000,Regular Zero Divisor
'0000000001,'1001111001,'1000000000,'0000000000,Regular Zero Divisor
'0100000000,'1001111001,'0100000000,'0000000000,Nilpotent
'0000100000,'1001111001,'0100000000,'0000000000,Regular Zero Divisor
'0000001000,'1001111001,'0100000000,'0000000000,Regular Zero Divisor
'0000000001,'1001111001,'0100000000,'0000000000,Regular Zero Divisor
'0100000000,'1001111001,'0010000000,'0000000000,Regular Zero Divisor
'0010000000,'1001111001,'0010000000,'0010000000,Idempotent
'0000100000,'1001111001,'0010000000,'0000000000,Regular Zero Divisor
'0000001000,'1001111001,'0010000000,'0000000000,Regular Zero Divisor
'0000000001,'1001111001,'0010000000,'0000000000,Regular Zero Divisor
'0100000000,'1001111001,'0001000000,'0000000000,Regular Zero Divisor
'0001000000,'1001111001,'0001000000,'0001000000,Idempotent
'0000100000,'1001111001,'0001000000,'0000000000,Regular Zero Divisor
'0000001000,'1001111001,'0001000000,'0000000000,Regular Zero Divisor
'0000000001,'1001111001,'0001000000,'0000000000,Regular Zero Divisor
'0100000000,'1001111001,'0000100000,'0000000000,Regular Zero Divisor
'0000100000,'1001111001,'0000100000,'0000000000,Nilpotent
'0000001000,'1001111001,'0000100000,'0000000000,Regular Zero Divisor
'0000000001,'1001111001,'0000100000,'0000000000,Regular Zero Divisor
'1000000000,'1001111001,'0000010000,'0000000000,Regular Zero Divisor
'0001000000,'1001111001,'0000010000,'0000000000,Regular Zero Divisor
'0000010000,'1001111001,'0000010000,'0000000000,Nilpotent
'0000000010,'1001111001,'0000010000,'0000000000,Regular Zero Divisor
'1000000000,'1001111001,'0000001000,'0000000000,Regular Zero Divisor
'0001000000,'1001111001,'0000001000,'0000000000,Regular Zero Divisor
'0000010000,'1001111001,'0000001000,'0000000000,Regular Zero Divisor
'0000001000,'1001111001,'0000001000,'0000001000,Idempotent
'0000000010,'1001111001,'0000001000,'0000000000,Regular Zero Divisor
'1000000000,'1001111001,'0000000100,'0000000000,Regular Zero Divisor
'0001000000,'1001111001,'0000000100,'0000000000,Regular Zero Divisor
'0000010000,'1001111001,'0000000100,'0000000000,Regular Zero Divisor
'0000000100,'1001111001,'0000000100,'0000000100,Idempotent
'0000000010,'1001111001,'0000000100,'0000000000,Regular Zero Divisor
'1000000000,'1001111001,'0000000010,'0000000000,Regular Zero Divisor
'0001000000,'1001111001,'0000000010,'0000000000,Regular Zero Divisor
'0000010000,'1001111001,'0000000010,'0000000000,Regular Zero Divisor
'0000000010,'1001111001,'0000000010,'0000000000,Nilpotent
'1000000000,'1001111001,'0000000001,'0000000000,Regular Zero Divisor
'0001000000,'1001111001,'0000000001,'0000000000,Regular Zero Divisor
'0000010000,'1001111001,'0000000001,'0000000000,Regular Zero Divisor
'0000000010,'1001111001,'0000000001,'0000000000,Regular Zero Divisor
'0000000001,'1001111001,'0000000001,'0000000001,Idempotent
'1000000000,'0101111001,'1000000000,'0000000000,Nilpotent
'0100000000,'0101111001,'1000000000,'0000000000,Regular Zero Divisor
'0000100000,'0101111001,'1000000000,'0000000000,Regular Zero Divisor
'0000010000,'0101111001,'1000000000,'0000000000,Regular Zero Divisor
'0000001000,'0101111001,'1000000000,'0000000000,Regular Zero Divisor
'0000000001,'0101111001,'1000000000,'0000000000,Regular Zero Divisor
'1000000000,'0101111001,'0100000000,'0000000000,Regular Zero Divisor
'0100000000,'0101111001,'0100000000,'0000000000,Nilpotent
'0000100000,'0101111001,'0100000000,'0000000000,Regular Zero Divisor
'0000010000,'0101111001,'0100000000,'0000000000,Regular Zero Divisor
'0000001000,'0101111001,'0100000000,'0000000000,Regular Zero Divisor
'0000000001,'0101111001,'0100000000,'0000000000,Regular Zero Divisor
'1000000000,'0101111001,'0010000000,'0000000000,Regular Zero Divisor
'0100000000,'0101111001,'0010000000,'0000000000,Regular Zero Divisor
'0010000000,'0101111001,'0010000000,'0010000000,Idempotent
'0000100000,'0101111001,'0010000000,'0000000000,Regular Zero Divisor
'0000010000,'0101111001,'0010000000,'0000000000,Regular Zero Divisor
'0000001000,'0101111001,'0010000000,'0000000000,Regular Zero Divisor
'0000000001,'0101111001,'0010000000,'0000000000,Regular Zero Divisor
'1000000000,'0101111001,'0001000000,'0000000000,Regular Zero Divisor
'0100000000,'0101111001,'0001000000,'0000000000,Regular Zero Divisor
'0001000000,'0101111001,'0001000000,'0001000000,Idempotent
'0000100000,'0101111001,'0001000000,'0000000000,Regular Zero Divisor
'0000010000,'0101111001,'0001000000,'0000000000,Regular Zero Divisor
'0000001000,'0101111001,'0001000000,'0000000000,Regular Zero Divisor
'0000000001,'0101111001,'0001000000,'0000000000,Regular Zero Divisor
'1000000000,'0101111001,'0000100000,'0000000000,Regular Zero Divisor
'0100000000,'0101111001,'0000100000,'0000000000,Regular Zero Divisor
'0000100000,'0101111001,'0000100000,'0000000000,Nilpotent
'0000010000,'0101111001,'0000100000,'0000000000,Regular Zero Divisor
'0000001000,'0101111001,'0000100000,'0000000000,Regular Zero Divisor
'0000000001,'0101111001,'0000100000,'0000000000,Regular Zero Divisor
'0001000000,'0101111001,'0000010000,'0000000000,Regular Zero Divisor
'0000010000,'0101111001,'0000010000,'0000010000,Idempotent
'0000000010,'0101111001,'0000010000,'0000000000,Regular Zero Divisor
'0001000000,'0101111001,'0000001000,'0000000000,Regular Zero Divisor
'0000001000,'0101111001,'0000001000,'0000001000,Idempotent
'0000000010,'0101111001,'0000001000,'0000000000,Regular Zero Divisor
'0001000000,'0101111001,'0000000100,'0000000000,Regular Zero Divisor
'0000000100,'0101111001,'0000000100,'0000000100,Idempotent
'0000000010,'0101111001,'0000000100,'0000000000,Regular Zero Divisor
'0001000000,'0101111001,'0000000010,'0000000000,Regular Zero Divisor
'0000000010,'0101111001,'0000000010,'0000000000,Nilpotent
'0001000000,'0101111001,'0000000001,'0000000000,Regular Zero Divisor
'0000000010,'0101111001,'0000000001,'0000000000,Regular Zero Divisor
'0000000001,'0101111001,'0000000001,'0000000001,Idempotent
'1000000000,'1101111001,'1000000000,'1000000000,Idempotent
'0100000000,'1101111001,'1000000000,'0000000000,Regular Zero Divisor
'0000100000,'1101111001,'1000000000,'0000000000,Regular Zero Divisor
'0000001000,'1101111001,'1000000000,'0000000000,Regular Zero Divisor
'0000000001,'1101111001,'1000000000,'0000000000,Regular Zero Divisor
'0100000000,'1101111001,'0100000000,'0000000000,Nilpotent
'0000100000,'1101111001,'0100000000,'0000000000,Regular Zero Divisor
'0000001000,'1101111001,'0100000000,'0000000000,Regular Zero Divisor
'0000000001,'1101111001,'0100000000,'0000000000,Regular Zero Divisor
'0100000000,'1101111001,'0010000000,'0000000000,Regular Zero Divisor
'0010000000,'1101111001,'0010000000,'0010000000,Idempotent
'0000100000,'1101111001,'0010000000,'0000000000,Regular Zero Divisor
'0000001000,'1101111001,'0010000000,'0000000000,Regular Zero Divisor
'0000000001,'1101111001,'0010000000,'0000000000,Regular Zero Divisor
'0100000000,'1101111001,'0001000000,'0000000000,Regular Zero Divisor
'0001000000,'1101111001,'0001000000,'0001000000,Idempotent
'0000100000,'1101111001,'0001000000,'0000000000,Regular Zero Divisor
'0000001000,'1101111001,'0001000000,'0000000000,Regular Zero Divisor
'0000000001,'1101111001,'0001000000,'0000000000,Regular Zero Divisor
'0100000000,'1101111001,'0000100000,'0000000000,Regular Zero Divisor
'0000100000,'1101111001,'0000100000,'0000000000,Nilpotent
'0000001000,'1101111001,'0000100000,'0000000000,Regular Zero Divisor
'0000000001,'1101111001,'0000100000,'0000000000,Regular Zero Divisor
'0001000000,'1101111001,'0000010000,'0000000000,Regular Zero Divisor
'0000010000,'1101111001,'0000010000,'0000010000,Idempotent
'0000000010,'1101111001,'0000010000,'0000000000,Regular Zero Divisor
'0001000000,'1101111001,'0000001000,'0000000000,Regular Zero Divisor
'0000001000,'1101111001,'0000001000,'0000001000,Idempotent
'0000000010,'1101111001,'0000001000,'0000000000,Regular Zero Divisor
'0001000000,'1101111001,'0000000100,'0000000000,Regular Zero Divisor
'0000000100,'1101111001,'0000000100,'0000000100,Idempotent
'0000000010,'1101111001,'0000000100,'0000000000,Regular Zero Divisor
'0001000000,'1101111001,'0000000010,'0000000000,Regular Zero Divisor
'0000000010,'1101111001,'0000000010,'0000000000,Nilpotent
'0001000000,'1101111001,'0000000001,'0000000000,Regular Zero Divisor
'0000000010,'1101111001,'0000000001,'0000000000,Regular Zero Divisor
'0000000001,'1101111001,'0000000001,'0000000001,Idempotent
'1000000000,'1011111001,'1000000000,'1000000000,Idempotent
'0000100000,'1011111001,'1000000000,'0000000000,Regular Zero Divisor
'0000000001,'1011111001,'1000000000,'0000000000,Regular Zero Divisor
'0100000000,'1011111001,'0100000000,'0100000000,Idempotent
'0000100000,'1011111001,'0100000000,'0000000000,Regular Zero Divisor
'0000000001,'1011111001,'0100000000,'0000000000,Regular Zero Divisor
'0010000000,'1011111001,'0010000000,'0010000000,Idempotent
'0000100000,'1011111001,'0010000000,'0000000000,Regular Zero Divisor
'0000000001,'1011111001,'0010000000,'0000000000,Regular Zero Divisor
'0001000000,'1011111001,'0001000000,'0001000000,Idempotent
'0000100000,'1011111001,'0001000000,'0000000000,Regular Zero Divisor
'0000000001,'1011111001,'0001000000,'0000000000,Regular Zero Divisor
'0000100000,'1011111001,'0000100000,'0000000000,Nilpotent
'0000000001,'1011111001,'0000100000,'0000000000,Regular Zero Divisor
'1000000000,'1011111001,'0000010000,'0000000000,Regular Zero Divisor
'0001000000,'1011111001,'0000010000,'0000000000,Regular Zero Divisor
'0000010000,'1011111001,'0000010000,'0000000000,Nilpotent
'0000000010,'1011111001,'0000010000,'0000000000,Regular Zero Divisor
'1000000000,'1011111001,'0000001000,'0000000000,Regular Zero Divisor
'0001000000,'1011111001,'0000001000,'0000000000,Regular Zero Divisor
'0000010000,'1011111001,'0000001000,'0000000000,Regular Zero Divisor
'0000001000,'1011111001,'0000001000,'0000001000,Idempotent
'0000000010,'1011111001,'0000001000,'0000000000,Regular Zero Divisor
'1000000000,'1011111001,'0000000100,'0000000000,Regular Zero Divisor
'0001000000,'1011111001,'0000000100,'0000000000,Regular Zero Divisor
'0000010000,'1011111001,'0000000100,'0000000000,Regular Zero Divisor
'0000000100,'1011111001,'0000000100,'0000000100,Idempotent
'0000000010,'1011111001,'0000000100,'0000000000,Regular Zero Divisor
'1000000000,'1011111001,'0000000010,'0000000000,Regular Zero Divisor
'0001000000,'1011111001,'0000000010,'0000000000,Regular Zero Divisor
'0000010000,'1011111001,'0000000010,'0000000000,Regular Zero Divisor
'0000000010,'1011111001,'0000000010,'0000000000,Nilpotent
'1000000000,'1011111001,'0000000001,'0000000000,Regular Zero Divisor
'0001000000,'1011111001,'0000000001,'0000000000,Regular Zero Divisor
'0000010000,'1011111001,'0000000001,'0000000000,Regular Zero Divisor
'0000000010,'1011111001,'0000000001,'0000000000,Regular Zero Divisor
'0000000001,'1011111001,'0000000001,'0000000001,Idempotent
'1000000000,'0111111001,'1000000000,'0000000000,Nilpotent
'0000100000,'0111111001,'1000000000,'0000000000,Regular Zero Divisor
'0000010000,'0111111001,'1000000000,'0000000000,Regular Zero Divisor
'0000000001,'0111111001,'1000000000,'0000000000,Regular Zero Divisor
'1000000000,'0111111001,'0100000000,'0000000000,Regular Zero Divisor
'0100000000,'0111111001,'0100000000,'0100000000,Idempotent
'0000100000,'0111111001,'0100000000,'0000000000,Regular Zero Divisor
'0000010000,'0111111001,'0100000000,'0000000000,Regular Zero Divisor
'0000000001,'0111111001,'0100000000,'0000000000,Regular Zero Divisor
'1000000000,'0111111001,'0010000000,'0000000000,Regular Zero Divisor
'0010000000,'0111111001,'0010000000,'0010000000,Idempotent
'0000100000,'0111111001,'0010000000,'0000000000,Regular Zero Divisor
'0000010000,'0111111001,'0010000000,'0000000000,Regular Zero Divisor
'0000000001,'0111111001,'0010000000,'0000000000,Regular Zero Divisor
'1000000000,'0111111001,'0001000000,'0000000000,Regular Zero Divisor
'0001000000,'0111111001,'0001000000,'0001000000,Idempotent
'0000100000,'0111111001,'0001000000,'0000000000,Regular Zero Divisor
'0000010000,'0111111001,'0001000000,'0000000000,Regular Zero Divisor
'0000000001,'0111111001,'0001000000,'0000000000,Regular Zero Divisor
'1000000000,'0111111001,'0000100000,'0000000000,Regular Zero Divisor
'0000100000,'0111111001,'0000100000,'0000000000,Nilpotent
'0000010000,'0111111001,'0000100000,'0000000000,Regular Zero Divisor
'0000000001,'0111111001,'0000100000,'0000000000,Regular Zero Divisor
'0001000000,'0111111001,'0000010000,'0000000000,Regular Zero Divisor
'0000010000,'0111111001,'0000010000,'0000010000,Idempotent
'0000000010,'0111111001,'0000010000,'0000000000,Regular Zero Divisor
'0001000000,'0111111001,'0000001000,'0000000000,Regular Zero Divisor
'0000001000,'0111111001,'0000001000,'0000001000,Idempotent
'0000000010,'0111111001,'0000001000,'0000000000,Regular Zero Divisor
'0001000000,'0111111001,'0000000100,'0000000000,Regular Zero Divisor
'0000000100,'0111111001,'0000000100,'0000000100,Idempotent
'0000000010,'0111111001,'0000000100,'0000000000,Regular Zero Divisor
'0001000000,'0111111001,'0000000010,'0000000000,Regular Zero Divisor
'0000000010,'0111111001,'0000000010,'0000000000,Nilpotent
'0001000000,'0111111001,'0000000001,'0000000000,Regular Zero Divisor
'0000000010,'0111111001,'0000000001,'0000000000,Regular Zero Divisor
'0000000001,'0111111001,'0000000001,'0000000001,Idempotent
'1000000000,'1111111001,'1000000000,'1000000000,Idempotent
'0000100000,'1111111001,'1000000000,'0000000000,Regular Zero Divisor
'0000000001,'1111111001,'1000000000,'0000000000,Regular Zero Divisor
'0100000000,'1111111001,'0100000000,'0100000000,Idempotent
'0000100000,'1111111001,'0100000000,'0000000000,Regular Zero Divisor
'0000000001,'1111111001,'0100000000,'0000000000,Regular Zero Divisor
'0010000000,'1111111001,'0010000000,'0010000000,Idempotent
'0000100000,'1111111001,'0010000000,'0000000000,Regular Zero Divisor
'0000000001,'1111111001,'0010000000,'0000000000,Regular Zero Divisor
'0001000000,'1111111001,'0001000000,'0001000000,Idempotent
'0000100000,'1111111001,'0001000000,'0000000000,Regular Zero Divisor
'0000000001,'1111111001,'0001000000,'0000000000,Regular Zero Divisor
'0000100000,'1111111001,'0000100000,'0000000000,Nilpotent
'0000000001,'1111111001,'0000100000,'0000000000,Regular Zero Divisor
'0001000000,'1111111001,'0000010000,'0000000000,Regular Zero Divisor
'0000010000,'1111111001,'0000010000,'0000010000,Idempotent
'0000000010,'1111111001,'0000010000,'0000000000,Regular Zero Divisor
'0001000000,'1111111001,'0000001000,'0000000000,Regular Zero Divisor
'0000001000,'1111111001,'0000001000,'0000001000,Idempotent
'0000000010,'1111111001,'0000001000,'0000000000,Regular Zero Divisor
'0001000000,'1111111001,'0000000100,'0000000000,Regular Zero Divisor
'0000000100,'1111111001,'0000000100,'0000000100,Idempotent
'0000000010,'1111111001,'0000000100,'0000000000,Regular Zero Divisor
'0001000000,'1111111001,'0000000010,'0000000000,Regular Zero Divisor
'0000000010,'1111111001,'0000000010,'0000000000,Nilpotent
'0001000000,'1111111001,'0000000001,'0000000000,Regular Zero Divisor
'0000000010,'1111111001,'0000000001,'0000000000,Regular Zero Divisor
'0000000001,'1111111001,'0000000001,'0000000001,Idempotent
'1000000000,'1010100101,'1000000000,'1000000000,Idempotent
'0001000000,'1010100101,'1000000000,'0000000000,Regular Zero Divisor
'0000100000,'1010100101,'1000000000,'0000000000,Regular Zero Divisor
'0000000010,'1010100101,'1000000000,'0000000000,Regular Zero Divisor
'0000000001,'1010100101,'1000000000,'0000000000,Regular Zero Divisor
'0100000000,'1010100101,'0100000000,'0100000000,Idempotent
'0001000000,'1010100101,'0100000000,'0000000000,Regular Zero Divisor
'0000100000,'1010100101,'0100000000,'0000000000,Regular Zero Divisor
'0000000010,'1010100101,'0100000000,'0000000000,Regular Zero Divisor
'0000000001,'1010100101,'0100000000,'0000000000,Regular Zero Divisor
'0010000000,'1010100101,'0010000000,'0010000000,Idempotent
'0001000000,'1010100101,'0010000000,'0000000000,Regular Zero Divisor
'0000100000,'1010100101,'0010000000,'0000000000,Regular Zero Divisor
'0000000010,'1010100101,'0010000000,'0000000000,Regular Zero Divisor
'0000000001,'1010100101,'0010000000,'0000000000,Regular Zero Divisor
'0001000000,'1010100101,'0001000000,'0000000000,Nilpotent
'0000100000,'1010100101,'0001000000,'0000000000,Regular Zero Divisor
'0000000010,'1010100101,'0001000000,'0000000000,Regular Zero Divisor
'0000000001,'1010100101,'0001000000,'0000000000,Regular Zero Divisor
'0001000000,'1010100101,'0000100000,'0000000000,Regular Zero Divisor
'0000100000,'1010100101,'0000100000,'0000000000,Nilpotent
'0000000010,'1010100101,'0000100000,'0000000000,Regular Zero Divisor
'0000000001,'1010100101,'0000100000,'0000000000,Regular Zero Divisor
'1000000000,'1010100101,'0000010000,'0000000000,Regular Zero Divisor
'0100000000,'1010100101,'0000010000,'0000000000,Regular Zero Divisor
'0010000000,'1010100101,'0000010000,'0000000000,Regular Zero Divisor
'0000010000,'1010100101,'0000010000,'0000000000,Nilpotent
'0000001000,'1010100101,'0000010000,'0000000000,Regular Zero Divisor
'0000000100,'1010100101,'0000010000,'0000000000,Regular Zero Divisor
'1000000000,'1010100101,'0000001000,'0000000000,Regular Zero Divisor
'0100000000,'1010100101,'0000001000,'0000000000,Regular Zero Divisor
'0010000000,'1010100101,'0000001000,'0000000000,Regular Zero Divisor
'0000010000,'1010100101,'0000001000,'0000000000,Regular Zero Divisor
'0000001000,'1010100101,'0000001000,'0000000000,Nilpotent
'0000000100,'1010100101,'0000001000,'0000000000,Regular Zero Divisor
'1000000000,'1010100101,'0000000100,'0000000000,Regular Zero Divisor
'0100000000,'1010100101,'0000000100,'0000000000,Regular Zero Divisor
'0010000000,'1010100101,'0000000100,'0000000000,Regular Zero Divisor
'0000010000,'1010100101,'0000000100,'0000000000,Regular Zero Divisor
'0000001000,'1010100101,'0000000100,'0000000000,Regular Zero Divisor
'0000000100,'1010100101,'0000000100,'0000000000,Nilpotent
'1000000000,'1010100101,'0000000010,'0000000000,Regular Zero Divisor
'0100000000,'1010100101,'0000000010,'0000000000,Regular Zero Divisor
'0010000000,'1010100101,'0000000010,'0000000000,Regular Zero Divisor
'0000010000,'1010100101,'0000000010,'0000000000,Regular Zero Divisor
'0000001000,'1010100101,'0000000010,'0000000000,Regular Zero Divisor
'0000000100,'1010100101,'0000000010,'0000000000,Regular Zero Divisor
'0000000010,'1010100101,'0000000010,'0000000010,Idempotent
'1000000000,'1010100101,'0000000001,'0000000000,Regular Zero Divisor
'0100000000,'1010100101,'0000000001,'0000000000,Regular Zero Divisor
'0010000000,'1010100101,'0000000001,'0000000000,Regular Zero Divisor
'0000010000,'1010100101,'0000000001,'0000000000,Regular Zero Divisor
'0000001000,'1010100101,'0000000001,'0000000000,Regular Zero Divisor
'0000000100,'1010100101,'0000000001,'0000000000,Regular Zero Divisor
'0000000001,'1010100101,'0000000001,'0000000001,Idempotent
'1000000000,'0110100101,'1000000000,'0000000000,Nilpotent
'0001000000,'0110100101,'1000000000,'0000000000,Regular Zero Divisor
'0000100000,'0110100101,'1000000000,'0000000000,Regular Zero Divisor
'0000010000,'0110100101,'1000000000,'0000000000,Regular Zero Divisor
'0000000010,'0110100101,'1000000000,'0000000000,Regular Zero Divisor
'0000000001,'0110100101,'1000000000,'0000000000,Regular Zero Divisor
'1000000000,'0110100101,'0100000000,'0000000000,Regular Zero Divisor
'0100000000,'0110100101,'0100000000,'0100000000,Idempotent
'0001000000,'0110100101,'0100000000,'0000000000,Regular Zero Divisor
'0000100000,'0110100101,'0100000000,'0000000000,Regular Zero Divisor
'0000010000,'0110100101,'0100000000,'0000000000,Regular Zero Divisor
'0000000010,'0110100101,'0100000000,'0000000000,Regular Zero Divisor
'0000000001,'0110100101,'0100000000,'0000000000,Regular Zero Divisor
'1000000000,'0110100101,'0010000000,'0000000000,Regular Zero Divisor
'0010000000,'0110100101,'0010000000,'0010000000,Idempotent
'0001000000,'0110100101,'0010000000,'0000000000,Regular Zero Divisor
'0000100000,'0110100101,'0010000000,'0000000000,Regular Zero Divisor
'0000010000,'0110100101,'0010000000,'0000000000,Regular Zero Divisor
'0000000010,'0110100101,'0010000000,'0000000000,Regular Zero Divisor
'0000000001,'0110100101,'0010000000,'0000000000,Regular Zero Divisor
'1000000000,'0110100101,'0001000000,'0000000000,Regular Zero Divisor
'0001000000,'0110100101,'0001000000,'0000000000,Nilpotent
'0000100000,'0110100101,'0001000000,'0000000000,Regular Zero Divisor
'0000010000,'0110100101,'0001000000,'0000000000,Regular Zero Divisor
'0000000010,'0110100101,'0001000000,'0000000000,Regular Zero Divisor
'0000000001,'0110100101,'0001000000,'0000000000,Regular Zero Divisor
'1000000000,'0110100101,'0000100000,'0000000000,Regular Zero Divisor
'0001000000,'0110100101,'0000100000,'0000000000,Regular Zero Divisor
'0000100000,'0110100101,'0000100000,'0000000000,Nilpotent
'0000010000,'0110100101,'0000100000,'0000000000,Regular Zero Divisor
'0000000010,'0110100101,'0000100000,'0000000000,Regular Zero Divisor
'0000000001,'0110100101,'0000100000,'0000000000,Regular Zero Divisor
'0100000000,'0110100101,'0000010000,'0000000000,Regular Zero Divisor
'0010000000,'0110100101,'0000010000,'0000000000,Regular Zero Divisor
'0000010000,'0110100101,'0000010000,'0000010000,Idempotent
'0000001000,'0110100101,'0000010000,'0000000000,Regular Zero Divisor
'0000000100,'0110100101,'0000010000,'0000000000,Regular Zero Divisor
'0100000000,'0110100101,'0000001000,'0000000000,Regular Zero Divisor
'0010000000,'0110100101,'0000001000,'0000000000,Regular Zero Divisor
'0000001000,'0110100101,'0000001000,'0000000000,Nilpotent
'0000000100,'0110100101,'0000001000,'0000000000,Regular Zero Divisor
'0100000000,'0110100101,'0000000100,'0000000000,Regular Zero Divisor
'0010000000,'0110100101,'0000000100,'0000000000,Regular Zero Divisor
'0000001000,'0110100101,'0000000100,'0000000000,Regular Zero Divisor
'0000000100,'0110100101,'0000000100,'0000000000,Nilpotent
'0100000000,'0110100101,'0000000010,'0000000000,Regular Zero Divisor
'0010000000,'0110100101,'0000000010,'0000000000,Regular Zero Divisor
'0000001000,'0110100101,'0000000010,'0000000000,Regular Zero Divisor
'0000000100,'0110100101,'0000000010,'0000000000,Regular Zero Divisor
'0000000010,'0110100101,'0000000010,'0000000010,Idempotent
'0100000000,'0110100101,'0000000001,'0000000000,Regular Zero Divisor
'0010000000,'0110100101,'0000000001,'0000000000,Regular Zero Divisor
'0000001000,'0110100101,'0000000001,'0000000000,Regular Zero Divisor
'0000000100,'0110100101,'0000000001,'0000000000,Regular Zero Divisor
'0000000001,'0110100101,'0000000001,'0000000001,Idempotent
'1000000000,'1110100101,'1000000000,'1000000000,Idempotent
'0001000000,'1110100101,'1000000000,'0000000000,Regular Zero Divisor
'0000100000,'1110100101,'1000000000,'0000000000,Regular Zero Divisor
'0000000010,'1110100101,'1000000000,'0000000000,Regular Zero Divisor
'0000000001,'1110100101,'1000000000,'0000000000,Regular Zero Divisor
'0100000000,'1110100101,'0100000000,'0100000000,Idempotent
'0001000000,'1110100101,'0100000000,'0000000000,Regular Zero Divisor
'0000100000,'1110100101,'0100000000,'0000000000,Regular Zero Divisor
'0000000010,'1110100101,'0100000000,'0000000000,Regular Zero Divisor
'0000000001,'1110100101,'0100000000,'0000000000,Regular Zero Divisor
'0010000000,'1110100101,'0010000000,'0010000000,Idempotent
'0001000000,'1110100101,'0010000000,'0000000000,Regular Zero Divisor
'0000100000,'1110100101,'0010000000,'0000000000,Regular Zero Divisor
'0000000010,'1110100101,'0010000000,'0000000000,Regular Zero Divisor
'0000000001,'1110100101,'0010000000,'0000000000,Regular Zero Divisor
'0001000000,'1110100101,'0001000000,'0000000000,Nilpotent
'0000100000,'1110100101,'0001000000,'0000000000,Regular Zero Divisor
'0000000010,'1110100101,'0001000000,'0000000000,Regular Zero Divisor
'0000000001,'1110100101,'0001000000,'0000000000,Regular Zero Divisor
'0001000000,'1110100101,'0000100000,'0000000000,Regular Zero Divisor
'0000100000,'1110100101,'0000100000,'0000000000,Nilpotent
'0000000010,'1110100101,'0000100000,'0000000000,Regular Zero Divisor
'0000000001,'1110100101,'0000100000,'0000000000,Regular Zero Divisor
'0100000000,'1110100101,'0000010000,'0000000000,Regular Zero Divisor
'0010000000,'1110100101,'0000010000,'0000000000,Regular Zero Divisor
'0000010000,'1110100101,'0000010000,'0000010000,Idempotent
'0000001000,'1110100101,'0000010000,'0000000000,Regular Zero Divisor
'0000000100,'1110100101,'0000010000,'0000000000,Regular Zero Divisor
'0100000000,'1110100101,'0000001000,'0000000000,Regular Zero Divisor
'0010000000,'1110100101,'0000001000,'0000000000,Regular Zero Divisor
'0000001000,'1110100101,'0000001000,'0000000000,Nilpotent
'0000000100,'1110100101,'0000001000,'0000000000,Regular Zero Divisor
'0100000000,'1110100101,'0000000100,'0000000000,Regular Zero Divisor
'0010000000,'1110100101,'0000000100,'0000000000,Regular Zero Divisor
'0000001000,'1110100101,'0000000100,'0000000000,Regular Zero Divisor
'0000000100,'1110100101,'0000000100,'0000000000,Nilpotent
'0100000000,'1110100101,'0000000010,'0000000000,Regular Zero Divisor
'0010000000,'1110100101,'0000000010,'0000000000,Regular Zero Divisor
'0000001000,'1110100101,'0000000010,'0000000000,Regular Zero Divisor
'0000000100,'1110100101,'0000000010,'0000000000,Regular Zero Divisor
'0000000010,'1110100101,'0000000010,'0000000010,Idempotent
'0100000000,'1110100101,'0000000001,'0000000000,Regular Zero Divisor
'0010000000,'1110100101,'0000000001,'0000000000,Regular Zero Divisor
'0000001000,'1110100101,'0000000001,'0000000000,Regular Zero Divisor
'0000000100,'1110100101,'0000000001,'0000000000,Regular Zero Divisor
'0000000001,'1110100101,'0000000001,'0000000001,Idempotent
'1000000000,'1001100101,'1000000000,'1000000000,Idempotent
'0100000000,'1001100101,'1000000000,'0000000000,Regular Zero Divisor
'0001000000,'1001100101,'1000000000,'0000000000,Regular Zero Divisor
'0000100000,'1001100101,'1000000000,'0000000000,Regular Zero Divisor
'0000001000,'1001100101,'1000000000,'0000000000,Regular Zero Divisor
'0000000010,'1001100101,'1000000000,'0000000000,Regular Zero Divisor
'0000000001,'1001100101,'1000000000,'0000000000,Regular Zero Divisor
'0100000000,'1001100101,'0100000000,'0000000000,Nilpotent
'0001000000,'1001100101,'0100000000,'0000000000,Regular Zero Divisor
'0000100000,'1001100101,'0100000000,'0000000000,Regular Zero Divisor
'0000001000,'1001100101,'0100000000,'0000000000,Regular Zero Divisor
'0000000010,'1001100101,'0100000000,'0000000000,Regular Zero Divisor
'0000000001,'1001100101,'0100000000,'0000000000,Regular Zero Divisor
'0100000000,'1001100101,'0010000000,'0000000000,Regular Zero Divisor
'0010000000,'1001100101,'0010000000,'0010000000,Idempotent
'0001000000,'1001100101,'0010000000,'0000000000,Regular Zero Divisor
'0000100000,'1001100101,'0010000000,'0000000000,Regular Zero Divisor
'0000001000,'1001100101,'0010000000,'0000000000,Regular Zero Divisor
'0000000010,'1001100101,'0010000000,'0000000000,Regular Zero Divisor
'0000000001,'1001100101,'0010000000,'0000000000,Regular Zero Divisor
'0100000000,'1001100101,'0001000000,'0000000000,Regular Zero Divisor
'0001000000,'1001100101,'0001000000,'0000000000,Nilpotent
'0000100000,'1001100101,'0001000000,'0000000000,Regular Zero Divisor
'0000001000,'1001100101,'0001000000,'0000000000,Regular Zero Divisor
'0000000010,'1001100101,'0001000000,'0000000000,Regular Zero Divisor
'0000000001,'1001100101,'0001000000,'0000000000,Regular Zero Divisor
'0100000000,'1001100101,'0000100000,'0000000000,Regular Zero Divisor
'0001000000,'1001100101,'0000100000,'0000000000,Regular Zero Divisor
'0000100000,'1001100101,'0000100000,'0000000000,Nilpotent
'0000001000,'1001100101,'0000100000,'0000000000,Regular Zero Divisor
'0000000010,'1001100101,'0000100000,'0000000000,Regular Zero Divisor
'0000000001,'1001100101,'0000100000,'0000000000,Regular Zero Divisor
'1000000000,'1001100101,'0000010000,'0000000000,Regular Zero Divisor
'0010000000,'1001100101,'0000010000,'0000000000,Regular Zero Divisor
'0000010000,'1001100101,'0000010000,'0000000000,Nilpotent
'0000000100,'1001100101,'0000010000,'0000000000,Regular Zero Divisor
'1000000000,'1001100101,'0000001000,'0000000000,Regular Zero Divisor
'0010000000,'1001100101,'0000001000,'0000000000,Regular Zero Divisor
'0000010000,'1001100101,'0000001000,'0000000000,Regular Zero Divisor
'0000001000,'1001100101,'0000001000,'0000001000,Idempotent
'0000000100,'1001100101,'0000001000,'0000000000,Regular Zero Divisor
'1000000000,'1001100101,'0000000100,'0000000000,Regular Zero Divisor
'0010000000,'1001100101,'0000000100,'0000000000,Regular Zero Divisor
'0000010000,'1001100101,'0000000100,'0000000000,Regular Zero Divisor
'0000000100,'1001100101,'0000000100,'0000000000,Nilpotent
'1000000000,'1001100101,'0000000010,'0000000000,Regular Zero Divisor
'0010000000,'1001100101,'0000000010,'0000000000,Regular Zero Divisor
'0000010000,'1001100101,'0000000010,'0000000000,Regular Zero Divisor
'0000000100,'1001100101,'0000000010,'0000000000,Regular Zero Divisor
'0000000010,'1001100101,'0000000010,'0000000010,Idempotent
'1000000000,'1001100101,'0000000001,'0000000000,Regular Zero Divisor
'0010000000,'1001100101,'0000000001,'0000000000,Regular Zero Divisor
'0000010000,'1001100101,'0000000001,'0000000000,Regular Zero Divisor
'0000000100,'1001100101,'0000000001,'0000000000,Regular Zero Divisor
'0000000001,'1001100101,'0000000001,'0000000001,Idempotent
'1000000000,'0101100101,'1000000000,'0000000000,Nilpotent
'0100000000,'0101100101,'1000000000,'0000000000,Regular Zero Divisor
'0001000000,'0101100101,'1000000000,'0000000000,Regular Zero Divisor
'0000100000,'0101100101,'1000000000,'0000000000,Regular Zero Divisor
'0000010000,'0101100101,'1000000000,'0000000000,Regular Zero Divisor
'0000001000,'0101100101,'1000000000,'0000000000,Regular Zero Divisor
'0000000010,'0101100101,'1000000000,'0000000000,Regular Zero Divisor
'0000000001,'0101100101,'1000000000,'0000000000,Regular Zero Divisor
'1000000000,'0101100101,'0100000000,'0000000000,Regular Zero Divisor
'0100000000,'0101100101,'0100000000,'0000000000,Nilpotent
'0001000000,'0101100101,'0100000000,'0000000000,Regular Zero Divisor
'0000100000,'0101100101,'0100000000,'0000000000,Regular Zero Divisor
'0000010000,'0101100101,'0100000000,'0000000000,Regular Zero Divisor
'0000001000,'0101100101,'0100000000,'0000000000,Regular Zero Divisor
'0000000010,'0101100101,'0100000000,'0000000000,Regular Zero Divisor
'0000000001,'0101100101,'0100000000,'0000000000,Regular Zero Divisor
'1000000000,'0101100101,'0010000000,'0000000000,Regular Zero Divisor
'0100000000,'0101100101,'0010000000,'0000000000,Regular Zero Divisor
'0010000000,'0101100101,'0010000000,'0010000000,Idempotent
'0001000000,'0101100101,'0010000000,'0000000000,Regular Zero Divisor
'0000100000,'0101100101,'0010000000,'0000000000,Regular Zero Divisor
'0000010000,'0101100101,'0010000000,'0000000000,Regular Zero Divisor
'0000001000,'0101100101,'0010000000,'0000000000,Regular Zero Divisor
'0000000010,'0101100101,'0010000000,'0000000000,Regular Zero Divisor
'0000000001,'0101100101,'0010000000,'0000000000,Regular Zero Divisor
'1000000000,'0101100101,'0001000000,'0000000000,Regular Zero Divisor
'0100000000,'0101100101,'0001000000,'0000000000,Regular Zero Divisor
'0001000000,'0101100101,'0001000000,'0000000000,Nilpotent
'0000100000,'0101100101,'0001000000,'0000000000,Regular Zero Divisor
'0000010000,'0101100101,'0001000000,'0000000000,Regular Zero Divisor
'0000001000,'0101100101,'0001000000,'0000000000,Regular Zero Divisor
'0000000010,'0101100101,'0001000000,'0000000000,Regular Zero Divisor
'0000000001,'0101100101,'0001000000,'0000000000,Regular Zero Divisor
'1000000000,'0101100101,'0000100000,'0000000000,Regular Zero Divisor
'0100000000,'0101100101,'0000100000,'0000000000,Regular Zero Divisor
'0001000000,'0101100101,'0000100000,'0000000000,Regular Zero Divisor
'0000100000,'0101100101,'0000100000,'0000000000,Nilpotent
'0000010000,'0101100101,'0000100000,'0000000000,Regular Zero Divisor
'0000001000,'0101100101,'0000100000,'0000000000,Regular Zero Divisor
'0000000010,'0101100101,'0000100000,'0000000000,Regular Zero Divisor
'0000000001,'0101100101,'0000100000,'0000000000,Regular Zero Divisor
'0010000000,'0101100101,'0000010000,'0000000000,Regular Zero Divisor
'0000010000,'0101100101,'0000010000,'0000010000,Idempotent
'0000000100,'0101100101,'0000010000,'0000000000,Regular Zero Divisor
'0010000000,'0101100101,'0000001000,'0000000000,Regular Zero Divisor
'0000001000,'0101100101,'0000001000,'0000001000,Idempotent
'0000000100,'0101100101,'0000001000,'0000000000,Regular Zero Divisor
'0010000000,'0101100101,'0000000100,'0000000000,Regular Zero Divisor
'0000000100,'0101100101,'0000000100,'0000000000,Nilpotent
'0010000000,'0101100101,'0000000010,'0000000000,Regular Zero Divisor
'0000000100,'0101100101,'0000000010,'0000000000,Regular Zero Divisor
'0000000010,'0101100101,'0000000010,'0000000010,Idempotent
'0010000000,'0101100101,'0000000001,'0000000000,Regular Zero Divisor
'0000000100,'0101100101,'0000000001,'0000000000,Regular Zero Divisor
'0000000001,'0101100101,'0000000001,'0000000001,Idempotent
'1000000000,'1101100101,'1000000000,'1000000000,Idempotent
'0100000000,'1101100101,'1000000000,'0000000000,Regular Zero Divisor
'0001000000,'1101100101,'1000000000,'0000000000,Regular Zero Divisor
'0000100000,'1101100101,'1000000000,'0000000000,Regular Zero Divisor
'0000001000,'1101100101,'1000000000,'0000000000,Regular Zero Divisor
'0000000010,'1101100101,'1000000000,'0000000000,Regular Zero Divisor
'0000000001,'1101100101,'1000000000,'0000000000,Regular Zero Divisor
'0100000000,'1101100101,'0100000000,'0000000000,Nilpotent
'0001000000,'1101100101,'0100000000,'0000000000,Regular Zero Divisor
'0000100000,'1101100101,'0100000000,'0000000000,Regular Zero Divisor
'0000001000,'1101100101,'0100000000,'0000000000,Regular Zero Divisor
'0000000010,'1101100101,'0100000000,'0000000000,Regular Zero Divisor
'0000000001,'1101100101,'0100000000,'0000000000,Regular Zero Divisor
'0100000000,'1101100101,'0010000000,'0000000000,Regular Zero Divisor
'0010000000,'1101100101,'0010000000,'0010000000,Idempotent
'0001000000,'1101100101,'0010000000,'0000000000,Regular Zero Divisor
'0000100000,'1101100101,'0010000000,'0000000000,Regular Zero Divisor
'0000001000,'1101100101,'0010000000,'0000000000,Regular Zero Divisor
'0000000010,'1101100101,'0010000000,'0000000000,Regular Zero Divisor
'0000000001,'1101100101,'0010000000,'0000000000,Regular Zero Divisor
'0100000000,'1101100101,'0001000000,'0000000000,Regular Zero Divisor
'0001000000,'1101100101,'0001000000,'0000000000,Nilpotent
'0000100000,'1101100101,'0001000000,'0000000000,Regular Zero Divisor
'0000001000,'1101100101,'0001000000,'0000000000,Regular Zero Divisor
'0000000010,'1101100101,'0001000000,'0000000000,Regular Zero Divisor
'0000000001,'1101100101,'0001000000,'0000000000,Regular Zero Divisor
'0100000000,'1101100101,'0000100000,'0000000000,Regular Zero Divisor
'0001000000,'1101100101,'0000100000,'0000000000,Regular Zero Divisor
'0000100000,'1101100101,'0000100000,'0000000000,Nilpotent
'0000001000,'1101100101,'0000100000,'0000000000,Regular Zero Divisor
'0000000010,'1101100101,'0000100000,'0000000000,Regular Zero Divisor
'0000000001,'1101100101,'0000100000,'0000000000,Regular Zero Divisor
'0010000000,'1101100101,'0000010000,'0000000000,Regular Zero Divisor
'0000010000,'1101100101,'0000010000,'0000010000,Idempotent
'0000000100,'1101100101,'0000010000,'0000000000,Regular Zero Divisor
'0010000000,'1101100101,'0000001000,'0000000000,Regular Zero Divisor
'0000001000,'1101100101,'0000001000,'0000001000,Idempotent
'0000000100,'1101100101,'0000001000,'0000000000,Regular Zero Divisor
'0010000000,'1101100101,'0000000100,'0000000000,Regular Zero Divisor
'0000000100,'1101100101,'0000000100,'0000000000,Nilpotent
'0010000000,'1101100101,'0000000010,'0000000000,Regular Zero Divisor
'0000000100,'1101100101,'0000000010,'0000000000,Regular Zero Divisor
'0000000010,'1101100101,'0000000010,'0000000010,Idempotent
'0010000000,'1101100101,'0000000001,'0000000000,Regular Zero Divisor
'0000000100,'1101100101,'0000000001,'0000000000,Regular Zero Divisor
'0000000001,'1101100101,'0000000001,'0000000001,Idempotent
'1000000000,'1011100101,'1000000000,'1000000000,Idempotent
'0001000000,'1011100101,'1000000000,'0000000000,Regular Zero Divisor
'0000100000,'1011100101,'1000000000,'0000000000,Regular Zero Divisor
'0000000010,'1011100101,'1000000000,'0000000000,Regular Zero Divisor
'0000000001,'1011100101,'1000000000,'0000000000,Regular Zero Divisor
'0100000000,'1011100101,'0100000000,'0100000000,Idempotent
'0001000000,'1011100101,'0100000000,'0000000000,Regular Zero Divisor
'0000100000,'1011100101,'0100000000,'0000000000,Regular Zero Divisor
'0000000010,'1011100101,'0100000000,'0000000000,Regular Zero Divisor
'0000000001,'1011100101,'0100000000,'0000000000,Regular Zero Divisor
'0010000000,'1011100101,'0010000000,'0010000000,Idempotent
'0001000000,'1011100101,'0010000000,'0000000000,Regular Zero Divisor
'0000100000,'1011100101,'0010000000,'0000000000,Regular Zero Divisor
'0000000010,'1011100101,'0010000000,'0000000000,Regular Zero Divisor
'0000000001,'1011100101,'0010000000,'0000000000,Regular Zero Divisor
'0001000000,'1011100101,'0001000000,'0000000000,Nilpotent
'0000100000,'1011100101,'0001000000,'0000000000,Regular Zero Divisor
'0000000010,'1011100101,'0001000000,'0000000000,Regular Zero Divisor
'0000000001,'1011100101,'0001000000,'0000000000,Regular Zero Divisor
'0001000000,'1011100101,'0000100000,'0000000000,Regular Zero Divisor
'0000100000,'1011100101,'0000100000,'0000000000,Nilpotent
'0000000010,'1011100101,'0000100000,'0000000000,Regular Zero Divisor
'0000000001,'1011100101,'0000100000,'0000000000,Regular Zero Divisor
'1000000000,'1011100101,'0000010000,'0000000000,Regular Zero Divisor
'0010000000,'1011100101,'0000010000,'0000000000,Regular Zero Divisor
'0000010000,'1011100101,'0000010000,'0000000000,Nilpotent
'0000000100,'1011100101,'0000010000,'0000000000,Regular Zero Divisor
'1000000000,'1011100101,'0000001000,'0000000000,Regular Zero Divisor
'0010000000,'1011100101,'0000001000,'0000000000,Regular Zero Divisor
'0000010000,'1011100101,'0000001000,'0000000000,Regular Zero Divisor
'0000001000,'1011100101,'0000001000,'0000001000,Idempotent
'0000000100,'1011100101,'0000001000,'0000000000,Regular Zero Divisor
'1000000000,'1011100101,'0000000100,'0000000000,Regular Zero Divisor
'0010000000,'1011100101,'0000000100,'0000000000,Regular Zero Divisor
'0000010000,'1011100101,'0000000100,'0000000000,Regular Zero Divisor
'0000000100,'1011100101,'0000000100,'0000000000,Nilpotent
'1000000000,'1011100101,'0000000010,'0000000000,Regular Zero Divisor
'0010000000,'1011100101,'0000000010,'0000000000,Regular Zero Divisor
'0000010000,'1011100101,'0000000010,'0000000000,Regular Zero Divisor
'0000000100,'1011100101,'0000000010,'0000000000,Regular Zero Divisor
'0000000010,'1011100101,'0000000010,'0000000010,Idempotent
'1000000000,'1011100101,'0000000001,'0000000000,Regular Zero Divisor
'0010000000,'1011100101,'0000000001,'0000000000,Regular Zero Divisor
'0000010000,'1011100101,'0000000001,'0000000000,Regular Zero Divisor
'0000000100,'1011100101,'0000000001,'0000000000,Regular Zero Divisor
'0000000001,'1011100101,'0000000001,'0000000001,Idempotent
'1000000000,'0111100101,'1000000000,'0000000000,Nilpotent
'0001000000,'0111100101,'1000000000,'0000000000,Regular Zero Divisor
'0000100000,'0111100101,'1000000000,'0000000000,Regular Zero Divisor
'0000010000,'0111100101,'1000000000,'0000000000,Regular Zero Divisor
'0000000010,'0111100101,'1000000000,'0000000000,Regular Zero Divisor
'0000000001,'0111100101,'1000000000,'0000000000,Regular Zero Divisor
'1000000000,'0111100101,'0100000000,'0000000000,Regular Zero Divisor
'0100000000,'0111100101,'0100000000,'0100000000,Idempotent
'0001000000,'0111100101,'0100000000,'0000000000,Regular Zero Divisor
'0000100000,'0111100101,'0100000000,'0000000000,Regular Zero Divisor
'0000010000,'0111100101,'0100000000,'0000000000,Regular Zero Divisor
'0000000010,'0111100101,'0100000000,'0000000000,Regular Zero Divisor
'0000000001,'0111100101,'0100000000,'0000000000,Regular Zero Divisor
'1000000000,'0111100101,'0010000000,'0000000000,Regular Zero Divisor
'0010000000,'0111100101,'0010000000,'0010000000,Idempotent
'0001000000,'0111100101,'0010000000,'0000000000,Regular Zero Divisor
'0000100000,'0111100101,'0010000000,'0000000000,Regular Zero Divisor
'0000010000,'0111100101,'0010000000,'0000000000,Regular Zero Divisor
'0000000010,'0111100101,'0010000000,'0000000000,Regular Zero Divisor
'0000000001,'0111100101,'0010000000,'0000000000,Regular Zero Divisor
'1000000000,'0111100101,'0001000000,'0000000000,Regular Zero Divisor
'0001000000,'0111100101,'0001000000,'0000000000,Nilpotent
'0000100000,'0111100101,'0001000000,'0000000000,Regular Zero Divisor
'0000010000,'0111100101,'0001000000,'0000000000,Regular Zero Divisor
'0000000010,'0111100101,'0001000000,'0000000000,Regular Zero Divisor
'0000000001,'0111100101,'0001000000,'0000000000,Regular Zero Divisor
'1000000000,'0111100101,'0000100000,'0000000000,Regular Zero Divisor
'0001000000,'0111100101,'0000100000,'0000000000,Regular Zero Divisor
'0000100000,'0111100101,'0000100000,'0000000000,Nilpotent
'0000010000,'0111100101,'0000100000,'0000000000,Regular Zero Divisor
'0000000010,'0111100101,'0000100000,'0000000000,Regular Zero Divisor
'0000000001,'0111100101,'0000100000,'0000000000,Regular Zero Divisor
'0010000000,'0111100101,'0000010000,'0000000000,Regular Zero Divisor
'0000010000,'0111100101,'0000010000,'0000010000,Idempotent
'0000000100,'0111100101,'0000010000,'0000000000,Regular Zero Divisor
'0010000000,'0111100101,'0000001000,'0000000000,Regular Zero Divisor
'0000001000,'0111100101,'0000001000,'0000001000,Idempotent
'0000000100,'0111100101,'0000001000,'0000000000,Regular Zero Divisor
'0010000000,'0111100101,'0000000100,'0000000000,Regular Zero Divisor
'0000000100,'0111100101,'0000000100,'0000000000,Nilpotent
'0010000000,'0111100101,'0000000010,'0000000000,Regular Zero Divisor
'0000000100,'0111100101,'0000000010,'0000000000,Regular Zero Divisor
'0000000010,'0111100101,'0000000010,'0000000010,Idempotent
'0010000000,'0111100101,'0000000001,'0000000000,Regular Zero Divisor
'0000000100,'0111100101,'0000000001,'0000000000,Regular Zero Divisor
'0000000001,'0111100101,'0000000001,'0000000001,Idempotent
'1000000000,'1111100101,'1000000000,'1000000000,Idempotent
'0001000000,'1111100101,'1000000000,'0000000000,Regular Zero Divisor
'0000100000,'1111100101,'1000000000,'0000000000,Regular Zero Divisor
'0000000010,'1111100101,'1000000000,'0000000000,Regular Zero Divisor
'0000000001,'1111100101,'1000000000,'0000000000,Regular Zero Divisor
'0100000000,'1111100101,'0100000000,'0100000000,Idempotent
'0001000000,'1111100101,'0100000000,'0000000000,Regular Zero Divisor
'0000100000,'1111100101,'0100000000,'0000000000,Regular Zero Divisor
'0000000010,'1111100101,'0100000000,'0000000000,Regular Zero Divisor
'0000000001,'1111100101,'0100000000,'0000000000,Regular Zero Divisor
'0010000000,'1111100101,'0010000000,'0010000000,Idempotent
'0001000000,'1111100101,'0010000000,'0000000000,Regular Zero Divisor
'0000100000,'1111100101,'0010000000,'0000000000,Regular Zero Divisor
'0000000010,'1111100101,'0010000000,'0000000000,Regular Zero Divisor
'0000000001,'1111100101,'0010000000,'0000000000,Regular Zero Divisor
'0001000000,'1111100101,'0001000000,'0000000000,Nilpotent
'0000100000,'1111100101,'0001000000,'0000000000,Regular Zero Divisor
'0000000010,'1111100101,'0001000000,'0000000000,Regular Zero Divisor
'0000000001,'1111100101,'0001000000,'0000000000,Regular Zero Divisor
'0001000000,'1111100101,'0000100000,'0000000000,Regular Zero Divisor
'0000100000,'1111100101,'0000100000,'0000000000,Nilpotent
'0000000010,'1111100101,'0000100000,'0000000000,Regular Zero Divisor
'0000000001,'1111100101,'0000100000,'0000000000,Regular Zero Divisor
'0010000000,'1111100101,'0000010000,'0000000000,Regular Zero Divisor
'0000010000,'1111100101,'0000010000,'0000010000,Idempotent
'0000000100,'1111100101,'0000010000,'0000000000,Regular Zero Divisor
'0010000000,'1111100101,'0000001000,'0000000000,Regular Zero Divisor
'0000001000,'1111100101,'0000001000,'0000001000,Idempotent
'0000000100,'1111100101,'0000001000,'0000000000,Regular Zero Divisor
'0010000000,'1111100101,'0000000100,'0000000000,Regular Zero Divisor
'0000000100,'1111100101,'0000000100,'0000000000,Nilpotent
'0010000000,'1111100101,'0000000010,'0000000000,Regular Zero Divisor
'0000000100,'1111100101,'0000000010,'0000000000,Regular Zero Divisor
'0000000010,'1111100101,'0000000010,'0000000010,Idempotent
'0010000000,'1111100101,'0000000001,'0000000000,Regular Zero Divisor
'0000000100,'1111100101,'0000000001,'0000000000,Regular Zero Divisor
'0000000001,'1111100101,'0000000001,'0000000001,Idempotent
'1000000000,'1010010101,'1000000000,'1000000000,Idempotent
'0010000000,'1010010101,'1000000000,'0000000000,Regular Zero Divisor
'0001000000,'1010010101,'1000000000,'0000000000,Regular Zero Divisor
'0000100000,'1010010101,'1000000000,'0000000000,Regular Zero Divisor
'0000000100,'1010010101,'1000000000,'0000000000,Regular Zero Divisor
'0000000010,'1010010101,'1000000000,'0000000000,Regular Zero Divisor
'0000000001,'1010010101,'1000000000,'0000000000,Regular Zero Divisor
'0100000000,'1010010101,'0100000000,'0100000000,Idempotent
'0010000000,'1010010101,'0100000000,'0000000000,Regular Zero Divisor
'0001000000,'1010010101,'0100000000,'0000000000,Regular Zero Divisor
'0000100000,'1010010101,'0100000000,'0000000000,Regular Zero Divisor
'0000000100,'1010010101,'0100000000,'0000000000,Regular Zero Divisor
'0000000010,'1010010101,'0100000000,'0000000000,Regular Zero Divisor
'0000000001,'1010010101,'0100000000,'0000000000,Regular Zero Divisor
'0010000000,'1010010101,'0010000000,'0000000000,Nilpotent
'0001000000,'1010010101,'0010000000,'0000000000,Regular Zero Divisor
'0000100000,'1010010101,'0010000000,'0000000000,Regular Zero Divisor
'0000000100,'1010010101,'0010000000,'0000000000,Regular Zero Divisor
'0000000010,'1010010101,'0010000000,'0000000000,Regular Zero Divisor
'0000000001,'1010010101,'0010000000,'0000000000,Regular Zero Divisor
'0010000000,'1010010101,'0001000000,'0000000000,Regular Zero Divisor
'0001000000,'1010010101,'0001000000,'0000000000,Nilpotent
'0000100000,'1010010101,'0001000000,'0000000000,Regular Zero Divisor
'0000000100,'1010010101,'0001000000,'0000000000,Regular Zero Divisor
'0000000010,'1010010101,'0001000000,'0000000000,Regular Zero Divisor
'0000000001,'1010010101,'0001000000,'0000000000,Regular Zero Divisor
'0010000000,'1010010101,'0000100000,'0000000000,Regular Zero Divisor
'0001000000,'1010010101,'0000100000,'0000000000,Regular Zero Divisor
'0000100000,'1010010101,'0000100000,'0000000000,Nilpotent
'0000000100,'1010010101,'0000100000,'0000000000,Regular Zero Divisor
'0000000010,'1010010101,'0000100000,'0000000000,Regular Zero Divisor
'0000000001,'1010010101,'0000100000,'0000000000,Regular Zero Divisor
'1000000000,'1010010101,'0000010000,'0000000000,Regular Zero Divisor
'0100000000,'1010010101,'0000010000,'0000000000,Regular Zero Divisor
'0000010000,'1010010101,'0000010000,'0000000000,Nilpotent
'0000001000,'1010010101,'0000010000,'0000000000,Regular Zero Divisor
'1000000000,'1010010101,'0000001000,'0000000000,Regular Zero Divisor
'0100000000,'1010010101,'0000001000,'0000000000,Regular Zero Divisor
'0000010000,'1010010101,'0000001000,'0000000000,Regular Zero Divisor
'0000001000,'1010010101,'0000001000,'0000000000,Nilpotent
'1000000000,'1010010101,'0000000100,'0000000000,Regular Zero Divisor
'0100000000,'1010010101,'0000000100,'0000000000,Regular Zero Divisor
'0000010000,'1010010101,'0000000100,'0000000000,Regular Zero Divisor
'0000001000,'1010010101,'0000000100,'0000000000,Regular Zero Divisor
'0000000100,'1010010101,'0000000100,'0000000100,Idempotent
'1000000000,'1010010101,'0000000010,'0000000000,Regular Zero Divisor
'0100000000,'1010010101,'0000000010,'0000000000,Regular Zero Divisor
'0000010000,'1010010101,'0000000010,'0000000000,Regular Zero Divisor
'0000001000,'1010010101,'0000000010,'0000000000,Regular Zero Divisor
'0000000010,'1010010101,'0000000010,'0000000010,Idempotent
'1000000000,'1010010101,'0000000001,'0000000000,Regular Zero Divisor
'0100000000,'1010010101,'0000000001,'0000000000,Regular Zero Divisor
'0000010000,'1010010101,'0000000001,'0000000000,Regular Zero Divisor
'0000001000,'1010010101,'0000000001,'0000000000,Regular Zero Divisor
'0000000001,'1010010101,'0000000001,'0000000001,Idempotent
'1000000000,'0110010101,'1000000000,'0000000000,Nilpotent
'0010000000,'0110010101,'1000000000,'0000000000,Regular Zero Divisor
'0001000000,'0110010101,'1000000000,'0000000000,Regular Zero Divisor
'0000100000,'0110010101,'1000000000,'0000000000,Regular Zero Divisor
'0000010000,'0110010101,'1000000000,'0000000000,Regular Zero Divisor
'0000000100,'0110010101,'1000000000,'0000000000,Regular Zero Divisor
'0000000010,'0110010101,'1000000000,'0000000000,Regular Zero Divisor
'0000000001,'0110010101,'1000000000,'0000000000,Regular Zero Divisor
'1000000000,'0110010101,'0100000000,'0000000000,Regular Zero Divisor
'0100000000,'0110010101,'0100000000,'0100000000,Idempotent
'0010000000,'0110010101,'0100000000,'0000000000,Regular Zero Divisor
'0001000000,'0110010101,'0100000000,'0000000000,Regular Zero Divisor
'0000100000,'0110010101,'0100000000,'0000000000,Regular Zero Divisor
'0000010000,'0110010101,'0100000000,'0000000000,Regular Zero Divisor
'0000000100,'0110010101,'0100000000,'0000000000,Regular Zero Divisor
'0000000010,'0110010101,'0100000000,'0000000000,Regular Zero Divisor
'0000000001,'0110010101,'0100000000,'0000000000,Regular Zero Divisor
'1000000000,'0110010101,'0010000000,'0000000000,Regular Zero Divisor
'0010000000,'0110010101,'0010000000,'0000000000,Nilpotent
'0001000000,'0110010101,'0010000000,'0000000000,Regular Zero Divisor
'0000100000,'0110010101,'0010000000,'0000000000,Regular Zero Divisor
'0000010000,'0110010101,'0010000000,'0000000000,Regular Zero Divisor
'0000000100,'0110010101,'0010000000,'0000000000,Regular Zero Divisor
'0000000010,'0110010101,'0010000000,'0000000000,Regular Zero Divisor
'0000000001,'0110010101,'0010000000,'0000000000,Regular Zero Divisor
'1000000000,'0110010101,'0001000000,'0000000000,Regular Zero Divisor
'0010000000,'0110010101,'0001000000,'0000000000,Regular Zero Divisor
'0001000000,'0110010101,'0001000000,'0000000000,Nilpotent
'0000100000,'0110010101,'0001000000,'0000000000,Regular Zero Divisor
'0000010000,'0110010101,'0001000000,'0000000000,Regular Zero Divisor
'0000000100,'0110010101,'0001000000,'0000000000,Regular Zero Divisor
'0000000010,'0110010101,'0001000000,'0000000000,Regular Zero Divisor
'0000000001,'0110010101,'0001000000,'0000000000,Regular Zero Divisor
'1000000000,'0110010101,'0000100000,'0000000000,Regular Zero Divisor
'0010000000,'0110010101,'0000100000,'0000000000,Regular Zero Divisor
'0001000000,'0110010101,'0000100000,'0000000000,Regular Zero Divisor
'0000100000,'0110010101,'0000100000,'0000000000,Nilpotent
'0000010000,'0110010101,'0000100000,'0000000000,Regular Zero Divisor
'0000000100,'0110010101,'0000100000,'0000000000,Regular Zero Divisor
'0000000010,'0110010101,'0000100000,'0000000000,Regular Zero Divisor
'0000000001,'0110010101,'0000100000,'0000000000,Regular Zero Divisor
'0100000000,'0110010101,'0000010000,'0000000000,Regular Zero Divisor
'0000010000,'0110010101,'0000010000,'0000010000,Idempotent
'0000001000,'0110010101,'0000010000,'0000000000,Regular Zero Divisor
'0100000000,'0110010101,'0000001000,'0000000000,Regular Zero Divisor
'0000001000,'0110010101,'0000001000,'0000000000,Nilpotent
'0100000000,'0110010101,'0000000100,'0000000000,Regular Zero Divisor
'0000001000,'0110010101,'0000000100,'0000000000,Regular Zero Divisor
'0000000100,'0110010101,'0000000100,'0000000100,Idempotent
'0100000000,'0110010101,'0000000010,'0000000000,Regular Zero Divisor
'0000001000,'0110010101,'0000000010,'0000000000,Regular Zero Divisor
'0000000010,'0110010101,'0000000010,'0000000010,Idempotent
'0100000000,'0110010101,'0000000001,'0000000000,Regular Zero Divisor
'0000001000,'0110010101,'0000000001,'0000000000,Regular Zero Divisor
'0000000001,'0110010101,'0000000001,'0000000001,Idempotent
'1000000000,'1110010101,'1000000000,'1000000000,Idempotent
'0010000000,'1110010101,'1000000000,'0000000000,Regular Zero Divisor
'0001000000,'1110010101,'1000000000,'0000000000,Regular Zero Divisor
'0000100000,'1110010101,'1000000000,'0000000000,Regular Zero Divisor
'0000000100,'1110010101,'1000000000,'0000000000,Regular Zero Divisor
'0000000010,'1110010101,'1000000000,'0000000000,Regular Zero Divisor
'0000000001,'1110010101,'1000000000,'0000000000,Regular Zero Divisor
'0100000000,'1110010101,'0100000000,'0100000000,Idempotent
'0010000000,'1110010101,'0100000000,'0000000000,Regular Zero Divisor
'0001000000,'1110010101,'0100000000,'0000000000,Regular Zero Divisor
'0000100000,'1110010101,'0100000000,'0000000000,Regular Zero Divisor
'0000000100,'1110010101,'0100000000,'0000000000,Regular Zero Divisor
'0000000010,'1110010101,'0100000000,'0000000000,Regular Zero Divisor
'0000000001,'1110010101,'0100000000,'0000000000,Regular Zero Divisor
'0010000000,'1110010101,'0010000000,'0000000000,Nilpotent
'0001000000,'1110010101,'0010000000,'0000000000,Regular Zero Divisor
'0000100000,'1110010101,'0010000000,'0000000000,Regular Zero Divisor
'0000000100,'1110010101,'0010000000,'0000000000,Regular Zero Divisor
'0000000010,'1110010101,'0010000000,'0000000000,Regular Zero Divisor
'0000000001,'1110010101,'0010000000,'0000000000,Regular Zero Divisor
'0010000000,'1110010101,'0001000000,'0000000000,Regular Zero Divisor
'0001000000,'1110010101,'0001000000,'0000000000,Nilpotent
'0000100000,'1110010101,'0001000000,'0000000000,Regular Zero Divisor
'0000000100,'1110010101,'0001000000,'0000000000,Regular Zero Divisor
'0000000010,'1110010101,'0001000000,'0000000000,Regular Zero Divisor
'0000000001,'1110010101,'0001000000,'0000000000,Regular Zero Divisor
'0010000000,'1110010101,'0000100000,'0000000000,Regular Zero Divisor
'0001000000,'1110010101,'0000100000,'0000000000,Regular Zero Divisor
'0000100000,'1110010101,'0000100000,'0000000000,Nilpotent
'0000000100,'1110010101,'0000100000,'0000000000,Regular Zero Divisor
'0000000010,'1110010101,'0000100000,'0000000000,Regular Zero Divisor
'0000000001,'1110010101,'0000100000,'0000000000,Regular Zero Divisor
'0100000000,'1110010101,'0000010000,'0000000000,Regular Zero Divisor
'0000010000,'1110010101,'0000010000,'0000010000,Idempotent
'0000001000,'1110010101,'0000010000,'0000000000,Regular Zero Divisor
'0100000000,'1110010101,'0000001000,'0000000000,Regular Zero Divisor
'0000001000,'1110010101,'0000001000,'0000000000,Nilpotent
'0100000000,'1110010101,'0000000100,'0000000000,Regular Zero Divisor
'0000001000,'1110010101,'0000000100,'0000000000,Regular Zero Divisor
'0000000100,'1110010101,'0000000100,'0000000100,Idempotent
'0100000000,'1110010101,'0000000010,'0000000000,Regular Zero Divisor
'0000001000,'1110010101,'0000000010,'0000000000,Regular Zero Divisor
'0000000010,'1110010101,'0000000010,'0000000010,Idempotent
'0100000000,'1110010101,'0000000001,'0000000000,Regular Zero Divisor
'0000001000,'1110010101,'0000000001,'0000000000,Regular Zero Divisor
'0000000001,'1110010101,'0000000001,'0000000001,Idempotent
'1000000000,'1001010101,'1000000000,'1000000000,Idempotent
'0100000000,'1001010101,'1000000000,'0000000000,Regular Zero Divisor
'0010000000,'1001010101,'1000000000,'0000000000,Regular Zero Divisor
'0001000000,'1001010101,'1000000000,'0000000000,Regular Zero Divisor
'0000100000,'1001010101,'1000000000,'0000000000,Regular Zero Divisor
'0000001000,'1001010101,'1000000000,'0000000000,Regular Zero Divisor
'0000000100,'1001010101,'1000000000,'0000000000,Regular Zero Divisor
'0000000010,'1001010101,'1000000000,'0000000000,Regular Zero Divisor
'0000000001,'1001010101,'1000000000,'0000000000,Regular Zero Divisor
'0100000000,'1001010101,'0100000000,'0000000000,Nilpotent
'0010000000,'1001010101,'0100000000,'0000000000,Regular Zero Divisor
'0001000000,'1001010101,'0100000000,'0000000000,Regular Zero Divisor
'0000100000,'1001010101,'0100000000,'0000000000,Regular Zero Divisor
'0000001000,'1001010101,'0100000000,'0000000000,Regular Zero Divisor
'0000000100,'1001010101,'0100000000,'0000000000,Regular Zero Divisor
'0000000010,'1001010101,'0100000000,'0000000000,Regular Zero Divisor
'0000000001,'1001010101,'0100000000,'0000000000,Regular Zero Divisor
'0100000000,'1001010101,'0010000000,'0000000000,Regular Zero Divisor
'0010000000,'1001010101,'0010000000,'0000000000,Nilpotent
'0001000000,'1001010101,'0010000000,'0000000000,Regular Zero Divisor
'0000100000,'1001010101,'0010000000,'0000000000,Regular Zero Divisor
'0000001000,'1001010101,'0010000000,'0000000000,Regular Zero Divisor
'0000000100,'1001010101,'0010000000,'0000000000,Regular Zero Divisor
'0000000010,'1001010101,'0010000000,'0000000000,Regular Zero Divisor
'0000000001,'1001010101,'0010000000,'0000000000,Regular Zero Divisor
'0100000000,'1001010101,'0001000000,'0000000000,Regular Zero Divisor
'0010000000,'1001010101,'0001000000,'0000000000,Regular Zero Divisor
'0001000000,'1001010101,'0001000000,'0000000000,Nilpotent
'0000100000,'1001010101,'0001000000,'0000000000,Regular Zero Divisor
'0000001000,'1001010101,'0001000000,'0000000000,Regular Zero Divisor
'0000000100,'1001010101,'0001000000,'0000000000,Regular Zero Divisor
'0000000010,'1001010101,'0001000000,'0000000000,Regular Zero Divisor
'0000000001,'1001010101,'0001000000,'0000000000,Regular Zero Divisor
'0100000000,'1001010101,'0000100000,'0000000000,Regular Zero Divisor
'0010000000,'1001010101,'0000100000,'0000000000,Regular Zero Divisor
'0001000000,'1001010101,'0000100000,'0000000000,Regular Zero Divisor
'0000100000,'1001010101,'0000100000,'0000000000,Nilpotent
'0000001000,'1001010101,'0000100000,'0000000000,Regular Zero Divisor
'0000000100,'1001010101,'0000100000,'0000000000,Regular Zero Divisor
'0000000010,'1001010101,'0000100000,'0000000000,Regular Zero Divisor
'0000000001,'1001010101,'0000100000,'0000000000,Regular Zero Divisor
'1000000000,'1001010101,'0000010000,'0000000000,Regular Zero Divisor
'0000010000,'1001010101,'0000010000,'0000000000,Nilpotent
'1000000000,'1001010101,'0000001000,'0000000000,Regular Zero Divisor
'0000010000,'1001010101,'0000001000,'0000000000,Regular Zero Divisor
'0000001000,'1001010101,'0000001000,'0000001000,Idempotent
'1000000000,'1001010101,'0000000100,'0000000000,Regular Zero Divisor
'0000010000,'1001010101,'0000000100,'0000000000,Regular Zero Divisor
'0000000100,'1001010101,'0000000100,'0000000100,Idempotent
'1000000000,'1001010101,'0000000010,'0000000000,Regular Zero Divisor
'0000010000,'1001010101,'0000000010,'0000000000,Regular Zero Divisor
'0000000010,'1001010101,'0000000010,'0000000010,Idempotent
'1000000000,'1001010101,'0000000001,'0000000000,Regular Zero Divisor
'0000010000,'1001010101,'0000000001,'0000000000,Regular Zero Divisor
'0000000001,'1001010101,'0000000001,'0000000001,Idempotent
'1000000000,'1101010101,'1000000000,'1000000000,Idempotent
'0100000000,'1101010101,'1000000000,'0000000000,Regular Zero Divisor
'0010000000,'1101010101,'1000000000,'0000000000,Regular Zero Divisor
'0001000000,'1101010101,'1000000000,'0000000000,Regular Zero Divisor
'0000100000,'1101010101,'1000000000,'0000000000,Regular Zero Divisor
'0000001000,'1101010101,'1000000000,'0000000000,Regular Zero Divisor
'0000000100,'1101010101,'1000000000,'0000000000,Regular Zero Divisor
'0000000010,'1101010101,'1000000000,'0000000000,Regular Zero Divisor
'0000000001,'1101010101,'1000000000,'0000000000,Regular Zero Divisor
'0100000000,'1101010101,'0100000000,'0000000000,Nilpotent
'0010000000,'1101010101,'0100000000,'0000000000,Regular Zero Divisor
'0001000000,'1101010101,'0100000000,'0000000000,Regular Zero Divisor
'0000100000,'1101010101,'0100000000,'0000000000,Regular Zero Divisor
'0000001000,'1101010101,'0100000000,'0000000000,Regular Zero Divisor
'0000000100,'1101010101,'0100000000,'0000000000,Regular Zero Divisor
'0000000010,'1101010101,'0100000000,'0000000000,Regular Zero Divisor
'0000000001,'1101010101,'0100000000,'0000000000,Regular Zero Divisor
'0100000000,'1101010101,'0010000000,'0000000000,Regular Zero Divisor
'0010000000,'1101010101,'0010000000,'0000000000,Nilpotent
'0001000000,'1101010101,'0010000000,'0000000000,Regular Zero Divisor
'0000100000,'1101010101,'0010000000,'0000000000,Regular Zero Divisor
'0000001000,'1101010101,'0010000000,'0000000000,Regular Zero Divisor
'0000000100,'1101010101,'0010000000,'0000000000,Regular Zero Divisor
'0000000010,'1101010101,'0010000000,'0000000000,Regular Zero Divisor
'0000000001,'1101010101,'0010000000,'0000000000,Regular Zero Divisor
'0100000000,'1101010101,'0001000000,'0000000000,Regular Zero Divisor
'0010000000,'1101010101,'0001000000,'0000000000,Regular Zero Divisor
'0001000000,'1101010101,'0001000000,'0000000000,Nilpotent
'0000100000,'1101010101,'0001000000,'0000000000,Regular Zero Divisor
'0000001000,'1101010101,'0001000000,'0000000000,Regular Zero Divisor
'0000000100,'1101010101,'0001000000,'0000000000,Regular Zero Divisor
'0000000010,'1101010101,'0001000000,'0000000000,Regular Zero Divisor
'0000000001,'1101010101,'0001000000,'0000000000,Regular Zero Divisor
'0100000000,'1101010101,'0000100000,'0000000000,Regular Zero Divisor
'0010000000,'1101010101,'0000100000,'0000000000,Regular Zero Divisor
'0001000000,'1101010101,'0000100000,'0000000000,Regular Zero Divisor
'0000100000,'1101010101,'0000100000,'0000000000,Nilpotent
'0000001000,'1101010101,'0000100000,'0000000000,Regular Zero Divisor
'0000000100,'1101010101,'0000100000,'0000000000,Regular Zero Divisor
'0000000010,'1101010101,'0000100000,'0000000000,Regular Zero Divisor
'0000000001,'1101010101,'0000100000,'0000000000,Regular Zero Divisor
'0000010000,'1101010101,'0000010000,'0000010000,Idempotent
'0000001000,'1101010101,'0000001000,'0000001000,Idempotent
'0000000100,'1101010101,'0000000100,'0000000100,Idempotent
'0000000010,'1101010101,'0000000010,'0000000010,Idempotent
'0000000001,'1101010101,'0000000001,'0000000001,Idempotent
'1000000000,'1011010101,'1000000000,'1000000000,Idempotent
'0010000000,'1011010101,'1000000000,'0000000000,Regular Zero Divisor
'0001000000,'1011010101,'1000000000,'0000000000,Regular Zero Divisor
'0000100000,'1011010101,'1000000000,'0000000000,Regular Zero Divisor
'0000000100,'1011010101,'1000000000,'0000000000,Regular Zero Divisor
'0000000010,'1011010101,'1000000000,'0000000000,Regular Zero Divisor
'0000000001,'1011010101,'1000000000,'0000000000,Regular Zero Divisor
'0100000000,'1011010101,'0100000000,'0100000000,Idempotent
'0010000000,'1011010101,'0100000000,'0000000000,Regular Zero Divisor
'0001000000,'1011010101,'0100000000,'0000000000,Regular Zero Divisor
'0000100000,'1011010101,'0100000000,'0000000000,Regular Zero Divisor
'0000000100,'1011010101,'0100000000,'0000000000,Regular Zero Divisor
'0000000010,'1011010101,'0100000000,'0000000000,Regular Zero Divisor
'0000000001,'1011010101,'0100000000,'0000000000,Regular Zero Divisor
'0010000000,'1011010101,'0010000000,'0000000000,Nilpotent
'0001000000,'1011010101,'0010000000,'0000000000,Regular Zero Divisor
'0000100000,'1011010101,'0010000000,'0000000000,Regular Zero Divisor
'0000000100,'1011010101,'0010000000,'0000000000,Regular Zero Divisor
'0000000010,'1011010101,'0010000000,'0000000000,Regular Zero Divisor
'0000000001,'1011010101,'0010000000,'0000000000,Regular Zero Divisor
'0010000000,'1011010101,'0001000000,'0000000000,Regular Zero Divisor
'0001000000,'1011010101,'0001000000,'0000000000,Nilpotent
'0000100000,'1011010101,'0001000000,'0000000000,Regular Zero Divisor
'0000000100,'1011010101,'0001000000,'0000000000,Regular Zero Divisor
'0000000010,'1011010101,'0001000000,'0000000000,Regular Zero Divisor
'0000000001,'1011010101,'0001000000,'0000000000,Regular Zero Divisor
'0010000000,'1011010101,'0000100000,'0000000000,Regular Zero Divisor
'0001000000,'1011010101,'0000100000,'0000000000,Regular Zero Divisor
'0000100000,'1011010101,'0000100000,'0000000000,Nilpotent
'0000000100,'1011010101,'0000100000,'0000000000,Regular Zero Divisor
'0000000010,'1011010101,'0000100000,'0000000000,Regular Zero Divisor
'0000000001,'1011010101,'0000100000,'0000000000,Regular Zero Divisor
'1000000000,'1011010101,'0000010000,'0000000000,Regular Zero Divisor
'0000010000,'1011010101,'0000010000,'0000000000,Nilpotent
'1000000000,'1011010101,'0000001000,'0000000000,Regular Zero Divisor
'0000010000,'1011010101,'0000001000,'0000000000,Regular Zero Divisor
'0000001000,'1011010101,'0000001000,'0000001000,Idempotent
'1000000000,'1011010101,'0000000100,'0000000000,Regular Zero Divisor
'0000010000,'1011010101,'0000000100,'0000000000,Regular Zero Divisor
'0000000100,'1011010101,'0000000100,'0000000100,Idempotent
'1000000000,'1011010101,'0000000010,'0000000000,Regular Zero Divisor
'0000010000,'1011010101,'0000000010,'0000000000,Regular Zero Divisor
'0000000010,'1011010101,'0000000010,'0000000010,Idempotent
'1000000000,'1011010101,'0000000001,'0000000000,Regular Zero Divisor
'0000010000,'1011010101,'0000000001,'0000000000,Regular Zero Divisor
'0000000001,'1011010101,'0000000001,'0000000001,Idempotent
'1000000000,'0111010101,'1000000000,'0000000000,Nilpotent
'0010000000,'0111010101,'1000000000,'0000000000,Regular Zero Divisor
'0001000000,'0111010101,'1000000000,'0000000000,Regular Zero Divisor
'0000100000,'0111010101,'1000000000,'0000000000,Regular Zero Divisor
'0000010000,'0111010101,'1000000000,'0000000000,Regular Zero Divisor
'0000000100,'0111010101,'1000000000,'0000000000,Regular Zero Divisor
'0000000010,'0111010101,'1000000000,'0000000000,Regular Zero Divisor
'0000000001,'0111010101,'1000000000,'0000000000,Regular Zero Divisor
'1000000000,'0111010101,'0100000000,'0000000000,Regular Zero Divisor
'0100000000,'0111010101,'0100000000,'0100000000,Idempotent
'0010000000,'0111010101,'0100000000,'0000000000,Regular Zero Divisor
'0001000000,'0111010101,'0100000000,'0000000000,Regular Zero Divisor
'0000100000,'0111010101,'0100000000,'0000000000,Regular Zero Divisor
'0000010000,'0111010101,'0100000000,'0000000000,Regular Zero Divisor
'0000000100,'0111010101,'0100000000,'0000000000,Regular Zero Divisor
'0000000010,'0111010101,'0100000000,'0000000000,Regular Zero Divisor
'0000000001,'0111010101,'0100000000,'0000000000,Regular Zero Divisor
'1000000000,'0111010101,'0010000000,'0000000000,Regular Zero Divisor
'0010000000,'0111010101,'0010000000,'0000000000,Nilpotent
'0001000000,'0111010101,'0010000000,'0000000000,Regular Zero Divisor
'0000100000,'0111010101,'0010000000,'0000000000,Regular Zero Divisor
'0000010000,'0111010101,'0010000000,'0000000000,Regular Zero Divisor
'0000000100,'0111010101,'0010000000,'0000000000,Regular Zero Divisor
'0000000010,'0111010101,'0010000000,'0000000000,Regular Zero Divisor
'0000000001,'0111010101,'0010000000,'0000000000,Regular Zero Divisor
'1000000000,'0111010101,'0001000000,'0000000000,Regular Zero Divisor
'0010000000,'0111010101,'0001000000,'0000000000,Regular Zero Divisor
'0001000000,'0111010101,'0001000000,'0000000000,Nilpotent
'0000100000,'0111010101,'0001000000,'0000000000,Regular Zero Divisor
'0000010000,'0111010101,'0001000000,'0000000000,Regular Zero Divisor
'0000000100,'0111010101,'0001000000,'0000000000,Regular Zero Divisor
'0000000010,'0111010101,'0001000000,'0000000000,Regular Zero Divisor
'0000000001,'0111010101,'0001000000,'0000000000,Regular Zero Divisor
'1000000000,'0111010101,'0000100000,'0000000000,Regular Zero Divisor
'0010000000,'0111010101,'0000100000,'0000000000,Regular Zero Divisor
'0001000000,'0111010101,'0000100000,'0000000000,Regular Zero Divisor
'0000100000,'0111010101,'0000100000,'0000000000,Nilpotent
'0000010000,'0111010101,'0000100000,'0000000000,Regular Zero Divisor
'0000000100,'0111010101,'0000100000,'0000000000,Regular Zero Divisor
'0000000010,'0111010101,'0000100000,'0000000000,Regular Zero Divisor
'0000000001,'0111010101,'0000100000,'0000000000,Regular Zero Divisor
'0000010000,'0111010101,'0000010000,'0000010000,Idempotent
'0000001000,'0111010101,'0000001000,'0000001000,Idempotent
'0000000100,'0111010101,'0000000100,'0000000100,Idempotent
'0000000010,'0111010101,'0000000010,'0000000010,Idempotent
'0000000001,'0111010101,'0000000001,'0000000001,Idempotent
'1000000000,'1111010101,'1000000000,'1000000000,Idempotent
'0010000000,'1111010101,'1000000000,'0000000000,Regular Zero Divisor
'0001000000,'1111010101,'1000000000,'0000000000,Regular Zero Divisor
'0000100000,'1111010101,'1000000000,'0000000000,Regular Zero Divisor
'0000000100,'1111010101,'1000000000,'0000000000,Regular Zero Divisor
'0000000010,'1111010101,'1000000000,'0000000000,Regular Zero Divisor
'0000000001,'1111010101,'1000000000,'0000000000,Regular Zero Divisor
'0100000000,'1111010101,'0100000000,'0100000000,Idempotent
'0010000000,'1111010101,'0100000000,'0000000000,Regular Zero Divisor
'0001000000,'1111010101,'0100000000,'0000000000,Regular Zero Divisor
'0000100000,'1111010101,'0100000000,'0000000000,Regular Zero Divisor
'0000000100,'1111010101,'0100000000,'0000000000,Regular Zero Divisor
'0000000010,'1111010101,'0100000000,'0000000000,Regular Zero Divisor
'0000000001,'1111010101,'0100000000,'0000000000,Regular Zero Divisor
'0010000000,'1111010101,'0010000000,'0000000000,Nilpotent
'0001000000,'1111010101,'0010000000,'0000000000,Regular Zero Divisor
'0000100000,'1111010101,'0010000000,'0000000000,Regular Zero Divisor
'0000000100,'1111010101,'0010000000,'0000000000,Regular Zero Divisor
'0000000010,'1111010101,'0010000000,'0000000000,Regular Zero Divisor
'0000000001,'1111010101,'0010000000,'0000000000,Regular Zero Divisor
'0010000000,'1111010101,'0001000000,'0000000000,Regular Zero Divisor
'0001000000,'1111010101,'0001000000,'0000000000,Nilpotent
'0000100000,'1111010101,'0001000000,'0000000000,Regular Zero Divisor
'0000000100,'1111010101,'0001000000,'0000000000,Regular Zero Divisor
'0000000010,'1111010101,'0001000000,'0000000000,Regular Zero Divisor
'0000000001,'1111010101,'0001000000,'0000000000,Regular Zero Divisor
'0010000000,'1111010101,'0000100000,'0000000000,Regular Zero Divisor
'0001000000,'1111010101,'0000100000,'0000000000,Regular Zero Divisor
'0000100000,'1111010101,'0000100000,'0000000000,Nilpotent
'0000000100,'1111010101,'0000100000,'0000000000,Regular Zero Divisor
'0000000010,'1111010101,'0000100000,'0000000000,Regular Zero Divisor
'0000000001,'1111010101,'0000100000,'0000000000,Regular Zero Divisor
'0000010000,'1111010101,'0000010000,'0000010000,Idempotent
'0000001000,'1111010101,'0000001000,'0000001000,Idempotent
'0000000100,'1111010101,'0000000100,'0000000100,Idempotent
'0000000010,'1111010101,'0000000010,'0000000010,Idempotent
'0000000001,'1111010101,'0000000001,'0000000001,Idempotent
'1000000000,'1010110101,'1000000000,'1000000000,Idempotent
'0001000000,'1010110101,'1000000000,'0000000000,Regular Zero Divisor
'0000100000,'1010110101,'1000000000,'0000000000,Regular Zero Divisor
'0000000010,'1010110101,'1000000000,'0000000000,Regular Zero Divisor
'0000000001,'1010110101,'1000000000,'0000000000,Regular Zero Divisor
'0100000000,'1010110101,'0100000000,'0100000000,Idempotent
'0001000000,'1010110101,'0100000000,'0000000000,Regular Zero Divisor
'0000100000,'1010110101,'0100000000,'0000000000,Regular Zero Divisor
'0000000010,'1010110101,'0100000000,'0000000000,Regular Zero Divisor
'0000000001,'1010110101,'0100000000,'0000000000,Regular Zero Divisor
'0010000000,'1010110101,'0010000000,'0010000000,Idempotent
'0001000000,'1010110101,'0010000000,'0000000000,Regular Zero Divisor
'0000100000,'1010110101,'0010000000,'0000000000,Regular Zero Divisor
'0000000010,'1010110101,'0010000000,'0000000000,Regular Zero Divisor
'0000000001,'1010110101,'0010000000,'0000000000,Regular Zero Divisor
'0001000000,'1010110101,'0001000000,'0000000000,Nilpotent
'0000100000,'1010110101,'0001000000,'0000000000,Regular Zero Divisor
'0000000010,'1010110101,'0001000000,'0000000000,Regular Zero Divisor
'0000000001,'1010110101,'0001000000,'0000000000,Regular Zero Divisor
'0001000000,'1010110101,'0000100000,'0000000000,Regular Zero Divisor
'0000100000,'1010110101,'0000100000,'0000000000,Nilpotent
'0000000010,'1010110101,'0000100000,'0000000000,Regular Zero Divisor
'0000000001,'1010110101,'0000100000,'0000000000,Regular Zero Divisor
'1000000000,'1010110101,'0000010000,'0000000000,Regular Zero Divisor
'0100000000,'1010110101,'0000010000,'0000000000,Regular Zero Divisor
'0000010000,'1010110101,'0000010000,'0000000000,Nilpotent
'0000001000,'1010110101,'0000010000,'0000000000,Regular Zero Divisor
'1000000000,'1010110101,'0000001000,'0000000000,Regular Zero Divisor
'0100000000,'1010110101,'0000001000,'0000000000,Regular Zero Divisor
'0000010000,'1010110101,'0000001000,'0000000000,Regular Zero Divisor
'0000001000,'1010110101,'0000001000,'0000000000,Nilpotent
'1000000000,'1010110101,'0000000100,'0000000000,Regular Zero Divisor
'0100000000,'1010110101,'0000000100,'0000000000,Regular Zero Divisor
'0000010000,'1010110101,'0000000100,'0000000000,Regular Zero Divisor
'0000001000,'1010110101,'0000000100,'0000000000,Regular Zero Divisor
'0000000100,'1010110101,'0000000100,'0000000100,Idempotent
'1000000000,'1010110101,'0000000010,'0000000000,Regular Zero Divisor
'0100000000,'1010110101,'0000000010,'0000000000,Regular Zero Divisor
'0000010000,'1010110101,'0000000010,'0000000000,Regular Zero Divisor
'0000001000,'1010110101,'0000000010,'0000000000,Regular Zero Divisor
'0000000010,'1010110101,'0000000010,'0000000010,Idempotent
'1000000000,'1010110101,'0000000001,'0000000000,Regular Zero Divisor
'0100000000,'1010110101,'0000000001,'0000000000,Regular Zero Divisor
'0000010000,'1010110101,'0000000001,'0000000000,Regular Zero Divisor
'0000001000,'1010110101,'0000000001,'0000000000,Regular Zero Divisor
'0000000001,'1010110101,'0000000001,'0000000001,Idempotent
'1000000000,'0110110101,'1000000000,'0000000000,Nilpotent
'0001000000,'0110110101,'1000000000,'0000000000,Regular Zero Divisor
'0000100000,'0110110101,'1000000000,'0000000000,Regular Zero Divisor
'0000010000,'0110110101,'1000000000,'0000000000,Regular Zero Divisor
'0000000010,'0110110101,'1000000000,'0000000000,Regular Zero Divisor
'0000000001,'0110110101,'1000000000,'0000000000,Regular Zero Divisor
'1000000000,'0110110101,'0100000000,'0000000000,Regular Zero Divisor
'0100000000,'0110110101,'0100000000,'0100000000,Idempotent
'0001000000,'0110110101,'0100000000,'0000000000,Regular Zero Divisor
'0000100000,'0110110101,'0100000000,'0000000000,Regular Zero Divisor
'0000010000,'0110110101,'0100000000,'0000000000,Regular Zero Divisor
'0000000010,'0110110101,'0100000000,'0000000000,Regular Zero Divisor
'0000000001,'0110110101,'0100000000,'0000000000,Regular Zero Divisor
'1000000000,'0110110101,'0010000000,'0000000000,Regular Zero Divisor
'0010000000,'0110110101,'0010000000,'0010000000,Idempotent
'0001000000,'0110110101,'0010000000,'0000000000,Regular Zero Divisor
'0000100000,'0110110101,'0010000000,'0000000000,Regular Zero Divisor
'0000010000,'0110110101,'0010000000,'0000000000,Regular Zero Divisor
'0000000010,'0110110101,'0010000000,'0000000000,Regular Zero Divisor
'0000000001,'0110110101,'0010000000,'0000000000,Regular Zero Divisor
'1000000000,'0110110101,'0001000000,'0000000000,Regular Zero Divisor
'0001000000,'0110110101,'0001000000,'0000000000,Nilpotent
'0000100000,'0110110101,'0001000000,'0000000000,Regular Zero Divisor
'0000010000,'0110110101,'0001000000,'0000000000,Regular Zero Divisor
'0000000010,'0110110101,'0001000000,'0000000000,Regular Zero Divisor
'0000000001,'0110110101,'0001000000,'0000000000,Regular Zero Divisor
'1000000000,'0110110101,'0000100000,'0000000000,Regular Zero Divisor
'0001000000,'0110110101,'0000100000,'0000000000,Regular Zero Divisor
'0000100000,'0110110101,'0000100000,'0000000000,Nilpotent
'0000010000,'0110110101,'0000100000,'0000000000,Regular Zero Divisor
'0000000010,'0110110101,'0000100000,'0000000000,Regular Zero Divisor
'0000000001,'0110110101,'0000100000,'0000000000,Regular Zero Divisor
'0100000000,'0110110101,'0000010000,'0000000000,Regular Zero Divisor
'0000010000,'0110110101,'0000010000,'0000010000,Idempotent
'0000001000,'0110110101,'0000010000,'0000000000,Regular Zero Divisor
'0100000000,'0110110101,'0000001000,'0000000000,Regular Zero Divisor
'0000001000,'0110110101,'0000001000,'0000000000,Nilpotent
'0100000000,'0110110101,'0000000100,'0000000000,Regular Zero Divisor
'0000001000,'0110110101,'0000000100,'0000000000,Regular Zero Divisor
'0000000100,'0110110101,'0000000100,'0000000100,Idempotent
'0100000000,'0110110101,'0000000010,'0000000000,Regular Zero Divisor
'0000001000,'0110110101,'0000000010,'0000000000,Regular Zero Divisor
'0000000010,'0110110101,'0000000010,'0000000010,Idempotent
'0100000000,'0110110101,'0000000001,'0000000000,Regular Zero Divisor
'0000001000,'0110110101,'0000000001,'0000000000,Regular Zero Divisor
'0000000001,'0110110101,'0000000001,'0000000001,Idempotent
'1000000000,'1110110101,'1000000000,'1000000000,Idempotent
'0001000000,'1110110101,'1000000000,'0000000000,Regular Zero Divisor
'0000100000,'1110110101,'1000000000,'0000000000,Regular Zero Divisor
'0000000010,'1110110101,'1000000000,'0000000000,Regular Zero Divisor
'0000000001,'1110110101,'1000000000,'0000000000,Regular Zero Divisor
'0100000000,'1110110101,'0100000000,'0100000000,Idempotent
'0001000000,'1110110101,'0100000000,'0000000000,Regular Zero Divisor
'0000100000,'1110110101,'0100000000,'0000000000,Regular Zero Divisor
'0000000010,'1110110101,'0100000000,'0000000000,Regular Zero Divisor
'0000000001,'1110110101,'0100000000,'0000000000,Regular Zero Divisor
'0010000000,'1110110101,'0010000000,'0010000000,Idempotent
'0001000000,'1110110101,'0010000000,'0000000000,Regular Zero Divisor
'0000100000,'1110110101,'0010000000,'0000000000,Regular Zero Divisor
'0000000010,'1110110101,'0010000000,'0000000000,Regular Zero Divisor
'0000000001,'1110110101,'0010000000,'0000000000,Regular Zero Divisor
'0001000000,'1110110101,'0001000000,'0000000000,Nilpotent
'0000100000,'1110110101,'0001000000,'0000000000,Regular Zero Divisor
'0000000010,'1110110101,'0001000000,'0000000000,Regular Zero Divisor
'0000000001,'1110110101,'0001000000,'0000000000,Regular Zero Divisor
'0001000000,'1110110101,'0000100000,'0000000000,Regular Zero Divisor
'0000100000,'1110110101,'0000100000,'0000000000,Nilpotent
'0000000010,'1110110101,'0000100000,'0000000000,Regular Zero Divisor
'0000000001,'1110110101,'0000100000,'0000000000,Regular Zero Divisor
'0100000000,'1110110101,'0000010000,'0000000000,Regular Zero Divisor
'0000010000,'1110110101,'0000010000,'0000010000,Idempotent
'0000001000,'1110110101,'0000010000,'0000000000,Regular Zero Divisor
'0100000000,'1110110101,'0000001000,'0000000000,Regular Zero Divisor
'0000001000,'1110110101,'0000001000,'0000000000,Nilpotent
'0100000000,'1110110101,'0000000100,'0000000000,Regular Zero Divisor
'0000001000,'1110110101,'0000000100,'0000000000,Regular Zero Divisor
'0000000100,'1110110101,'0000000100,'0000000100,Idempotent
'0100000000,'1110110101,'0000000010,'0000000000,Regular Zero Divisor
'0000001000,'1110110101,'0000000010,'0000000000,Regular Zero Divisor
'0000000010,'1110110101,'0000000010,'0000000010,Idempotent
'0100000000,'1110110101,'0000000001,'0000000000,Regular Zero Divisor
'0000001000,'1110110101,'0000000001,'0000000000,Regular Zero Divisor
'0000000001,'1110110101,'0000000001,'0000000001,Idempotent
'1000000000,'1001110101,'1000000000,'1000000000,Idempotent
'0100000000,'1001110101,'1000000000,'0000000000,Regular Zero Divisor
'0001000000,'1001110101,'1000000000,'0000000000,Regular Zero Divisor
'0000100000,'1001110101,'1000000000,'0000000000,Regular Zero Divisor
'0000001000,'1001110101,'1000000000,'0000000000,Regular Zero Divisor
'0000000010,'1001110101,'1000000000,'0000000000,Regular Zero Divisor
'0000000001,'1001110101,'1000000000,'0000000000,Regular Zero Divisor
'0100000000,'1001110101,'0100000000,'0000000000,Nilpotent
'0001000000,'1001110101,'0100000000,'0000000000,Regular Zero Divisor
'0000100000,'1001110101,'0100000000,'0000000000,Regular Zero Divisor
'0000001000,'1001110101,'0100000000,'0000000000,Regular Zero Divisor
'0000000010,'1001110101,'0100000000,'0000000000,Regular Zero Divisor
'0000000001,'1001110101,'0100000000,'0000000000,Regular Zero Divisor
'0100000000,'1001110101,'0010000000,'0000000000,Regular Zero Divisor
'0010000000,'1001110101,'0010000000,'0010000000,Idempotent
'0001000000,'1001110101,'0010000000,'0000000000,Regular Zero Divisor
'0000100000,'1001110101,'0010000000,'0000000000,Regular Zero Divisor
'0000001000,'1001110101,'0010000000,'0000000000,Regular Zero Divisor
'0000000010,'1001110101,'0010000000,'0000000000,Regular Zero Divisor
'0000000001,'1001110101,'0010000000,'0000000000,Regular Zero Divisor
'0100000000,'1001110101,'0001000000,'0000000000,Regular Zero Divisor
'0001000000,'1001110101,'0001000000,'0000000000,Nilpotent
'0000100000,'1001110101,'0001000000,'0000000000,Regular Zero Divisor
'0000001000,'1001110101,'0001000000,'0000000000,Regular Zero Divisor
'0000000010,'1001110101,'0001000000,'0000000000,Regular Zero Divisor
'0000000001,'1001110101,'0001000000,'0000000000,Regular Zero Divisor
'0100000000,'1001110101,'0000100000,'0000000000,Regular Zero Divisor
'0001000000,'1001110101,'0000100000,'0000000000,Regular Zero Divisor
'0000100000,'1001110101,'0000100000,'0000000000,Nilpotent
'0000001000,'1001110101,'0000100000,'0000000000,Regular Zero Divisor
'0000000010,'1001110101,'0000100000,'0000000000,Regular Zero Divisor
'0000000001,'1001110101,'0000100000,'0000000000,Regular Zero Divisor
'1000000000,'1001110101,'0000010000,'0000000000,Regular Zero Divisor
'0000010000,'1001110101,'0000010000,'0000000000,Nilpotent
'1000000000,'1001110101,'0000001000,'0000000000,Regular Zero Divisor
'0000010000,'1001110101,'0000001000,'0000000000,Regular Zero Divisor
'0000001000,'1001110101,'0000001000,'0000001000,Idempotent
'1000000000,'1001110101,'0000000100,'0000000000,Regular Zero Divisor
'0000010000,'1001110101,'0000000100,'0000000000,Regular Zero Divisor
'0000000100,'1001110101,'0000000100,'0000000100,Idempotent
'1000000000,'1001110101,'0000000010,'0000000000,Regular Zero Divisor
'0000010000,'1001110101,'0000000010,'0000000000,Regular Zero Divisor
'0000000010,'1001110101,'0000000010,'0000000010,Idempotent
'1000000000,'1001110101,'0000000001,'0000000000,Regular Zero Divisor
'0000010000,'1001110101,'0000000001,'0000000000,Regular Zero Divisor
'0000000001,'1001110101,'0000000001,'0000000001,Idempotent
'1000000000,'0101110101,'1000000000,'0000000000,Nilpotent
'0100000000,'0101110101,'1000000000,'0000000000,Regular Zero Divisor
'0001000000,'0101110101,'1000000000,'0000000000,Regular Zero Divisor
'0000100000,'0101110101,'1000000000,'0000000000,Regular Zero Divisor
'0000010000,'0101110101,'1000000000,'0000000000,Regular Zero Divisor
'0000001000,'0101110101,'1000000000,'0000000000,Regular Zero Divisor
'0000000010,'0101110101,'1000000000,'0000000000,Regular Zero Divisor
'0000000001,'0101110101,'1000000000,'0000000000,Regular Zero Divisor
'1000000000,'0101110101,'0100000000,'0000000000,Regular Zero Divisor
'0100000000,'0101110101,'0100000000,'0000000000,Nilpotent
'0001000000,'0101110101,'0100000000,'0000000000,Regular Zero Divisor
'0000100000,'0101110101,'0100000000,'0000000000,Regular Zero Divisor
'0000010000,'0101110101,'0100000000,'0000000000,Regular Zero Divisor
'0000001000,'0101110101,'0100000000,'0000000000,Regular Zero Divisor
'0000000010,'0101110101,'0100000000,'0000000000,Regular Zero Divisor
'0000000001,'0101110101,'0100000000,'0000000000,Regular Zero Divisor
'1000000000,'0101110101,'0010000000,'0000000000,Regular Zero Divisor
'0100000000,'0101110101,'0010000000,'0000000000,Regular Zero Divisor
'0010000000,'0101110101,'0010000000,'0010000000,Idempotent
'0001000000,'0101110101,'0010000000,'0000000000,Regular Zero Divisor
'0000100000,'0101110101,'0010000000,'0000000000,Regular Zero Divisor
'0000010000,'0101110101,'0010000000,'0000000000,Regular Zero Divisor
'0000001000,'0101110101,'0010000000,'0000000000,Regular Zero Divisor
'0000000010,'0101110101,'0010000000,'0000000000,Regular Zero Divisor
'0000000001,'0101110101,'0010000000,'0000000000,Regular Zero Divisor
'1000000000,'0101110101,'0001000000,'0000000000,Regular Zero Divisor
'0100000000,'0101110101,'0001000000,'0000000000,Regular Zero Divisor
'0001000000,'0101110101,'0001000000,'0000000000,Nilpotent
'0000100000,'0101110101,'0001000000,'0000000000,Regular Zero Divisor
'0000010000,'0101110101,'0001000000,'0000000000,Regular Zero Divisor
'0000001000,'0101110101,'0001000000,'0000000000,Regular Zero Divisor
'0000000010,'0101110101,'0001000000,'0000000000,Regular Zero Divisor
'0000000001,'0101110101,'0001000000,'0000000000,Regular Zero Divisor
'1000000000,'0101110101,'0000100000,'0000000000,Regular Zero Divisor
'0100000000,'0101110101,'0000100000,'0000000000,Regular Zero Divisor
'0001000000,'0101110101,'0000100000,'0000000000,Regular Zero Divisor
'0000100000,'0101110101,'0000100000,'0000000000,Nilpotent
'0000010000,'0101110101,'0000100000,'0000000000,Regular Zero Divisor
'0000001000,'0101110101,'0000100000,'0000000000,Regular Zero Divisor
'0000000010,'0101110101,'0000100000,'0000000000,Regular Zero Divisor
'0000000001,'0101110101,'0000100000,'0000000000,Regular Zero Divisor
'0000010000,'0101110101,'0000010000,'0000010000,Idempotent
'0000001000,'0101110101,'0000001000,'0000001000,Idempotent
'0000000100,'0101110101,'0000000100,'0000000100,Idempotent
'0000000010,'0101110101,'0000000010,'0000000010,Idempotent
'0000000001,'0101110101,'0000000001,'0000000001,Idempotent
'1000000000,'1101110101,'1000000000,'1000000000,Idempotent
'0100000000,'1101110101,'1000000000,'0000000000,Regular Zero Divisor
'0001000000,'1101110101,'1000000000,'0000000000,Regular Zero Divisor
'0000100000,'1101110101,'1000000000,'0000000000,Regular Zero Divisor
'0000001000,'1101110101,'1000000000,'0000000000,Regular Zero Divisor
'0000000010,'1101110101,'1000000000,'0000000000,Regular Zero Divisor
'0000000001,'1101110101,'1000000000,'0000000000,Regular Zero Divisor
'0100000000,'1101110101,'0100000000,'0000000000,Nilpotent
'0001000000,'1101110101,'0100000000,'0000000000,Regular Zero Divisor
'0000100000,'1101110101,'0100000000,'0000000000,Regular Zero Divisor
'0000001000,'1101110101,'0100000000,'0000000000,Regular Zero Divisor
'0000000010,'1101110101,'0100000000,'0000000000,Regular Zero Divisor
'0000000001,'1101110101,'0100000000,'0000000000,Regular Zero Divisor
'0100000000,'1101110101,'0010000000,'0000000000,Regular Zero Divisor
'0010000000,'1101110101,'0010000000,'0010000000,Idempotent
'0001000000,'1101110101,'0010000000,'0000000000,Regular Zero Divisor
'0000100000,'1101110101,'0010000000,'0000000000,Regular Zero Divisor
'0000001000,'1101110101,'0010000000,'0000000000,Regular Zero Divisor
'0000000010,'1101110101,'0010000000,'0000000000,Regular Zero Divisor
'0000000001,'1101110101,'0010000000,'0000000000,Regular Zero Divisor
'0100000000,'1101110101,'0001000000,'0000000000,Regular Zero Divisor
'0001000000,'1101110101,'0001000000,'0000000000,Nilpotent
'0000100000,'1101110101,'0001000000,'0000000000,Regular Zero Divisor
'0000001000,'1101110101,'0001000000,'0000000000,Regular Zero Divisor
'0000000010,'1101110101,'0001000000,'0000000000,Regular Zero Divisor
'0000000001,'1101110101,'0001000000,'0000000000,Regular Zero Divisor
'0100000000,'1101110101,'0000100000,'0000000000,Regular Zero Divisor
'0001000000,'1101110101,'0000100000,'0000000000,Regular Zero Divisor
'0000100000,'1101110101,'0000100000,'0000000000,Nilpotent
'0000001000,'1101110101,'0000100000,'0000000000,Regular Zero Divisor
'0000000010,'1101110101,'0000100000,'0000000000,Regular Zero Divisor
'0000000001,'1101110101,'0000100000,'0000000000,Regular Zero Divisor
'0000010000,'1101110101,'0000010000,'0000010000,Idempotent
'0000001000,'1101110101,'0000001000,'0000001000,Idempotent
'0000000100,'1101110101,'0000000100,'0000000100,Idempotent
'0000000010,'1101110101,'0000000010,'0000000010,Idempotent
'0000000001,'1101110101,'0000000001,'0000000001,Idempotent
'1000000000,'1011110101,'1000000000,'1000000000,Idempotent
'0001000000,'1011110101,'1000000000,'0000000000,Regular Zero Divisor
'0000100000,'1011110101,'1000000000,'0000000000,Regular Zero Divisor
'0000000010,'1011110101,'1000000000,'0000000000,Regular Zero Divisor
'0000000001,'1011110101,'1000000000,'0000000000,Regular Zero Divisor
'0100000000,'1011110101,'0100000000,'0100000000,Idempotent
'0001000000,'1011110101,'0100000000,'0000000000,Regular Zero Divisor
'0000100000,'1011110101,'0100000000,'0000000000,Regular Zero Divisor
'0000000010,'1011110101,'0100000000,'0000000000,Regular Zero Divisor
'0000000001,'1011110101,'0100000000,'0000000000,Regular Zero Divisor
'0010000000,'1011110101,'0010000000,'0010000000,Idempotent
'0001000000,'1011110101,'0010000000,'0000000000,Regular Zero Divisor
'0000100000,'1011110101,'0010000000,'0000000000,Regular Zero Divisor
'0000000010,'1011110101,'0010000000,'0000000000,Regular Zero Divisor
'0000000001,'1011110101,'0010000000,'0000000000,Regular Zero Divisor
'0001000000,'1011110101,'0001000000,'0000000000,Nilpotent
'0000100000,'1011110101,'0001000000,'0000000000,Regular Zero Divisor
'0000000010,'1011110101,'0001000000,'0000000000,Regular Zero Divisor
'0000000001,'1011110101,'0001000000,'0000000000,Regular Zero Divisor
'0001000000,'1011110101,'0000100000,'0000000000,Regular Zero Divisor
'0000100000,'1011110101,'0000100000,'0000000000,Nilpotent
'0000000010,'1011110101,'0000100000,'0000000000,Regular Zero Divisor
'0000000001,'1011110101,'0000100000,'0000000000,Regular Zero Divisor
'1000000000,'1011110101,'0000010000,'0000000000,Regular Zero Divisor
'0000010000,'1011110101,'0000010000,'0000000000,Nilpotent
'1000000000,'1011110101,'0000001000,'0000000000,Regular Zero Divisor
'0000010000,'1011110101,'0000001000,'0000000000,Regular Zero Divisor
'0000001000,'1011110101,'0000001000,'0000001000,Idempotent
'1000000000,'1011110101,'0000000100,'0000000000,Regular Zero Divisor
'0000010000,'1011110101,'0000000100,'0000000000,Regular Zero Divisor
'0000000100,'1011110101,'0000000100,'0000000100,Idempotent
'1000000000,'1011110101,'0000000010,'0000000000,Regular Zero Divisor
'0000010000,'1011110101,'0000000010,'0000000000,Regular Zero Divisor
'0000000010,'1011110101,'0000000010,'0000000010,Idempotent
'1000000000,'1011110101,'0000000001,'0000000000,Regular Zero Divisor
'0000010000,'1011110101,'0000000001,'0000000000,Regular Zero Divisor
'0000000001,'1011110101,'0000000001,'0000000001,Idempotent
'1000000000,'0111110101,'1000000000,'0000000000,Nilpotent
'0001000000,'0111110101,'1000000000,'0000000000,Regular Zero Divisor
'0000100000,'0111110101,'1000000000,'0000000000,Regular Zero Divisor
'0000010000,'0111110101,'1000000000,'0000000000,Regular Zero Divisor
'0000000010,'0111110101,'1000000000,'0000000000,Regular Zero Divisor
'0000000001,'0111110101,'1000000000,'0000000000,Regular Zero Divisor
'1000000000,'0111110101,'0100000000,'0000000000,Regular Zero Divisor
'0100000000,'0111110101,'0100000000,'0100000000,Idempotent
'0001000000,'0111110101,'0100000000,'0000000000,Regular Zero Divisor
'0000100000,'0111110101,'0100000000,'0000000000,Regular Zero Divisor
'0000010000,'0111110101,'0100000000,'0000000000,Regular Zero Divisor
'0000000010,'0111110101,'0100000000,'0000000000,Regular Zero Divisor
'0000000001,'0111110101,'0100000000,'0000000000,Regular Zero Divisor
'1000000000,'0111110101,'0010000000,'0000000000,Regular Zero Divisor
'0010000000,'0111110101,'0010000000,'0010000000,Idempotent
'0001000000,'0111110101,'0010000000,'0000000000,Regular Zero Divisor
'0000100000,'0111110101,'0010000000,'0000000000,Regular Zero Divisor
'0000010000,'0111110101,'0010000000,'0000000000,Regular Zero Divisor
'0000000010,'0111110101,'0010000000,'0000000000,Regular Zero Divisor
'0000000001,'0111110101,'0010000000,'0000000000,Regular Zero Divisor
'1000000000,'0111110101,'0001000000,'0000000000,Regular Zero Divisor
'0001000000,'0111110101,'0001000000,'0000000000,Nilpotent
'0000100000,'0111110101,'0001000000,'0000000000,Regular Zero Divisor
'0000010000,'0111110101,'0001000000,'0000000000,Regular Zero Divisor
'0000000010,'0111110101,'0001000000,'0000000000,Regular Zero Divisor
'0000000001,'0111110101,'0001000000,'0000000000,Regular Zero Divisor
'1000000000,'0111110101,'0000100000,'0000000000,Regular Zero Divisor
'0001000000,'0111110101,'0000100000,'0000000000,Regular Zero Divisor
'0000100000,'0111110101,'0000100000,'0000000000,Nilpotent
'0000010000,'0111110101,'0000100000,'0000000000,Regular Zero Divisor
'0000000010,'0111110101,'0000100000,'0000000000,Regular Zero Divisor
'0000000001,'0111110101,'0000100000,'0000000000,Regular Zero Divisor
'0000010000,'0111110101,'0000010000,'0000010000,Idempotent
'0000001000,'0111110101,'0000001000,'0000001000,Idempotent
'0000000100,'0111110101,'0000000100,'0000000100,Idempotent
'0000000010,'0111110101,'0000000010,'0000000010,Idempotent
'0000000001,'0111110101,'0000000001,'0000000001,Idempotent
'1000000000,'1111110101,'1000000000,'1000000000,Idempotent
'0001000000,'1111110101,'1000000000,'0000000000,Regular Zero Divisor
'0000100000,'1111110101,'1000000000,'0000000000,Regular Zero Divisor
'0000000010,'1111110101,'1000000000,'0000000000,Regular Zero Divisor
'0000000001,'1111110101,'1000000000,'0000000000,Regular Zero Divisor
'0100000000,'1111110101,'0100000000,'0100000000,Idempotent
'0001000000,'1111110101,'0100000000,'0000000000,Regular Zero Divisor
'0000100000,'1111110101,'0100000000,'0000000000,Regular Zero Divisor
'0000000010,'1111110101,'0100000000,'0000000000,Regular Zero Divisor
'0000000001,'1111110101,'0100000000,'0000000000,Regular Zero Divisor
'0010000000,'1111110101,'0010000000,'0010000000,Idempotent
'0001000000,'1111110101,'0010000000,'0000000000,Regular Zero Divisor
'0000100000,'1111110101,'0010000000,'0000000000,Regular Zero Divisor
'0000000010,'1111110101,'0010000000,'0000000000,Regular Zero Divisor
'0000000001,'1111110101,'0010000000,'0000000000,Regular Zero Divisor
'0001000000,'1111110101,'0001000000,'0000000000,Nilpotent
'0000100000,'1111110101,'0001000000,'0000000000,Regular Zero Divisor
'0000000010,'1111110101,'0001000000,'0000000000,Regular Zero Divisor
'0000000001,'1111110101,'0001000000,'0000000000,Regular Zero Divisor
'0001000000,'1111110101,'0000100000,'0000000000,Regular Zero Divisor
'0000100000,'1111110101,'0000100000,'0000000000,Nilpotent
'0000000010,'1111110101,'0000100000,'0000000000,Regular Zero Divisor
'0000000001,'1111110101,'0000100000,'0000000000,Regular Zero Divisor
'0000010000,'1111110101,'0000010000,'0000010000,Idempotent
'0000001000,'1111110101,'0000001000,'0000001000,Idempotent
'0000000100,'1111110101,'0000000100,'0000000100,Idempotent
'0000000010,'1111110101,'0000000010,'0000000010,Idempotent
'0000000001,'1111110101,'0000000001,'0000000001,Idempotent
'1000000000,'1010101101,'1000000000,'1000000000,Idempotent
'0000100000,'1010101101,'1000000000,'0000000000,Regular Zero Divisor
'0000000001,'1010101101,'1000000000,'0000000000,Regular Zero Divisor
'0100000000,'1010101101,'0100000000,'0100000000,Idempotent
'0000100000,'1010101101,'0100000000,'0000000000,Regular Zero Divisor
'0000000001,'1010101101,'0100000000,'0000000000,Regular Zero Divisor
'0010000000,'1010101101,'0010000000,'0010000000,Idempotent
'0000100000,'1010101101,'0010000000,'0000000000,Regular Zero Divisor
'0000000001,'1010101101,'0010000000,'0000000000,Regular Zero Divisor
'0001000000,'1010101101,'0001000000,'0001000000,Idempotent
'0000100000,'1010101101,'0001000000,'0000000000,Regular Zero Divisor
'0000000001,'1010101101,'0001000000,'0000000000,Regular Zero Divisor
'0000100000,'1010101101,'0000100000,'0000000000,Nilpotent
'0000000001,'1010101101,'0000100000,'0000000000,Regular Zero Divisor
'1000000000,'1010101101,'0000010000,'0000000000,Regular Zero Divisor
'0100000000,'1010101101,'0000010000,'0000000000,Regular Zero Divisor
'0010000000,'1010101101,'0000010000,'0000000000,Regular Zero Divisor
'0000010000,'1010101101,'0000010000,'0000000000,Nilpotent
'0000001000,'1010101101,'0000010000,'0000000000,Regular Zero Divisor
'0000000100,'1010101101,'0000010000,'0000000000,Regular Zero Divisor
'1000000000,'1010101101,'0000001000,'0000000000,Regular Zero Divisor
'0100000000,'1010101101,'0000001000,'0000000000,Regular Zero Divisor
'0010000000,'1010101101,'0000001000,'0000000000,Regular Zero Divisor
'0000010000,'1010101101,'0000001000,'0000000000,Regular Zero Divisor
'0000001000,'1010101101,'0000001000,'0000000000,Nilpotent
'0000000100,'1010101101,'0000001000,'0000000000,Regular Zero Divisor
'1000000000,'1010101101,'0000000100,'0000000000,Regular Zero Divisor
'0100000000,'1010101101,'0000000100,'0000000000,Regular Zero Divisor
'0010000000,'1010101101,'0000000100,'0000000000,Regular Zero Divisor
'0000010000,'1010101101,'0000000100,'0000000000,Regular Zero Divisor
'0000001000,'1010101101,'0000000100,'0000000000,Regular Zero Divisor
'0000000100,'1010101101,'0000000100,'0000000000,Nilpotent
'1000000000,'1010101101,'0000000010,'0000000000,Regular Zero Divisor
'0100000000,'1010101101,'0000000010,'0000000000,Regular Zero Divisor
'0010000000,'1010101101,'0000000010,'0000000000,Regular Zero Divisor
'0000010000,'1010101101,'0000000010,'0000000000,Regular Zero Divisor
'0000001000,'1010101101,'0000000010,'0000000000,Regular Zero Divisor
'0000000100,'1010101101,'0000000010,'0000000000,Regular Zero Divisor
'0000000010,'1010101101,'0000000010,'0000000010,Idempotent
'1000000000,'1010101101,'0000000001,'0000000000,Regular Zero Divisor
'0100000000,'1010101101,'0000000001,'0000000000,Regular Zero Divisor
'0010000000,'1010101101,'0000000001,'0000000000,Regular Zero Divisor
'0000010000,'1010101101,'0000000001,'0000000000,Regular Zero Divisor
'0000001000,'1010101101,'0000000001,'0000000000,Regular Zero Divisor
'0000000100,'1010101101,'0000000001,'0000000000,Regular Zero Divisor
'0000000001,'1010101101,'0000000001,'0000000001,Idempotent
'1000000000,'0110101101,'1000000000,'0000000000,Nilpotent
'0000100000,'0110101101,'1000000000,'0000000000,Regular Zero Divisor
'0000010000,'0110101101,'1000000000,'0000000000,Regular Zero Divisor
'0000000001,'0110101101,'1000000000,'0000000000,Regular Zero Divisor
'1000000000,'0110101101,'0100000000,'0000000000,Regular Zero Divisor
'0100000000,'0110101101,'0100000000,'0100000000,Idempotent
'0000100000,'0110101101,'0100000000,'0000000000,Regular Zero Divisor
'0000010000,'0110101101,'0100000000,'0000000000,Regular Zero Divisor
'0000000001,'0110101101,'0100000000,'0000000000,Regular Zero Divisor
'1000000000,'0110101101,'0010000000,'0000000000,Regular Zero Divisor
'0010000000,'0110101101,'0010000000,'0010000000,Idempotent
'0000100000,'0110101101,'0010000000,'0000000000,Regular Zero Divisor
'0000010000,'0110101101,'0010000000,'0000000000,Regular Zero Divisor
'0000000001,'0110101101,'0010000000,'0000000000,Regular Zero Divisor
'1000000000,'0110101101,'0001000000,'0000000000,Regular Zero Divisor
'0001000000,'0110101101,'0001000000,'0001000000,Idempotent
'0000100000,'0110101101,'0001000000,'0000000000,Regular Zero Divisor
'0000010000,'0110101101,'0001000000,'0000000000,Regular Zero Divisor
'0000000001,'0110101101,'0001000000,'0000000000,Regular Zero Divisor
'1000000000,'0110101101,'0000100000,'0000000000,Regular Zero Divisor
'0000100000,'0110101101,'0000100000,'0000000000,Nilpotent
'0000010000,'0110101101,'0000100000,'0000000000,Regular Zero Divisor
'0000000001,'0110101101,'0000100000,'0000000000,Regular Zero Divisor
'0100000000,'0110101101,'0000010000,'0000000000,Regular Zero Divisor
'0010000000,'0110101101,'0000010000,'0000000000,Regular Zero Divisor
'0000010000,'0110101101,'0000010000,'0000010000,Idempotent
'0000001000,'0110101101,'0000010000,'0000000000,Regular Zero Divisor
'0000000100,'0110101101,'0000010000,'0000000000,Regular Zero Divisor
'0100000000,'0110101101,'0000001000,'0000000000,Regular Zero Divisor
'0010000000,'0110101101,'0000001000,'0000000000,Regular Zero Divisor
'0000001000,'0110101101,'0000001000,'0000000000,Nilpotent
'0000000100,'0110101101,'0000001000,'0000000000,Regular Zero Divisor
'0100000000,'0110101101,'0000000100,'0000000000,Regular Zero Divisor
'0010000000,'0110101101,'0000000100,'0000000000,Regular Zero Divisor
'0000001000,'0110101101,'0000000100,'0000000000,Regular Zero Divisor
'0000000100,'0110101101,'0000000100,'0000000000,Nilpotent
'0100000000,'0110101101,'0000000010,'0000000000,Regular Zero Divisor
'0010000000,'0110101101,'0000000010,'0000000000,Regular Zero Divisor
'0000001000,'0110101101,'0000000010,'0000000000,Regular Zero Divisor
'0000000100,'0110101101,'0000000010,'0000000000,Regular Zero Divisor
'0000000010,'0110101101,'0000000010,'0000000010,Idempotent
'0100000000,'0110101101,'0000000001,'0000000000,Regular Zero Divisor
'0010000000,'0110101101,'0000000001,'0000000000,Regular Zero Divisor
'0000001000,'0110101101,'0000000001,'0000000000,Regular Zero Divisor
'0000000100,'0110101101,'0000000001,'0000000000,Regular Zero Divisor
'0000000001,'0110101101,'0000000001,'0000000001,Idempotent
'1000000000,'1110101101,'1000000000,'1000000000,Idempotent
'0000100000,'1110101101,'1000000000,'0000000000,Regular Zero Divisor
'0000000001,'1110101101,'1000000000,'0000000000,Regular Zero Divisor
'0100000000,'1110101101,'0100000000,'0100000000,Idempotent
'0000100000,'1110101101,'0100000000,'0000000000,Regular Zero Divisor
'0000000001,'1110101101,'0100000000,'0000000000,Regular Zero Divisor
'0010000000,'1110101101,'0010000000,'0010000000,Idempotent
'0000100000,'1110101101,'0010000000,'0000000000,Regular Zero Divisor
'0000000001,'1110101101,'0010000000,'0000000000,Regular Zero Divisor
'0001000000,'1110101101,'0001000000,'0001000000,Idempotent
'0000100000,'1110101101,'0001000000,'0000000000,Regular Zero Divisor
'0000000001,'1110101101,'0001000000,'0000000000,Regular Zero Divisor
'0000100000,'1110101101,'0000100000,'0000000000,Nilpotent
'0000000001,'1110101101,'0000100000,'0000000000,Regular Zero Divisor
'0100000000,'1110101101,'0000010000,'0000000000,Regular Zero Divisor
'0010000000,'1110101101,'0000010000,'0000000000,Regular Zero Divisor
'0000010000,'1110101101,'0000010000,'0000010000,Idempotent
'0000001000,'1110101101,'0000010000,'0000000000,Regular Zero Divisor
'0000000100,'1110101101,'0000010000,'0000000000,Regular Zero Divisor
'0100000000,'1110101101,'0000001000,'0000000000,Regular Zero Divisor
'0010000000,'1110101101,'0000001000,'0000000000,Regular Zero Divisor
'0000001000,'1110101101,'0000001000,'0000000000,Nilpotent
'0000000100,'1110101101,'0000001000,'0000000000,Regular Zero Divisor
'0100000000,'1110101101,'0000000100,'0000000000,Regular Zero Divisor
'0010000000,'1110101101,'0000000100,'0000000000,Regular Zero Divisor
'0000001000,'1110101101,'0000000100,'0000000000,Regular Zero Divisor
'0000000100,'1110101101,'0000000100,'0000000000,Nilpotent
'0100000000,'1110101101,'0000000010,'0000000000,Regular Zero Divisor
'0010000000,'1110101101,'0000000010,'0000000000,Regular Zero Divisor
'0000001000,'1110101101,'0000000010,'0000000000,Regular Zero Divisor
'0000000100,'1110101101,'0000000010,'0000000000,Regular Zero Divisor
'0000000010,'1110101101,'0000000010,'0000000010,Idempotent
'0100000000,'1110101101,'0000000001,'0000000000,Regular Zero Divisor
'0010000000,'1110101101,'0000000001,'0000000000,Regular Zero Divisor
'0000001000,'1110101101,'0000000001,'0000000000,Regular Zero Divisor
'0000000100,'1110101101,'0000000001,'0000000000,Regular Zero Divisor
'0000000001,'1110101101,'0000000001,'0000000001,Idempotent
'1000000000,'1001101101,'1000000000,'1000000000,Idempotent
'0100000000,'1001101101,'1000000000,'0000000000,Regular Zero Divisor
'0000100000,'1001101101,'1000000000,'0000000000,Regular Zero Divisor
'0000001000,'1001101101,'1000000000,'0000000000,Regular Zero Divisor
'0000000001,'1001101101,'1000000000,'0000000000,Regular Zero Divisor
'0100000000,'1001101101,'0100000000,'0000000000,Nilpotent
'0000100000,'1001101101,'0100000000,'0000000000,Regular Zero Divisor
'0000001000,'1001101101,'0100000000,'0000000000,Regular Zero Divisor
'0000000001,'1001101101,'0100000000,'0000000000,Regular Zero Divisor
'0100000000,'1001101101,'0010000000,'0000000000,Regular Zero Divisor
'0010000000,'1001101101,'0010000000,'0010000000,Idempotent
'0000100000,'1001101101,'0010000000,'0000000000,Regular Zero Divisor
'0000001000,'1001101101,'0010000000,'0000000000,Regular Zero Divisor
'0000000001,'1001101101,'0010000000,'0000000000,Regular Zero Divisor
'0100000000,'1001101101,'0001000000,'0000000000,Regular Zero Divisor
'0001000000,'1001101101,'0001000000,'0001000000,Idempotent
'0000100000,'1001101101,'0001000000,'0000000000,Regular Zero Divisor
'0000001000,'1001101101,'0001000000,'0000000000,Regular Zero Divisor
'0000000001,'1001101101,'0001000000,'0000000000,Regular Zero Divisor
'0100000000,'1001101101,'0000100000,'0000000000,Regular Zero Divisor
'0000100000,'1001101101,'0000100000,'0000000000,Nilpotent
'0000001000,'1001101101,'0000100000,'0000000000,Regular Zero Divisor
'0000000001,'1001101101,'0000100000,'0000000000,Regular Zero Divisor
'1000000000,'1001101101,'0000010000,'0000000000,Regular Zero Divisor
'0010000000,'1001101101,'0000010000,'0000000000,Regular Zero Divisor
'0000010000,'1001101101,'0000010000,'0000000000,Nilpotent
'0000000100,'1001101101,'0000010000,'0000000000,Regular Zero Divisor
'1000000000,'1001101101,'0000001000,'0000000000,Regular Zero Divisor
'0010000000,'1001101101,'0000001000,'0000000000,Regular Zero Divisor
'0000010000,'1001101101,'0000001000,'0000000000,Regular Zero Divisor
'0000001000,'1001101101,'0000001000,'0000001000,Idempotent
'0000000100,'1001101101,'0000001000,'0000000000,Regular Zero Divisor
'1000000000,'1001101101,'0000000100,'0000000000,Regular Zero Divisor
'0010000000,'1001101101,'0000000100,'0000000000,Regular Zero Divisor
'0000010000,'1001101101,'0000000100,'0000000000,Regular Zero Divisor
'0000000100,'1001101101,'0000000100,'0000000000,Nilpotent
'1000000000,'1001101101,'0000000010,'0000000000,Regular Zero Divisor
'0010000000,'1001101101,'0000000010,'0000000000,Regular Zero Divisor
'0000010000,'1001101101,'0000000010,'0000000000,Regular Zero Divisor
'0000000100,'1001101101,'0000000010,'0000000000,Regular Zero Divisor
'0000000010,'1001101101,'0000000010,'0000000010,Idempotent
'1000000000,'1001101101,'0000000001,'0000000000,Regular Zero Divisor
'0010000000,'1001101101,'0000000001,'0000000000,Regular Zero Divisor
'0000010000,'1001101101,'0000000001,'0000000000,Regular Zero Divisor
'0000000100,'1001101101,'0000000001,'0000000000,Regular Zero Divisor
'0000000001,'1001101101,'0000000001,'0000000001,Idempotent
'1000000000,'0101101101,'1000000000,'0000000000,Nilpotent
'0100000000,'0101101101,'1000000000,'0000000000,Regular Zero Divisor
'0000100000,'0101101101,'1000000000,'0000000000,Regular Zero Divisor
'0000010000,'0101101101,'1000000000,'0000000000,Regular Zero Divisor
'0000001000,'0101101101,'1000000000,'0000000000,Regular Zero Divisor
'0000000001,'0101101101,'1000000000,'0000000000,Regular Zero Divisor
'1000000000,'0101101101,'0100000000,'0000000000,Regular Zero Divisor
'0100000000,'0101101101,'0100000000,'0000000000,Nilpotent
'0000100000,'0101101101,'0100000000,'0000000000,Regular Zero Divisor
'0000010000,'0101101101,'0100000000,'0000000000,Regular Zero Divisor
'0000001000,'0101101101,'0100000000,'0000000000,Regular Zero Divisor
'0000000001,'0101101101,'0100000000,'0000000000,Regular Zero Divisor
'1000000000,'0101101101,'0010000000,'0000000000,Regular Zero Divisor
'0100000000,'0101101101,'0010000000,'0000000000,Regular Zero Divisor
'0010000000,'0101101101,'0010000000,'0010000000,Idempotent
'0000100000,'0101101101,'0010000000,'0000000000,Regular Zero Divisor
'0000010000,'0101101101,'0010000000,'0000000000,Regular Zero Divisor
'0000001000,'0101101101,'0010000000,'0000000000,Regular Zero Divisor
'0000000001,'0101101101,'0010000000,'0000000000,Regular Zero Divisor
'1000000000,'0101101101,'0001000000,'0000000000,Regular Zero Divisor
'0100000000,'0101101101,'0001000000,'0000000000,Regular Zero Divisor
'0001000000,'0101101101,'0001000000,'0001000000,Idempotent
'0000100000,'0101101101,'0001000000,'0000000000,Regular Zero Divisor
'0000010000,'0101101101,'0001000000,'0000000000,Regular Zero Divisor
'0000001000,'0101101101,'0001000000,'0000000000,Regular Zero Divisor
'0000000001,'0101101101,'0001000000,'0000000000,Regular Zero Divisor
'1000000000,'0101101101,'0000100000,'0000000000,Regular Zero Divisor
'0100000000,'0101101101,'0000100000,'0000000000,Regular Zero Divisor
'0000100000,'0101101101,'0000100000,'0000000000,Nilpotent
'0000010000,'0101101101,'0000100000,'0000000000,Regular Zero Divisor
'0000001000,'0101101101,'0000100000,'0000000000,Regular Zero Divisor
'0000000001,'0101101101,'0000100000,'0000000000,Regular Zero Divisor
'0010000000,'0101101101,'0000010000,'0000000000,Regular Zero Divisor
'0000010000,'0101101101,'0000010000,'0000010000,Idempotent
'0000000100,'0101101101,'0000010000,'0000000000,Regular Zero Divisor
'0010000000,'0101101101,'0000001000,'0000000000,Regular Zero Divisor
'0000001000,'0101101101,'0000001000,'0000001000,Idempotent
'0000000100,'0101101101,'0000001000,'0000000000,Regular Zero Divisor
'0010000000,'0101101101,'0000000100,'0000000000,Regular Zero Divisor
'0000000100,'0101101101,'0000000100,'0000000000,Nilpotent
'0010000000,'0101101101,'0000000010,'0000000000,Regular Zero Divisor
'0000000100,'0101101101,'0000000010,'0000000000,Regular Zero Divisor
'0000000010,'0101101101,'0000000010,'0000000010,Idempotent
'0010000000,'0101101101,'0000000001,'0000000000,Regular Zero Divisor
'0000000100,'0101101101,'0000000001,'0000000000,Regular Zero Divisor
'0000000001,'0101101101,'0000000001,'0000000001,Idempotent
'1000000000,'1101101101,'1000000000,'1000000000,Idempotent
'0100000000,'1101101101,'1000000000,'0000000000,Regular Zero Divisor
'0000100000,'1101101101,'1000000000,'0000000000,Regular Zero Divisor
'0000001000,'1101101101,'1000000000,'0000000000,Regular Zero Divisor
'0000000001,'1101101101,'1000000000,'0000000000,Regular Zero Divisor
'0100000000,'1101101101,'0100000000,'0000000000,Nilpotent
'0000100000,'1101101101,'0100000000,'0000000000,Regular Zero Divisor
'0000001000,'1101101101,'0100000000,'0000000000,Regular Zero Divisor
'0000000001,'1101101101,'0100000000,'0000000000,Regular Zero Divisor
'0100000000,'1101101101,'0010000000,'0000000000,Regular Zero Divisor
'0010000000,'1101101101,'0010000000,'0010000000,Idempotent
'0000100000,'1101101101,'0010000000,'0000000000,Regular Zero Divisor
'0000001000,'1101101101,'0010000000,'0000000000,Regular Zero Divisor
'0000000001,'1101101101,'0010000000,'0000000000,Regular Zero Divisor
'0100000000,'1101101101,'0001000000,'0000000000,Regular Zero Divisor
'0001000000,'1101101101,'0001000000,'0001000000,Idempotent
'0000100000,'1101101101,'0001000000,'0000000000,Regular Zero Divisor
'0000001000,'1101101101,'0001000000,'0000000000,Regular Zero Divisor
'0000000001,'1101101101,'0001000000,'0000000000,Regular Zero Divisor
'0100000000,'1101101101,'0000100000,'0000000000,Regular Zero Divisor
'0000100000,'1101101101,'0000100000,'0000000000,Nilpotent
'0000001000,'1101101101,'0000100000,'0000000000,Regular Zero Divisor
'0000000001,'1101101101,'0000100000,'0000000000,Regular Zero Divisor
'0010000000,'1101101101,'0000010000,'0000000000,Regular Zero Divisor
'0000010000,'1101101101,'0000010000,'0000010000,Idempotent
'0000000100,'1101101101,'0000010000,'0000000000,Regular Zero Divisor
'0010000000,'1101101101,'0000001000,'0000000000,Regular Zero Divisor
'0000001000,'1101101101,'0000001000,'0000001000,Idempotent
'0000000100,'1101101101,'0000001000,'0000000000,Regular Zero Divisor
'0010000000,'1101101101,'0000000100,'0000000000,Regular Zero Divisor
'0000000100,'1101101101,'0000000100,'0000000000,Nilpotent
'0010000000,'1101101101,'0000000010,'0000000000,Regular Zero Divisor
'0000000100,'1101101101,'0000000010,'0000000000,Regular Zero Divisor
'0000000010,'1101101101,'0000000010,'0000000010,Idempotent
'0010000000,'1101101101,'0000000001,'0000000000,Regular Zero Divisor
'0000000100,'1101101101,'0000000001,'0000000000,Regular Zero Divisor
'0000000001,'1101101101,'0000000001,'0000000001,Idempotent
'1000000000,'1011101101,'1000000000,'1000000000,Idempotent
'0000100000,'1011101101,'1000000000,'0000000000,Regular Zero Divisor
'0000000001,'1011101101,'1000000000,'0000000000,Regular Zero Divisor
'0100000000,'1011101101,'0100000000,'0100000000,Idempotent
'0000100000,'1011101101,'0100000000,'0000000000,Regular Zero Divisor
'0000000001,'1011101101,'0100000000,'0000000000,Regular Zero Divisor
'0010000000,'1011101101,'0010000000,'0010000000,Idempotent
'0000100000,'1011101101,'0010000000,'0000000000,Regular Zero Divisor
'0000000001,'1011101101,'0010000000,'0000000000,Regular Zero Divisor
'0001000000,'1011101101,'0001000000,'0001000000,Idempotent
'0000100000,'1011101101,'0001000000,'0000000000,Regular Zero Divisor
'0000000001,'1011101101,'0001000000,'0000000000,Regular Zero Divisor
'0000100000,'1011101101,'0000100000,'0000000000,Nilpotent
'0000000001,'1011101101,'0000100000,'0000000000,Regular Zero Divisor
'1000000000,'1011101101,'0000010000,'0000000000,Regular Zero Divisor
'0010000000,'1011101101,'0000010000,'0000000000,Regular Zero Divisor
'0000010000,'1011101101,'0000010000,'0000000000,Nilpotent
'0000000100,'1011101101,'0000010000,'0000000000,Regular Zero Divisor
'1000000000,'1011101101,'0000001000,'0000000000,Regular Zero Divisor
'0010000000,'1011101101,'0000001000,'0000000000,Regular Zero Divisor
'0000010000,'1011101101,'0000001000,'0000000000,Regular Zero Divisor
'0000001000,'1011101101,'0000001000,'0000001000,Idempotent
'0000000100,'1011101101,'0000001000,'0000000000,Regular Zero Divisor
'1000000000,'1011101101,'0000000100,'0000000000,Regular Zero Divisor
'0010000000,'1011101101,'0000000100,'0000000000,Regular Zero Divisor
'0000010000,'1011101101,'0000000100,'0000000000,Regular Zero Divisor
'0000000100,'1011101101,'0000000100,'0000000000,Nilpotent
'1000000000,'1011101101,'0000000010,'0000000000,Regular Zero Divisor
'0010000000,'1011101101,'0000000010,'0000000000,Regular Zero Divisor
'0000010000,'1011101101,'0000000010,'0000000000,Regular Zero Divisor
'0000000100,'1011101101,'0000000010,'0000000000,Regular Zero Divisor
'0000000010,'1011101101,'0000000010,'0000000010,Idempotent
'1000000000,'1011101101,'0000000001,'0000000000,Regular Zero Divisor
'0010000000,'1011101101,'0000000001,'0000000000,Regular Zero Divisor
'0000010000,'1011101101,'0000000001,'0000000000,Regular Zero Divisor
'0000000100,'1011101101,'0000000001,'0000000000,Regular Zero Divisor
'0000000001,'1011101101,'0000000001,'0000000001,Idempotent
'1000000000,'0111101101,'1000000000,'0000000000,Nilpotent
'0000100000,'0111101101,'1000000000,'0000000000,Regular Zero Divisor
'0000010000,'0111101101,'1000000000,'0000000000,Regular Zero Divisor
'0000000001,'0111101101,'1000000000,'0000000000,Regular Zero Divisor
'1000000000,'0111101101,'0100000000,'0000000000,Regular Zero Divisor
'0100000000,'0111101101,'0100000000,'0100000000,Idempotent
'0000100000,'0111101101,'0100000000,'0000000000,Regular Zero Divisor
'0000010000,'0111101101,'0100000000,'0000000000,Regular Zero Divisor
'0000000001,'0111101101,'0100000000,'0000000000,Regular Zero Divisor
'1000000000,'0111101101,'0010000000,'0000000000,Regular Zero Divisor
'0010000000,'0111101101,'0010000000,'0010000000,Idempotent
'0000100000,'0111101101,'0010000000,'0000000000,Regular Zero Divisor
'0000010000,'0111101101,'0010000000,'0000000000,Regular Zero Divisor
'0000000001,'0111101101,'0010000000,'0000000000,Regular Zero Divisor
'1000000000,'0111101101,'0001000000,'0000000000,Regular Zero Divisor
'0001000000,'0111101101,'0001000000,'0001000000,Idempotent
'0000100000,'0111101101,'0001000000,'0000000000,Regular Zero Divisor
'0000010000,'0111101101,'0001000000,'0000000000,Regular Zero Divisor
'0000000001,'0111101101,'0001000000,'0000000000,Regular Zero Divisor
'1000000000,'0111101101,'0000100000,'0000000000,Regular Zero Divisor
'0000100000,'0111101101,'0000100000,'0000000000,Nilpotent
'0000010000,'0111101101,'0000100000,'0000000000,Regular Zero Divisor
'0000000001,'0111101101,'0000100000,'0000000000,Regular Zero Divisor
'0010000000,'0111101101,'0000010000,'0000000000,Regular Zero Divisor
'0000010000,'0111101101,'0000010000,'0000010000,Idempotent
'0000000100,'0111101101,'0000010000,'0000000000,Regular Zero Divisor
'0010000000,'0111101101,'0000001000,'0000000000,Regular Zero Divisor
'0000001000,'0111101101,'0000001000,'0000001000,Idempotent
'0000000100,'0111101101,'0000001000,'0000000000,Regular Zero Divisor
'0010000000,'0111101101,'0000000100,'0000000000,Regular Zero Divisor
'0000000100,'0111101101,'0000000100,'0000000000,Nilpotent
'0010000000,'0111101101,'0000000010,'0000000000,Regular Zero Divisor
'0000000100,'0111101101,'0000000010,'0000000000,Regular Zero Divisor
'0000000010,'0111101101,'0000000010,'0000000010,Idempotent
'0010000000,'0111101101,'0000000001,'0000000000,Regular Zero Divisor
'0000000100,'0111101101,'0000000001,'0000000000,Regular Zero Divisor
'0000000001,'0111101101,'0000000001,'0000000001,Idempotent
'1000000000,'1111101101,'1000000000,'1000000000,Idempotent
'0000100000,'1111101101,'1000000000,'0000000000,Regular Zero Divisor
'0000000001,'1111101101,'1000000000,'0000000000,Regular Zero Divisor
'0100000000,'1111101101,'0100000000,'0100000000,Idempotent
'0000100000,'1111101101,'0100000000,'0000000000,Regular Zero Divisor
'0000000001,'1111101101,'0100000000,'0000000000,Regular Zero Divisor
'0010000000,'1111101101,'0010000000,'0010000000,Idempotent
'0000100000,'1111101101,'0010000000,'0000000000,Regular Zero Divisor
'0000000001,'1111101101,'0010000000,'0000000000,Regular Zero Divisor
'0001000000,'1111101101,'0001000000,'0001000000,Idempotent
'0000100000,'1111101101,'0001000000,'0000000000,Regular Zero Divisor
'0000000001,'1111101101,'0001000000,'0000000000,Regular Zero Divisor
'0000100000,'1111101101,'0000100000,'0000000000,Nilpotent
'0000000001,'1111101101,'0000100000,'0000000000,Regular Zero Divisor
'0010000000,'1111101101,'0000010000,'0000000000,Regular Zero Divisor
'0000010000,'1111101101,'0000010000,'0000010000,Idempotent
'0000000100,'1111101101,'0000010000,'0000000000,Regular Zero Divisor
'0010000000,'1111101101,'0000001000,'0000000000,Regular Zero Divisor
'0000001000,'1111101101,'0000001000,'0000001000,Idempotent
'0000000100,'1111101101,'0000001000,'0000000000,Regular Zero Divisor
'0010000000,'1111101101,'0000000100,'0000000000,Regular Zero Divisor
'0000000100,'1111101101,'0000000100,'0000000000,Nilpotent
'0010000000,'1111101101,'0000000010,'0000000000,Regular Zero Divisor
'0000000100,'1111101101,'0000000010,'0000000000,Regular Zero Divisor
'0000000010,'1111101101,'0000000010,'0000000010,Idempotent
'0010000000,'1111101101,'0000000001,'0000000000,Regular Zero Divisor
'0000000100,'1111101101,'0000000001,'0000000000,Regular Zero Divisor
'0000000001,'1111101101,'0000000001,'0000000001,Idempotent
'1000000000,'1010011101,'1000000000,'1000000000,Idempotent
'0010000000,'1010011101,'1000000000,'0000000000,Regular Zero Divisor
'0000100000,'1010011101,'1000000000,'0000000000,Regular Zero Divisor
'0000000100,'1010011101,'1000000000,'0000000000,Regular Zero Divisor
'0000000001,'1010011101,'1000000000,'0000000000,Regular Zero Divisor
'0100000000,'1010011101,'0100000000,'0100000000,Idempotent
'0010000000,'1010011101,'0100000000,'0000000000,Regular Zero Divisor
'0000100000,'1010011101,'0100000000,'0000000000,Regular Zero Divisor
'0000000100,'1010011101,'0100000000,'0000000000,Regular Zero Divisor
'0000000001,'1010011101,'0100000000,'0000000000,Regular Zero Divisor
'0010000000,'1010011101,'0010000000,'0000000000,Nilpotent
'0000100000,'1010011101,'0010000000,'0000000000,Regular Zero Divisor
'0000000100,'1010011101,'0010000000,'0000000000,Regular Zero Divisor
'0000000001,'1010011101,'0010000000,'0000000000,Regular Zero Divisor
'0010000000,'1010011101,'0001000000,'0000000000,Regular Zero Divisor
'0001000000,'1010011101,'0001000000,'0001000000,Idempotent
'0000100000,'1010011101,'0001000000,'0000000000,Regular Zero Divisor
'0000000100,'1010011101,'0001000000,'0000000000,Regular Zero Divisor
'0000000001,'1010011101,'0001000000,'0000000000,Regular Zero Divisor
'0010000000,'1010011101,'0000100000,'0000000000,Regular Zero Divisor
'0000100000,'1010011101,'0000100000,'0000000000,Nilpotent
'0000000100,'1010011101,'0000100000,'0000000000,Regular Zero Divisor
'0000000001,'1010011101,'0000100000,'0000000000,Regular Zero Divisor
'1000000000,'1010011101,'0000010000,'0000000000,Regular Zero Divisor
'0100000000,'1010011101,'0000010000,'0000000000,Regular Zero Divisor
'0000010000,'1010011101,'0000010000,'0000000000,Nilpotent
'0000001000,'1010011101,'0000010000,'0000000000,Regular Zero Divisor
'1000000000,'1010011101,'0000001000,'0000000000,Regular Zero Divisor
'0100000000,'1010011101,'0000001000,'0000000000,Regular Zero Divisor
'0000010000,'1010011101,'0000001000,'0000000000,Regular Zero Divisor
'0000001000,'1010011101,'0000001000,'0000000000,Nilpotent
'1000000000,'1010011101,'0000000100,'0000000000,Regular Zero Divisor
'0100000000,'1010011101,'0000000100,'0000000000,Regular Zero Divisor
'0000010000,'1010011101,'0000000100,'0000000000,Regular Zero Divisor
'0000001000,'1010011101,'0000000100,'0000000000,Regular Zero Divisor
'0000000100,'1010011101,'0000000100,'0000000100,Idempotent
'1000000000,'1010011101,'0000000010,'0000000000,Regular Zero Divisor
'0100000000,'1010011101,'0000000010,'0000000000,Regular Zero Divisor
'0000010000,'1010011101,'0000000010,'0000000000,Regular Zero Divisor
'0000001000,'1010011101,'0000000010,'0000000000,Regular Zero Divisor
'0000000010,'1010011101,'0000000010,'0000000010,Idempotent
'1000000000,'1010011101,'0000000001,'0000000000,Regular Zero Divisor
'0100000000,'1010011101,'0000000001,'0000000000,Regular Zero Divisor
'0000010000,'1010011101,'0000000001,'0000000000,Regular Zero Divisor
'0000001000,'1010011101,'0000000001,'0000000000,Regular Zero Divisor
'0000000001,'1010011101,'0000000001,'0000000001,Idempotent
'1000000000,'0110011101,'1000000000,'0000000000,Nilpotent
'0010000000,'0110011101,'1000000000,'0000000000,Regular Zero Divisor
'0000100000,'0110011101,'1000000000,'0000000000,Regular Zero Divisor
'0000010000,'0110011101,'1000000000,'0000000000,Regular Zero Divisor
'0000000100,'0110011101,'1000000000,'0000000000,Regular Zero Divisor
'0000000001,'0110011101,'1000000000,'0000000000,Regular Zero Divisor
'1000000000,'0110011101,'0100000000,'0000000000,Regular Zero Divisor
'0100000000,'0110011101,'0100000000,'0100000000,Idempotent
'0010000000,'0110011101,'0100000000,'0000000000,Regular Zero Divisor
'0000100000,'0110011101,'0100000000,'0000000000,Regular Zero Divisor
'0000010000,'0110011101,'0100000000,'0000000000,Regular Zero Divisor
'0000000100,'0110011101,'0100000000,'0000000000,Regular Zero Divisor
'0000000001,'0110011101,'0100000000,'0000000000,Regular Zero Divisor
'1000000000,'0110011101,'0010000000,'0000000000,Regular Zero Divisor
'0010000000,'0110011101,'0010000000,'0000000000,Nilpotent
'0000100000,'0110011101,'0010000000,'0000000000,Regular Zero Divisor
'0000010000,'0110011101,'0010000000,'0000000000,Regular Zero Divisor
'0000000100,'0110011101,'0010000000,'0000000000,Regular Zero Divisor
'0000000001,'0110011101,'0010000000,'0000000000,Regular Zero Divisor
'1000000000,'0110011101,'0001000000,'0000000000,Regular Zero Divisor
'0010000000,'0110011101,'0001000000,'0000000000,Regular Zero Divisor
'0001000000,'0110011101,'0001000000,'0001000000,Idempotent
'0000100000,'0110011101,'0001000000,'0000000000,Regular Zero Divisor
'0000010000,'0110011101,'0001000000,'0000000000,Regular Zero Divisor
'0000000100,'0110011101,'0001000000,'0000000000,Regular Zero Divisor
'0000000001,'0110011101,'0001000000,'0000000000,Regular Zero Divisor
'1000000000,'0110011101,'0000100000,'0000000000,Regular Zero Divisor
'0010000000,'0110011101,'0000100000,'0000000000,Regular Zero Divisor
'0000100000,'0110011101,'0000100000,'0000000000,Nilpotent
'0000010000,'0110011101,'0000100000,'0000000000,Regular Zero Divisor
'0000000100,'0110011101,'0000100000,'0000000000,Regular Zero Divisor
'0000000001,'0110011101,'0000100000,'0000000000,Regular Zero Divisor
'0100000000,'0110011101,'0000010000,'0000000000,Regular Zero Divisor
'0000010000,'0110011101,'0000010000,'0000010000,Idempotent
'0000001000,'0110011101,'0000010000,'0000000000,Regular Zero Divisor
'0100000000,'0110011101,'0000001000,'0000000000,Regular Zero Divisor
'0000001000,'0110011101,'0000001000,'0000000000,Nilpotent
'0100000000,'0110011101,'0000000100,'0000000000,Regular Zero Divisor
'0000001000,'0110011101,'0000000100,'0000000000,Regular Zero Divisor
'0000000100,'0110011101,'0000000100,'0000000100,Idempotent
'0100000000,'0110011101,'0000000010,'0000000000,Regular Zero Divisor
'0000001000,'0110011101,'0000000010,'0000000000,Regular Zero Divisor
'0000000010,'0110011101,'0000000010,'0000000010,Idempotent
'0100000000,'0110011101,'0000000001,'0000000000,Regular Zero Divisor
'0000001000,'0110011101,'0000000001,'0000000000,Regular Zero Divisor
'0000000001,'0110011101,'0000000001,'0000000001,Idempotent
'1000000000,'1110011101,'1000000000,'1000000000,Idempotent
'0010000000,'1110011101,'1000000000,'0000000000,Regular Zero Divisor
'0000100000,'1110011101,'1000000000,'0000000000,Regular Zero Divisor
'0000000100,'1110011101,'1000000000,'0000000000,Regular Zero Divisor
'0000000001,'1110011101,'1000000000,'0000000000,Regular Zero Divisor
'0100000000,'1110011101,'0100000000,'0100000000,Idempotent
'0010000000,'1110011101,'0100000000,'0000000000,Regular Zero Divisor
'0000100000,'1110011101,'0100000000,'0000000000,Regular Zero Divisor
'0000000100,'1110011101,'0100000000,'0000000000,Regular Zero Divisor
'0000000001,'1110011101,'0100000000,'0000000000,Regular Zero Divisor
'0010000000,'1110011101,'0010000000,'0000000000,Nilpotent
'0000100000,'1110011101,'0010000000,'0000000000,Regular Zero Divisor
'0000000100,'1110011101,'0010000000,'0000000000,Regular Zero Divisor
'0000000001,'1110011101,'0010000000,'0000000000,Regular Zero Divisor
'0010000000,'1110011101,'0001000000,'0000000000,Regular Zero Divisor
'0001000000,'1110011101,'0001000000,'0001000000,Idempotent
'0000100000,'1110011101,'0001000000,'0000000000,Regular Zero Divisor
'0000000100,'1110011101,'0001000000,'0000000000,Regular Zero Divisor
'0000000001,'1110011101,'0001000000,'0000000000,Regular Zero Divisor
'0010000000,'1110011101,'0000100000,'0000000000,Regular Zero Divisor
'0000100000,'1110011101,'0000100000,'0000000000,Nilpotent
'0000000100,'1110011101,'0000100000,'0000000000,Regular Zero Divisor
'0000000001,'1110011101,'0000100000,'0000000000,Regular Zero Divisor
'0100000000,'1110011101,'0000010000,'0000000000,Regular Zero Divisor
'0000010000,'1110011101,'0000010000,'0000010000,Idempotent
'0000001000,'1110011101,'0000010000,'0000000000,Regular Zero Divisor
'0100000000,'1110011101,'0000001000,'0000000000,Regular Zero Divisor
'0000001000,'1110011101,'0000001000,'0000000000,Nilpotent
'0100000000,'1110011101,'0000000100,'0000000000,Regular Zero Divisor
'0000001000,'1110011101,'0000000100,'0000000000,Regular Zero Divisor
'0000000100,'1110011101,'0000000100,'0000000100,Idempotent
'0100000000,'1110011101,'0000000010,'0000000000,Regular Zero Divisor
'0000001000,'1110011101,'0000000010,'0000000000,Regular Zero Divisor
'0000000010,'1110011101,'0000000010,'0000000010,Idempotent
'0100000000,'1110011101,'0000000001,'0000000000,Regular Zero Divisor
'0000001000,'1110011101,'0000000001,'0000000000,Regular Zero Divisor
'0000000001,'1110011101,'0000000001,'0000000001,Idempotent
'1000000000,'1001011101,'1000000000,'1000000000,Idempotent
'0100000000,'1001011101,'1000000000,'0000000000,Regular Zero Divisor
'0010000000,'1001011101,'1000000000,'0000000000,Regular Zero Divisor
'0000100000,'1001011101,'1000000000,'0000000000,Regular Zero Divisor
'0000001000,'1001011101,'1000000000,'0000000000,Regular Zero Divisor
'0000000100,'1001011101,'1000000000,'0000000000,Regular Zero Divisor
'0000000001,'1001011101,'1000000000,'0000000000,Regular Zero Divisor
'0100000000,'1001011101,'0100000000,'0000000000,Nilpotent
'0010000000,'1001011101,'0100000000,'0000000000,Regular Zero Divisor
'0000100000,'1001011101,'0100000000,'0000000000,Regular Zero Divisor
'0000001000,'1001011101,'0100000000,'0000000000,Regular Zero Divisor
'0000000100,'1001011101,'0100000000,'0000000000,Regular Zero Divisor
'0000000001,'1001011101,'0100000000,'0000000000,Regular Zero Divisor
'0100000000,'1001011101,'0010000000,'0000000000,Regular Zero Divisor
'0010000000,'1001011101,'0010000000,'0000000000,Nilpotent
'0000100000,'1001011101,'0010000000,'0000000000,Regular Zero Divisor
'0000001000,'1001011101,'0010000000,'0000000000,Regular Zero Divisor
'0000000100,'1001011101,'0010000000,'0000000000,Regular Zero Divisor
'0000000001,'1001011101,'0010000000,'0000000000,Regular Zero Divisor
'0100000000,'1001011101,'0001000000,'0000000000,Regular Zero Divisor
'0010000000,'1001011101,'0001000000,'0000000000,Regular Zero Divisor
'0001000000,'1001011101,'0001000000,'0001000000,Idempotent
'0000100000,'1001011101,'0001000000,'0000000000,Regular Zero Divisor
'0000001000,'1001011101,'0001000000,'0000000000,Regular Zero Divisor
'0000000100,'1001011101,'0001000000,'0000000000,Regular Zero Divisor
'0000000001,'1001011101,'0001000000,'0000000000,Regular Zero Divisor
'0100000000,'1001011101,'0000100000,'0000000000,Regular Zero Divisor
'0010000000,'1001011101,'0000100000,'0000000000,Regular Zero Divisor
'0000100000,'1001011101,'0000100000,'0000000000,Nilpotent
'0000001000,'1001011101,'0000100000,'0000000000,Regular Zero Divisor
'0000000100,'1001011101,'0000100000,'0000000000,Regular Zero Divisor
'0000000001,'1001011101,'0000100000,'0000000000,Regular Zero Divisor
'1000000000,'1001011101,'0000010000,'0000000000,Regular Zero Divisor
'0000010000,'1001011101,'0000010000,'0000000000,Nilpotent
'1000000000,'1001011101,'0000001000,'0000000000,Regular Zero Divisor
'0000010000,'1001011101,'0000001000,'0000000000,Regular Zero Divisor
'0000001000,'1001011101,'0000001000,'0000001000,Idempotent
'1000000000,'1001011101,'0000000100,'0000000000,Regular Zero Divisor
'0000010000,'1001011101,'0000000100,'0000000000,Regular Zero Divisor
'0000000100,'1001011101,'0000000100,'0000000100,Idempotent
'1000000000,'1001011101,'0000000010,'0000000000,Regular Zero Divisor
'0000010000,'1001011101,'0000000010,'0000000000,Regular Zero Divisor
'0000000010,'1001011101,'0000000010,'0000000010,Idempotent
'1000000000,'1001011101,'0000000001,'0000000000,Regular Zero Divisor
'0000010000,'1001011101,'0000000001,'0000000000,Regular Zero Divisor
'0000000001,'1001011101,'0000000001,'0000000001,Idempotent
'1000000000,'0101011101,'1000000000,'0000000000,Nilpotent
'0100000000,'0101011101,'1000000000,'0000000000,Regular Zero Divisor
'0010000000,'0101011101,'1000000000,'0000000000,Regular Zero Divisor
'0000100000,'0101011101,'1000000000,'0000000000,Regular Zero Divisor
'0000010000,'0101011101,'1000000000,'0000000000,Regular Zero Divisor
'0000001000,'0101011101,'1000000000,'0000000000,Regular Zero Divisor
'0000000100,'0101011101,'1000000000,'0000000000,Regular Zero Divisor
'0000000001,'0101011101,'1000000000,'0000000000,Regular Zero Divisor
'1000000000,'0101011101,'0100000000,'0000000000,Regular Zero Divisor
'0100000000,'0101011101,'0100000000,'0000000000,Nilpotent
'0010000000,'0101011101,'0100000000,'0000000000,Regular Zero Divisor
'0000100000,'0101011101,'0100000000,'0000000000,Regular Zero Divisor
'0000010000,'0101011101,'0100000000,'0000000000,Regular Zero Divisor
'0000001000,'0101011101,'0100000000,'0000000000,Regular Zero Divisor
'0000000100,'0101011101,'0100000000,'0000000000,Regular Zero Divisor
'0000000001,'0101011101,'0100000000,'0000000000,Regular Zero Divisor
'1000000000,'0101011101,'0010000000,'0000000000,Regular Zero Divisor
'0100000000,'0101011101,'0010000000,'0000000000,Regular Zero Divisor
'0010000000,'0101011101,'0010000000,'0000000000,Nilpotent
'0000100000,'0101011101,'0010000000,'0000000000,Regular Zero Divisor
'0000010000,'0101011101,'0010000000,'0000000000,Regular Zero Divisor
'0000001000,'0101011101,'0010000000,'0000000000,Regular Zero Divisor
'0000000100,'0101011101,'0010000000,'0000000000,Regular Zero Divisor
'0000000001,'0101011101,'0010000000,'0000000000,Regular Zero Divisor
'1000000000,'0101011101,'0001000000,'0000000000,Regular Zero Divisor
'0100000000,'0101011101,'0001000000,'0000000000,Regular Zero Divisor
'0010000000,'0101011101,'0001000000,'0000000000,Regular Zero Divisor
'0001000000,'0101011101,'0001000000,'0001000000,Idempotent
'0000100000,'0101011101,'0001000000,'0000000000,Regular Zero Divisor
'0000010000,'0101011101,'0001000000,'0000000000,Regular Zero Divisor
'0000001000,'0101011101,'0001000000,'0000000000,Regular Zero Divisor
'0000000100,'0101011101,'0001000000,'0000000000,Regular Zero Divisor
'0000000001,'0101011101,'0001000000,'0000000000,Regular Zero Divisor
'1000000000,'0101011101,'0000100000,'0000000000,Regular Zero Divisor
'0100000000,'0101011101,'0000100000,'0000000000,Regular Zero Divisor
'0010000000,'0101011101,'0000100000,'0000000000,Regular Zero Divisor
'0000100000,'0101011101,'0000100000,'0000000000,Nilpotent
'0000010000,'0101011101,'0000100000,'0000000000,Regular Zero Divisor
'0000001000,'0101011101,'0000100000,'0000000000,Regular Zero Divisor
'0000000100,'0101011101,'0000100000,'0000000000,Regular Zero Divisor
'0000000001,'0101011101,'0000100000,'0000000000,Regular Zero Divisor
'0000010000,'0101011101,'0000010000,'0000010000,Idempotent
'0000001000,'0101011101,'0000001000,'0000001000,Idempotent
'0000000100,'0101011101,'0000000100,'0000000100,Idempotent
'0000000010,'0101011101,'0000000010,'0000000010,Idempotent
'0000000001,'0101011101,'0000000001,'0000000001,Idempotent
'1000000000,'1101011101,'1000000000,'1000000000,Idempotent
'0100000000,'1101011101,'1000000000,'0000000000,Regular Zero Divisor
'0010000000,'1101011101,'1000000000,'0000000000,Regular Zero Divisor
'0000100000,'1101011101,'1000000000,'0000000000,Regular Zero Divisor
'0000001000,'1101011101,'1000000000,'0000000000,Regular Zero Divisor
'0000000100,'1101011101,'1000000000,'0000000000,Regular Zero Divisor
'0000000001,'1101011101,'1000000000,'0000000000,Regular Zero Divisor
'0100000000,'1101011101,'0100000000,'0000000000,Nilpotent
'0010000000,'1101011101,'0100000000,'0000000000,Regular Zero Divisor
'0000100000,'1101011101,'0100000000,'0000000000,Regular Zero Divisor
'0000001000,'1101011101,'0100000000,'0000000000,Regular Zero Divisor
'0000000100,'1101011101,'0100000000,'0000000000,Regular Zero Divisor
'0000000001,'1101011101,'0100000000,'0000000000,Regular Zero Divisor
'0100000000,'1101011101,'0010000000,'0000000000,Regular Zero Divisor
'0010000000,'1101011101,'0010000000,'0000000000,Nilpotent
'0000100000,'1101011101,'0010000000,'0000000000,Regular Zero Divisor
'0000001000,'1101011101,'0010000000,'0000000000,Regular Zero Divisor
'0000000100,'1101011101,'0010000000,'0000000000,Regular Zero Divisor
'0000000001,'1101011101,'0010000000,'0000000000,Regular Zero Divisor
'0100000000,'1101011101,'0001000000,'0000000000,Regular Zero Divisor
'0010000000,'1101011101,'0001000000,'0000000000,Regular Zero Divisor
'0001000000,'1101011101,'0001000000,'0001000000,Idempotent
'0000100000,'1101011101,'0001000000,'0000000000,Regular Zero Divisor
'0000001000,'1101011101,'0001000000,'0000000000,Regular Zero Divisor
'0000000100,'1101011101,'0001000000,'0000000000,Regular Zero Divisor
'0000000001,'1101011101,'0001000000,'0000000000,Regular Zero Divisor
'0100000000,'1101011101,'0000100000,'0000000000,Regular Zero Divisor
'0010000000,'1101011101,'0000100000,'0000000000,Regular Zero Divisor
'0000100000,'1101011101,'0000100000,'0000000000,Nilpotent
'0000001000,'1101011101,'0000100000,'0000000000,Regular Zero Divisor
'0000000100,'1101011101,'0000100000,'0000000000,Regular Zero Divisor
'0000000001,'1101011101,'0000100000,'0000000000,Regular Zero Divisor
'0000010000,'1101011101,'0000010000,'0000010000,Idempotent
'0000001000,'1101011101,'0000001000,'0000001000,Idempotent
'0000000100,'1101011101,'0000000100,'0000000100,Idempotent
'0000000010,'1101011101,'0000000010,'0000000010,Idempotent
'0000000001,'1101011101,'0000000001,'0000000001,Idempotent
'1000000000,'1011011101,'1000000000,'1000000000,Idempotent
'0010000000,'1011011101,'1000000000,'0000000000,Regular Zero Divisor
'0000100000,'1011011101,'1000000000,'0000000000,Regular Zero Divisor
'0000000100,'1011011101,'1000000000,'0000000000,Regular Zero Divisor
'0000000001,'1011011101,'1000000000,'0000000000,Regular Zero Divisor
'0100000000,'1011011101,'0100000000,'0100000000,Idempotent
'0010000000,'1011011101,'0100000000,'0000000000,Regular Zero Divisor
'0000100000,'1011011101,'0100000000,'0000000000,Regular Zero Divisor
'0000000100,'1011011101,'0100000000,'0000000000,Regular Zero Divisor
'0000000001,'1011011101,'0100000000,'0000000000,Regular Zero Divisor
'0010000000,'1011011101,'0010000000,'0000000000,Nilpotent
'0000100000,'1011011101,'0010000000,'0000000000,Regular Zero Divisor
'0000000100,'1011011101,'0010000000,'0000000000,Regular Zero Divisor
'0000000001,'1011011101,'0010000000,'0000000000,Regular Zero Divisor
'0010000000,'1011011101,'0001000000,'0000000000,Regular Zero Divisor
'0001000000,'1011011101,'0001000000,'0001000000,Idempotent
'0000100000,'1011011101,'0001000000,'0000000000,Regular Zero Divisor
'0000000100,'1011011101,'0001000000,'0000000000,Regular Zero Divisor
'0000000001,'1011011101,'0001000000,'0000000000,Regular Zero Divisor
'0010000000,'1011011101,'0000100000,'0000000000,Regular Zero Divisor
'0000100000,'1011011101,'0000100000,'0000000000,Nilpotent
'0000000100,'1011011101,'0000100000,'0000000000,Regular Zero Divisor
'0000000001,'1011011101,'0000100000,'0000000000,Regular Zero Divisor
'1000000000,'1011011101,'0000010000,'0000000000,Regular Zero Divisor
'0000010000,'1011011101,'0000010000,'0000000000,Nilpotent
'1000000000,'1011011101,'0000001000,'0000000000,Regular Zero Divisor
'0000010000,'1011011101,'0000001000,'0000000000,Regular Zero Divisor
'0000001000,'1011011101,'0000001000,'0000001000,Idempotent
'1000000000,'1011011101,'0000000100,'0000000000,Regular Zero Divisor
'0000010000,'1011011101,'0000000100,'0000000000,Regular Zero Divisor
'0000000100,'1011011101,'0000000100,'0000000100,Idempotent
'1000000000,'1011011101,'0000000010,'0000000000,Regular Zero Divisor
'0000010000,'1011011101,'0000000010,'0000000000,Regular Zero Divisor
'0000000010,'1011011101,'0000000010,'0000000010,Idempotent
'1000000000,'1011011101,'0000000001,'0000000000,Regular Zero Divisor
'0000010000,'1011011101,'0000000001,'0000000000,Regular Zero Divisor
'0000000001,'1011011101,'0000000001,'0000000001,Idempotent
'1000000000,'0111011101,'1000000000,'0000000000,Nilpotent
'0010000000,'0111011101,'1000000000,'0000000000,Regular Zero Divisor
'0000100000,'0111011101,'1000000000,'0000000000,Regular Zero Divisor
'0000010000,'0111011101,'1000000000,'0000000000,Regular Zero Divisor
'0000000100,'0111011101,'1000000000,'0000000000,Regular Zero Divisor
'0000000001,'0111011101,'1000000000,'0000000000,Regular Zero Divisor
'1000000000,'0111011101,'0100000000,'0000000000,Regular Zero Divisor
'0100000000,'0111011101,'0100000000,'0100000000,Idempotent
'0010000000,'0111011101,'0100000000,'0000000000,Regular Zero Divisor
'0000100000,'0111011101,'0100000000,'0000000000,Regular Zero Divisor
'0000010000,'0111011101,'0100000000,'0000000000,Regular Zero Divisor
'0000000100,'0111011101,'0100000000,'0000000000,Regular Zero Divisor
'0000000001,'0111011101,'0100000000,'0000000000,Regular Zero Divisor
'1000000000,'0111011101,'0010000000,'0000000000,Regular Zero Divisor
'0010000000,'0111011101,'0010000000,'0000000000,Nilpotent
'0000100000,'0111011101,'0010000000,'0000000000,Regular Zero Divisor
'0000010000,'0111011101,'0010000000,'0000000000,Regular Zero Divisor
'0000000100,'0111011101,'0010000000,'0000000000,Regular Zero Divisor
'0000000001,'0111011101,'0010000000,'0000000000,Regular Zero Divisor
'1000000000,'0111011101,'0001000000,'0000000000,Regular Zero Divisor
'0010000000,'0111011101,'0001000000,'0000000000,Regular Zero Divisor
'0001000000,'0111011101,'0001000000,'0001000000,Idempotent
'0000100000,'0111011101,'0001000000,'0000000000,Regular Zero Divisor
'0000010000,'0111011101,'0001000000,'0000000000,Regular Zero Divisor
'0000000100,'0111011101,'0001000000,'0000000000,Regular Zero Divisor
'0000000001,'0111011101,'0001000000,'0000000000,Regular Zero Divisor
'1000000000,'0111011101,'0000100000,'0000000000,Regular Zero Divisor
'0010000000,'0111011101,'0000100000,'0000000000,Regular Zero Divisor
'0000100000,'0111011101,'0000100000,'0000000000,Nilpotent
'0000010000,'0111011101,'0000100000,'0000000000,Regular Zero Divisor
'0000000100,'0111011101,'0000100000,'0000000000,Regular Zero Divisor
'0000000001,'0111011101,'0000100000,'0000000000,Regular Zero Divisor
'0000010000,'0111011101,'0000010000,'0000010000,Idempotent
'0000001000,'0111011101,'0000001000,'0000001000,Idempotent
'0000000100,'0111011101,'0000000100,'0000000100,Idempotent
'0000000010,'0111011101,'0000000010,'0000000010,Idempotent
'0000000001,'0111011101,'0000000001,'0000000001,Idempotent
'1000000000,'1111011101,'1000000000,'1000000000,Idempotent
'0010000000,'1111011101,'1000000000,'0000000000,Regular Zero Divisor
'0000100000,'1111011101,'1000000000,'0000000000,Regular Zero Divisor
'0000000100,'1111011101,'1000000000,'0000000000,Regular Zero Divisor
'0000000001,'1111011101,'1000000000,'0000000000,Regular Zero Divisor
'0100000000,'1111011101,'0100000000,'0100000000,Idempotent
'0010000000,'1111011101,'0100000000,'0000000000,Regular Zero Divisor
'0000100000,'1111011101,'0100000000,'0000000000,Regular Zero Divisor
'0000000100,'1111011101,'0100000000,'0000000000,Regular Zero Divisor
'0000000001,'1111011101,'0100000000,'0000000000,Regular Zero Divisor
'0010000000,'1111011101,'0010000000,'0000000000,Nilpotent
'0000100000,'1111011101,'0010000000,'0000000000,Regular Zero Divisor
'0000000100,'1111011101,'0010000000,'0000000000,Regular Zero Divisor
'0000000001,'1111011101,'0010000000,'0000000000,Regular Zero Divisor
'0010000000,'1111011101,'0001000000,'0000000000,Regular Zero Divisor
'0001000000,'1111011101,'0001000000,'0001000000,Idempotent
'0000100000,'1111011101,'0001000000,'0000000000,Regular Zero Divisor
'0000000100,'1111011101,'0001000000,'0000000000,Regular Zero Divisor
'0000000001,'1111011101,'0001000000,'0000000000,Regular Zero Divisor
'0010000000,'1111011101,'0000100000,'0000000000,Regular Zero Divisor
'0000100000,'1111011101,'0000100000,'0000000000,Nilpotent
'0000000100,'1111011101,'0000100000,'0000000000,Regular Zero Divisor
'0000000001,'1111011101,'0000100000,'0000000000,Regular Zero Divisor
'0000010000,'1111011101,'0000010000,'0000010000,Idempotent
'0000001000,'1111011101,'0000001000,'0000001000,Idempotent
'0000000100,'1111011101,'0000000100,'0000000100,Idempotent
'0000000010,'1111011101,'0000000010,'0000000010,Idempotent
'0000000001,'1111011101,'0000000001,'0000000001,Idempotent
'1000000000,'1010111101,'1000000000,'1000000000,Idempotent
'0000100000,'1010111101,'1000000000,'0000000000,Regular Zero Divisor
'0000000001,'1010111101,'1000000000,'0000000000,Regular Zero Divisor
'0100000000,'1010111101,'0100000000,'0100000000,Idempotent
'0000100000,'1010111101,'0100000000,'0000000000,Regular Zero Divisor
'0000000001,'1010111101,'0100000000,'0000000000,Regular Zero Divisor
'0010000000,'1010111101,'0010000000,'0010000000,Idempotent
'0000100000,'1010111101,'0010000000,'0000000000,Regular Zero Divisor
'0000000001,'1010111101,'0010000000,'0000000000,Regular Zero Divisor
'0001000000,'1010111101,'0001000000,'0001000000,Idempotent
'0000100000,'1010111101,'0001000000,'0000000000,Regular Zero Divisor
'0000000001,'1010111101,'0001000000,'0000000000,Regular Zero Divisor
'0000100000,'1010111101,'0000100000,'0000000000,Nilpotent
'0000000001,'1010111101,'0000100000,'0000000000,Regular Zero Divisor
'1000000000,'1010111101,'0000010000,'0000000000,Regular Zero Divisor
'0100000000,'1010111101,'0000010000,'0000000000,Regular Zero Divisor
'0000010000,'1010111101,'0000010000,'0000000000,Nilpotent
'0000001000,'1010111101,'0000010000,'0000000000,Regular Zero Divisor
'1000000000,'1010111101,'0000001000,'0000000000,Regular Zero Divisor
'0100000000,'1010111101,'0000001000,'0000000000,Regular Zero Divisor
'0000010000,'1010111101,'0000001000,'0000000000,Regular Zero Divisor
'0000001000,'1010111101,'0000001000,'0000000000,Nilpotent
'1000000000,'1010111101,'0000000100,'0000000000,Regular Zero Divisor
'0100000000,'1010111101,'0000000100,'0000000000,Regular Zero Divisor
'0000010000,'1010111101,'0000000100,'0000000000,Regular Zero Divisor
'0000001000,'1010111101,'0000000100,'0000000000,Regular Zero Divisor
'0000000100,'1010111101,'0000000100,'0000000100,Idempotent
'1000000000,'1010111101,'0000000010,'0000000000,Regular Zero Divisor
'0100000000,'1010111101,'0000000010,'0000000000,Regular Zero Divisor
'0000010000,'1010111101,'0000000010,'0000000000,Regular Zero Divisor
'0000001000,'1010111101,'0000000010,'0000000000,Regular Zero Divisor
'0000000010,'1010111101,'0000000010,'0000000010,Idempotent
'1000000000,'1010111101,'0000000001,'0000000000,Regular Zero Divisor
'0100000000,'1010111101,'0000000001,'0000000000,Regular Zero Divisor
'0000010000,'1010111101,'0000000001,'0000000000,Regular Zero Divisor
'0000001000,'1010111101,'0000000001,'0000000000,Regular Zero Divisor
'0000000001,'1010111101,'0000000001,'0000000001,Idempotent
'1000000000,'0110111101,'1000000000,'0000000000,Nilpotent
'0000100000,'0110111101,'1000000000,'0000000000,Regular Zero Divisor
'0000010000,'0110111101,'1000000000,'0000000000,Regular Zero Divisor
'0000000001,'0110111101,'1000000000,'0000000000,Regular Zero Divisor
'1000000000,'0110111101,'0100000000,'0000000000,Regular Zero Divisor
'0100000000,'0110111101,'0100000000,'0100000000,Idempotent
'0000100000,'0110111101,'0100000000,'0000000000,Regular Zero Divisor
'0000010000,'0110111101,'0100000000,'0000000000,Regular Zero Divisor
'0000000001,'0110111101,'0100000000,'0000000000,Regular Zero Divisor
'1000000000,'0110111101,'0010000000,'0000000000,Regular Zero Divisor
'0010000000,'0110111101,'0010000000,'0010000000,Idempotent
'0000100000,'0110111101,'0010000000,'0000000000,Regular Zero Divisor
'0000010000,'0110111101,'0010000000,'0000000000,Regular Zero Divisor
'0000000001,'0110111101,'0010000000,'0000000000,Regular Zero Divisor
'1000000000,'0110111101,'0001000000,'0000000000,Regular Zero Divisor
'0001000000,'0110111101,'0001000000,'0001000000,Idempotent
'0000100000,'0110111101,'0001000000,'0000000000,Regular Zero Divisor
'0000010000,'0110111101,'0001000000,'0000000000,Regular Zero Divisor
'0000000001,'0110111101,'0001000000,'0000000000,Regular Zero Divisor
'1000000000,'0110111101,'0000100000,'0000000000,Regular Zero Divisor
'0000100000,'0110111101,'0000100000,'0000000000,Nilpotent
'0000010000,'0110111101,'0000100000,'0000000000,Regular Zero Divisor
'0000000001,'0110111101,'0000100000,'0000000000,Regular Zero Divisor
'0100000000,'0110111101,'0000010000,'0000000000,Regular Zero Divisor
'0000010000,'0110111101,'0000010000,'0000010000,Idempotent
'0000001000,'0110111101,'0000010000,'0000000000,Regular Zero Divisor
'0100000000,'0110111101,'0000001000,'0000000000,Regular Zero Divisor
'0000001000,'0110111101,'0000001000,'0000000000,Nilpotent
'0100000000,'0110111101,'0000000100,'0000000000,Regular Zero Divisor
'0000001000,'0110111101,'0000000100,'0000000000,Regular Zero Divisor
'0000000100,'0110111101,'0000000100,'0000000100,Idempotent
'0100000000,'0110111101,'0000000010,'0000000000,Regular Zero Divisor
'0000001000,'0110111101,'0000000010,'0000000000,Regular Zero Divisor
'0000000010,'0110111101,'0000000010,'0000000010,Idempotent
'0100000000,'0110111101,'0000000001,'0000000000,Regular Zero Divisor
'0000001000,'0110111101,'0000000001,'0000000000,Regular Zero Divisor
'0000000001,'0110111101,'0000000001,'0000000001,Idempotent
'1000000000,'1110111101,'1000000000,'1000000000,Idempotent
'0000100000,'1110111101,'1000000000,'0000000000,Regular Zero Divisor
'0000000001,'1110111101,'1000000000,'0000000000,Regular Zero Divisor
'0100000000,'1110111101,'0100000000,'0100000000,Idempotent
'0000100000,'1110111101,'0100000000,'0000000000,Regular Zero Divisor
'0000000001,'1110111101,'0100000000,'0000000000,Regular Zero Divisor
'0010000000,'1110111101,'0010000000,'0010000000,Idempotent
'0000100000,'1110111101,'0010000000,'0000000000,Regular Zero Divisor
'0000000001,'1110111101,'0010000000,'0000000000,Regular Zero Divisor
'0001000000,'1110111101,'0001000000,'0001000000,Idempotent
'0000100000,'1110111101,'0001000000,'0000000000,Regular Zero Divisor
'0000000001,'1110111101,'0001000000,'0000000000,Regular Zero Divisor
'0000100000,'1110111101,'0000100000,'0000000000,Nilpotent
'0000000001,'1110111101,'0000100000,'0000000000,Regular Zero Divisor
'0100000000,'1110111101,'0000010000,'0000000000,Regular Zero Divisor
'0000010000,'1110111101,'0000010000,'0000010000,Idempotent
'0000001000,'1110111101,'0000010000,'0000000000,Regular Zero Divisor
'0100000000,'1110111101,'0000001000,'0000000000,Regular Zero Divisor
'0000001000,'1110111101,'0000001000,'0000000000,Nilpotent
'0100000000,'1110111101,'0000000100,'0000000000,Regular Zero Divisor
'0000001000,'1110111101,'0000000100,'0000000000,Regular Zero Divisor
'0000000100,'1110111101,'0000000100,'0000000100,Idempotent
'0100000000,'1110111101,'0000000010,'0000000000,Regular Zero Divisor
'0000001000,'1110111101,'0000000010,'0000000000,Regular Zero Divisor
'0000000010,'1110111101,'0000000010,'0000000010,Idempotent
'0100000000,'1110111101,'0000000001,'0000000000,Regular Zero Divisor
'0000001000,'1110111101,'0000000001,'0000000000,Regular Zero Divisor
'0000000001,'1110111101,'0000000001,'0000000001,Idempotent
'1000000000,'1001111101,'1000000000,'1000000000,Idempotent
'0100000000,'1001111101,'1000000000,'0000000000,Regular Zero Divisor
'0000100000,'1001111101,'1000000000,'0000000000,Regular Zero Divisor
'0000001000,'1001111101,'1000000000,'0000000000,Regular Zero Divisor
'0000000001,'1001111101,'1000000000,'0000000000,Regular Zero Divisor
'0100000000,'1001111101,'0100000000,'0000000000,Nilpotent
'0000100000,'1001111101,'0100000000,'0000000000,Regular Zero Divisor
'0000001000,'1001111101,'0100000000,'0000000000,Regular Zero Divisor
'0000000001,'1001111101,'0100000000,'0000000000,Regular Zero Divisor
'0100000000,'1001111101,'0010000000,'0000000000,Regular Zero Divisor
'0010000000,'1001111101,'0010000000,'0010000000,Idempotent
'0000100000,'1001111101,'0010000000,'0000000000,Regular Zero Divisor
'0000001000,'1001111101,'0010000000,'0000000000,Regular Zero Divisor
'0000000001,'1001111101,'0010000000,'0000000000,Regular Zero Divisor
'0100000000,'1001111101,'0001000000,'0000000000,Regular Zero Divisor
'0001000000,'1001111101,'0001000000,'0001000000,Idempotent
'0000100000,'1001111101,'0001000000,'0000000000,Regular Zero Divisor
'0000001000,'1001111101,'0001000000,'0000000000,Regular Zero Divisor
'0000000001,'1001111101,'0001000000,'0000000000,Regular Zero Divisor
'0100000000,'1001111101,'0000100000,'0000000000,Regular Zero Divisor
'0000100000,'1001111101,'0000100000,'0000000000,Nilpotent
'0000001000,'1001111101,'0000100000,'0000000000,Regular Zero Divisor
'0000000001,'1001111101,'0000100000,'0000000000,Regular Zero Divisor
'1000000000,'1001111101,'0000010000,'0000000000,Regular Zero Divisor
'0000010000,'1001111101,'0000010000,'0000000000,Nilpotent
'1000000000,'1001111101,'0000001000,'0000000000,Regular Zero Divisor
'0000010000,'1001111101,'0000001000,'0000000000,Regular Zero Divisor
'0000001000,'1001111101,'0000001000,'0000001000,Idempotent
'1000000000,'1001111101,'0000000100,'0000000000,Regular Zero Divisor
'0000010000,'1001111101,'0000000100,'0000000000,Regular Zero Divisor
'0000000100,'1001111101,'0000000100,'0000000100,Idempotent
'1000000000,'1001111101,'0000000010,'0000000000,Regular Zero Divisor
'0000010000,'1001111101,'0000000010,'0000000000,Regular Zero Divisor
'0000000010,'1001111101,'0000000010,'0000000010,Idempotent
'1000000000,'1001111101,'0000000001,'0000000000,Regular Zero Divisor
'0000010000,'1001111101,'0000000001,'0000000000,Regular Zero Divisor
'0000000001,'1001111101,'0000000001,'0000000001,Idempotent
'1000000000,'0101111101,'1000000000,'0000000000,Nilpotent
'0100000000,'0101111101,'1000000000,'0000000000,Regular Zero Divisor
'0000100000,'0101111101,'1000000000,'0000000000,Regular Zero Divisor
'0000010000,'0101111101,'1000000000,'0000000000,Regular Zero Divisor
'0000001000,'0101111101,'1000000000,'0000000000,Regular Zero Divisor
'0000000001,'0101111101,'1000000000,'0000000000,Regular Zero Divisor
'1000000000,'0101111101,'0100000000,'0000000000,Regular Zero Divisor
'0100000000,'0101111101,'0100000000,'0000000000,Nilpotent
'0000100000,'0101111101,'0100000000,'0000000000,Regular Zero Divisor
'0000010000,'0101111101,'0100000000,'0000000000,Regular Zero Divisor
'0000001000,'0101111101,'0100000000,'0000000000,Regular Zero Divisor
'0000000001,'0101111101,'0100000000,'0000000000,Regular Zero Divisor
'1000000000,'0101111101,'0010000000,'0000000000,Regular Zero Divisor
'0100000000,'0101111101,'0010000000,'0000000000,Regular Zero Divisor
'0010000000,'0101111101,'0010000000,'0010000000,Idempotent
'0000100000,'0101111101,'0010000000,'0000000000,Regular Zero Divisor
'0000010000,'0101111101,'0010000000,'0000000000,Regular Zero Divisor
'0000001000,'0101111101,'0010000000,'0000000000,Regular Zero Divisor
'0000000001,'0101111101,'0010000000,'0000000000,Regular Zero Divisor
'1000000000,'0101111101,'0001000000,'0000000000,Regular Zero Divisor
'0100000000,'0101111101,'0001000000,'0000000000,Regular Zero Divisor
'0001000000,'0101111101,'0001000000,'0001000000,Idempotent
'0000100000,'0101111101,'0001000000,'0000000000,Regular Zero Divisor
'0000010000,'0101111101,'0001000000,'0000000000,Regular Zero Divisor
'0000001000,'0101111101,'0001000000,'0000000000,Regular Zero Divisor
'0000000001,'0101111101,'0001000000,'0000000000,Regular Zero Divisor
'1000000000,'0101111101,'0000100000,'0000000000,Regular Zero Divisor
'0100000000,'0101111101,'0000100000,'0000000000,Regular Zero Divisor
'0000100000,'0101111101,'0000100000,'0000000000,Nilpotent
'0000010000,'0101111101,'0000100000,'0000000000,Regular Zero Divisor
'0000001000,'0101111101,'0000100000,'0000000000,Regular Zero Divisor
'0000000001,'0101111101,'0000100000,'0000000000,Regular Zero Divisor
'0000010000,'0101111101,'0000010000,'0000010000,Idempotent
'0000001000,'0101111101,'0000001000,'0000001000,Idempotent
'0000000100,'0101111101,'0000000100,'0000000100,Idempotent
'0000000010,'0101111101,'0000000010,'0000000010,Idempotent
'0000000001,'0101111101,'0000000001,'0000000001,Idempotent
'1000000000,'1101111101,'1000000000,'1000000000,Idempotent
'0100000000,'1101111101,'1000000000,'0000000000,Regular Zero Divisor
'0000100000,'1101111101,'1000000000,'0000000000,Regular Zero Divisor
'0000001000,'1101111101,'1000000000,'0000000000,Regular Zero Divisor
'0000000001,'1101111101,'1000000000,'0000000000,Regular Zero Divisor
'0100000000,'1101111101,'0100000000,'0000000000,Nilpotent
'0000100000,'1101111101,'0100000000,'0000000000,Regular Zero Divisor
'0000001000,'1101111101,'0100000000,'0000000000,Regular Zero Divisor
'0000000001,'1101111101,'0100000000,'0000000000,Regular Zero Divisor
'0100000000,'1101111101,'0010000000,'0000000000,Regular Zero Divisor
'0010000000,'1101111101,'0010000000,'0010000000,Idempotent
'0000100000,'1101111101,'0010000000,'0000000000,Regular Zero Divisor
'0000001000,'1101111101,'0010000000,'0000000000,Regular Zero Divisor
'0000000001,'1101111101,'0010000000,'0000000000,Regular Zero Divisor
'0100000000,'1101111101,'0001000000,'0000000000,Regular Zero Divisor
'0001000000,'1101111101,'0001000000,'0001000000,Idempotent
'0000100000,'1101111101,'0001000000,'0000000000,Regular Zero Divisor
'0000001000,'1101111101,'0001000000,'0000000000,Regular Zero Divisor
'0000000001,'1101111101,'0001000000,'0000000000,Regular Zero Divisor
'0100000000,'1101111101,'0000100000,'0000000000,Regular Zero Divisor
'0000100000,'1101111101,'0000100000,'0000000000,Nilpotent
'0000001000,'1101111101,'0000100000,'0000000000,Regular Zero Divisor
'0000000001,'1101111101,'0000100000,'0000000000,Regular Zero Divisor
'0000010000,'1101111101,'0000010000,'0000010000,Idempotent
'0000001000,'1101111101,'0000001000,'0000001000,Idempotent
'0000000100,'1101111101,'0000000100,'0000000100,Idempotent
'0000000010,'1101111101,'0000000010,'0000000010,Idempotent
'0000000001,'1101111101,'0000000001,'0000000001,Idempotent
'1000000000,'1011111101,'1000000000,'1000000000,Idempotent
'0000100000,'1011111101,'1000000000,'0000000000,Regular Zero Divisor
'0000000001,'1011111101,'1000000000,'0000000000,Regular Zero Divisor
'0100000000,'1011111101,'0100000000,'0100000000,Idempotent
'0000100000,'1011111101,'0100000000,'0000000000,Regular Zero Divisor
'0000000001,'1011111101,'0100000000,'0000000000,Regular Zero Divisor
'0010000000,'1011111101,'0010000000,'0010000000,Idempotent
'0000100000,'1011111101,'0010000000,'0000000000,Regular Zero Divisor
'0000000001,'1011111101,'0010000000,'0000000000,Regular Zero Divisor
'0001000000,'1011111101,'0001000000,'0001000000,Idempotent
'0000100000,'1011111101,'0001000000,'0000000000,Regular Zero Divisor
'0000000001,'1011111101,'0001000000,'0000000000,Regular Zero Divisor
'0000100000,'1011111101,'0000100000,'0000000000,Nilpotent
'0000000001,'1011111101,'0000100000,'0000000000,Regular Zero Divisor
'1000000000,'1011111101,'0000010000,'0000000000,Regular Zero Divisor
'0000010000,'1011111101,'0000010000,'0000000000,Nilpotent
'1000000000,'1011111101,'0000001000,'0000000000,Regular Zero Divisor
'0000010000,'1011111101,'0000001000,'0000000000,Regular Zero Divisor
'0000001000,'1011111101,'0000001000,'0000001000,Idempotent
'1000000000,'1011111101,'0000000100,'0000000000,Regular Zero Divisor
'0000010000,'1011111101,'0000000100,'0000000000,Regular Zero Divisor
'0000000100,'1011111101,'0000000100,'0000000100,Idempotent
'1000000000,'1011111101,'0000000010,'0000000000,Regular Zero Divisor
'0000010000,'1011111101,'0000000010,'0000000000,Regular Zero Divisor
'0000000010,'1011111101,'0000000010,'0000000010,Idempotent
'1000000000,'1011111101,'0000000001,'0000000000,Regular Zero Divisor
'0000010000,'1011111101,'0000000001,'0000000000,Regular Zero Divisor
'0000000001,'1011111101,'0000000001,'0000000001,Idempotent
'1000000000,'0111111101,'1000000000,'0000000000,Nilpotent
'0000100000,'0111111101,'1000000000,'0000000000,Regular Zero Divisor
'0000010000,'0111111101,'1000000000,'0000000000,Regular Zero Divisor
'0000000001,'0111111101,'1000000000,'0000000000,Regular Zero Divisor
'1000000000,'0111111101,'0100000000,'0000000000,Regular Zero Divisor
'0100000000,'0111111101,'0100000000,'0100000000,Idempotent
'0000100000,'0111111101,'0100000000,'0000000000,Regular Zero Divisor
'0000010000,'0111111101,'0100000000,'0000000000,Regular Zero Divisor
'0000000001,'0111111101,'0100000000,'0000000000,Regular Zero Divisor
'1000000000,'0111111101,'0010000000,'0000000000,Regular Zero Divisor
'0010000000,'0111111101,'0010000000,'0010000000,Idempotent
'0000100000,'0111111101,'0010000000,'0000000000,Regular Zero Divisor
'0000010000,'0111111101,'0010000000,'0000000000,Regular Zero Divisor
'0000000001,'0111111101,'0010000000,'0000000000,Regular Zero Divisor
'1000000000,'0111111101,'0001000000,'0000000000,Regular Zero Divisor
'0001000000,'0111111101,'0001000000,'0001000000,Idempotent
'0000100000,'0111111101,'0001000000,'0000000000,Regular Zero Divisor
'0000010000,'0111111101,'0001000000,'0000000000,Regular Zero Divisor
'0000000001,'0111111101,'0001000000,'0000000000,Regular Zero Divisor
'1000000000,'0111111101,'0000100000,'0000000000,Regular Zero Divisor
'0000100000,'0111111101,'0000100000,'0000000000,Nilpotent
'0000010000,'0111111101,'0000100000,'0000000000,Regular Zero Divisor
'0000000001,'0111111101,'0000100000,'0000000000,Regular Zero Divisor
'0000010000,'0111111101,'0000010000,'0000010000,Idempotent
'0000001000,'0111111101,'0000001000,'0000001000,Idempotent
'0000000100,'0111111101,'0000000100,'0000000100,Idempotent
'0000000010,'0111111101,'0000000010,'0000000010,Idempotent
'0000000001,'0111111101,'0000000001,'0000000001,Idempotent
'1000000000,'1111111101,'1000000000,'1000000000,Idempotent
'0000100000,'1111111101,'1000000000,'0000000000,Regular Zero Divisor
'0000000001,'1111111101,'1000000000,'0000000000,Regular Zero Divisor
'0100000000,'1111111101,'0100000000,'0100000000,Idempotent
'0000100000,'1111111101,'0100000000,'0000000000,Regular Zero Divisor
'0000000001,'1111111101,'0100000000,'0000000000,Regular Zero Divisor
'0010000000,'1111111101,'0010000000,'0010000000,Idempotent
'0000100000,'1111111101,'0010000000,'0000000000,Regular Zero Divisor
'0000000001,'1111111101,'0010000000,'0000000000,Regular Zero Divisor
'0001000000,'1111111101,'0001000000,'0001000000,Idempotent
'0000100000,'1111111101,'0001000000,'0000000000,Regular Zero Divisor
'0000000001,'1111111101,'0001000000,'0000000000,Regular Zero Divisor
'0000100000,'1111111101,'0000100000,'0000000000,Nilpotent
'0000000001,'1111111101,'0000100000,'0000000000,Regular Zero Divisor
'0000010000,'1111111101,'0000010000,'0000010000,Idempotent
'0000001000,'1111111101,'0000001000,'0000001000,Idempotent
'0000000100,'1111111101,'0000000100,'0000000100,Idempotent
'0000000010,'1111111101,'0000000010,'0000000010,Idempotent
'0000000001,'1111111101,'0000000001,'0000000001,Idempotent
'1000000000,'1010101011,'1000000000,'1000000000,Idempotent
'0100000000,'1010101011,'0100000000,'0100000000,Idempotent
'0010000000,'1010101011,'0010000000,'0010000000,Idempotent
'0001000000,'1010101011,'0001000000,'0001000000,Idempotent
'0000100000,'1010101011,'0000100000,'0000100000,Idempotent
'1000000000,'1010101011,'0000010000,'0000000000,Regular Zero Divisor
'0100000000,'1010101011,'0000010000,'0000000000,Regular Zero Divisor
'0010000000,'1010101011,'0000010000,'0000000000,Regular Zero Divisor
'0001000000,'1010101011,'0000010000,'0000000000,Regular Zero Divisor
'0000010000,'1010101011,'0000010000,'0000000000,Nilpotent
'0000001000,'1010101011,'0000010000,'0000000000,Regular Zero Divisor
'0000000100,'1010101011,'0000010000,'0000000000,Regular Zero Divisor
'0000000010,'1010101011,'0000010000,'0000000000,Regular Zero Divisor
'1000000000,'1010101011,'0000001000,'0000000000,Regular Zero Divisor
'0100000000,'1010101011,'0000001000,'0000000000,Regular Zero Divisor
'0010000000,'1010101011,'0000001000,'0000000000,Regular Zero Divisor
'0001000000,'1010101011,'0000001000,'0000000000,Regular Zero Divisor
'0000010000,'1010101011,'0000001000,'0000000000,Regular Zero Divisor
'0000001000,'1010101011,'0000001000,'0000000000,Nilpotent
'0000000100,'1010101011,'0000001000,'0000000000,Regular Zero Divisor
'0000000010,'1010101011,'0000001000,'0000000000,Regular Zero Divisor
'1000000000,'1010101011,'0000000100,'0000000000,Regular Zero Divisor
'0100000000,'1010101011,'0000000100,'0000000000,Regular Zero Divisor
'0010000000,'1010101011,'0000000100,'0000000000,Regular Zero Divisor
'0001000000,'1010101011,'0000000100,'0000000000,Regular Zero Divisor
'0000010000,'1010101011,'0000000100,'0000000000,Regular Zero Divisor
'0000001000,'1010101011,'0000000100,'0000000000,Regular Zero Divisor
'0000000100,'1010101011,'0000000100,'0000000000,Nilpotent
'0000000010,'1010101011,'0000000100,'0000000000,Regular Zero Divisor
'1000000000,'1010101011,'0000000010,'0000000000,Regular Zero Divisor
'0100000000,'1010101011,'0000000010,'0000000000,Regular Zero Divisor
'0010000000,'1010101011,'0000000010,'0000000000,Regular Zero Divisor
'0001000000,'1010101011,'0000000010,'0000000000,Regular Zero Divisor
'0000010000,'1010101011,'0000000010,'0000000000,Regular Zero Divisor
'0000001000,'1010101011,'0000000010,'0000000000,Regular Zero Divisor
'0000000100,'1010101011,'0000000010,'0000000000,Regular Zero Divisor
'0000000010,'1010101011,'0000000010,'0000000000,Nilpotent
'1000000000,'1010101011,'0000000001,'0000000000,Regular Zero Divisor
'0100000000,'1010101011,'0000000001,'0000000000,Regular Zero Divisor
'0010000000,'1010101011,'0000000001,'0000000000,Regular Zero Divisor
'0001000000,'1010101011,'0000000001,'0000000000,Regular Zero Divisor
'0000010000,'1010101011,'0000000001,'0000000000,Regular Zero Divisor
'0000001000,'1010101011,'0000000001,'0000000000,Regular Zero Divisor
'0000000100,'1010101011,'0000000001,'0000000000,Regular Zero Divisor
'0000000010,'1010101011,'0000000001,'0000000000,Regular Zero Divisor
'0000000001,'1010101011,'0000000001,'0000000001,Idempotent
'1000000000,'0110101011,'1000000000,'0000000000,Nilpotent
'0000010000,'0110101011,'1000000000,'0000000000,Regular Zero Divisor
'1000000000,'0110101011,'0100000000,'0000000000,Regular Zero Divisor
'0100000000,'0110101011,'0100000000,'0100000000,Idempotent
'0000010000,'0110101011,'0100000000,'0000000000,Regular Zero Divisor
'1000000000,'0110101011,'0010000000,'0000000000,Regular Zero Divisor
'0010000000,'0110101011,'0010000000,'0010000000,Idempotent
'0000010000,'0110101011,'0010000000,'0000000000,Regular Zero Divisor
'1000000000,'0110101011,'0001000000,'0000000000,Regular Zero Divisor
'0001000000,'0110101011,'0001000000,'0001000000,Idempotent
'0000010000,'0110101011,'0001000000,'0000000000,Regular Zero Divisor
'1000000000,'0110101011,'0000100000,'0000000000,Regular Zero Divisor
'0000100000,'0110101011,'0000100000,'0000100000,Idempotent
'0000010000,'0110101011,'0000100000,'0000000000,Regular Zero Divisor
'0100000000,'0110101011,'0000010000,'0000000000,Regular Zero Divisor
'0010000000,'0110101011,'0000010000,'0000000000,Regular Zero Divisor
'0001000000,'0110101011,'0000010000,'0000000000,Regular Zero Divisor
'0000010000,'0110101011,'0000010000,'0000010000,Idempotent
'0000001000,'0110101011,'0000010000,'0000000000,Regular Zero Divisor
'0000000100,'0110101011,'0000010000,'0000000000,Regular Zero Divisor
'0000000010,'0110101011,'0000010000,'0000000000,Regular Zero Divisor
'0100000000,'0110101011,'0000001000,'0000000000,Regular Zero Divisor
'0010000000,'0110101011,'0000001000,'0000000000,Regular Zero Divisor
'0001000000,'0110101011,'0000001000,'0000000000,Regular Zero Divisor
'0000001000,'0110101011,'0000001000,'0000000000,Nilpotent
'0000000100,'0110101011,'0000001000,'0000000000,Regular Zero Divisor
'0000000010,'0110101011,'0000001000,'0000000000,Regular Zero Divisor
'0100000000,'0110101011,'0000000100,'0000000000,Regular Zero Divisor
'0010000000,'0110101011,'0000000100,'0000000000,Regular Zero Divisor
'0001000000,'0110101011,'0000000100,'0000000000,Regular Zero Divisor
'0000001000,'0110101011,'0000000100,'0000000000,Regular Zero Divisor
'0000000100,'0110101011,'0000000100,'0000000000,Nilpotent
'0000000010,'0110101011,'0000000100,'0000000000,Regular Zero Divisor
'0100000000,'0110101011,'0000000010,'0000000000,Regular Zero Divisor
'0010000000,'0110101011,'0000000010,'0000000000,Regular Zero Divisor
'0001000000,'0110101011,'0000000010,'0000000000,Regular Zero Divisor
'0000001000,'0110101011,'0000000010,'0000000000,Regular Zero Divisor
'0000000100,'0110101011,'0000000010,'0000000000,Regular Zero Divisor
'0000000010,'0110101011,'0000000010,'0000000000,Nilpotent
'0100000000,'0110101011,'0000000001,'0000000000,Regular Zero Divisor
'0010000000,'0110101011,'0000000001,'0000000000,Regular Zero Divisor
'0001000000,'0110101011,'0000000001,'0000000000,Regular Zero Divisor
'0000001000,'0110101011,'0000000001,'0000000000,Regular Zero Divisor
'0000000100,'0110101011,'0000000001,'0000000000,Regular Zero Divisor
'0000000010,'0110101011,'0000000001,'0000000000,Regular Zero Divisor
'0000000001,'0110101011,'0000000001,'0000000001,Idempotent
'1000000000,'1110101011,'1000000000,'1000000000,Idempotent
'0100000000,'1110101011,'0100000000,'0100000000,Idempotent
'0010000000,'1110101011,'0010000000,'0010000000,Idempotent
'0001000000,'1110101011,'0001000000,'0001000000,Idempotent
'0000100000,'1110101011,'0000100000,'0000100000,Idempotent
'0100000000,'1110101011,'0000010000,'0000000000,Regular Zero Divisor
'0010000000,'1110101011,'0000010000,'0000000000,Regular Zero Divisor
'0001000000,'1110101011,'0000010000,'0000000000,Regular Zero Divisor
'0000010000,'1110101011,'0000010000,'0000010000,Idempotent
'0000001000,'1110101011,'0000010000,'0000000000,Regular Zero Divisor
'0000000100,'1110101011,'0000010000,'0000000000,Regular Zero Divisor
'0000000010,'1110101011,'0000010000,'0000000000,Regular Zero Divisor
'0100000000,'1110101011,'0000001000,'0000000000,Regular Zero Divisor
'0010000000,'1110101011,'0000001000,'0000000000,Regular Zero Divisor
'0001000000,'1110101011,'0000001000,'0000000000,Regular Zero Divisor
'0000001000,'1110101011,'0000001000,'0000000000,Nilpotent
'0000000100,'1110101011,'0000001000,'0000000000,Regular Zero Divisor
'0000000010,'1110101011,'0000001000,'0000000000,Regular Zero Divisor
'0100000000,'1110101011,'0000000100,'0000000000,Regular Zero Divisor
'0010000000,'1110101011,'0000000100,'0000000000,Regular Zero Divisor
'0001000000,'1110101011,'0000000100,'0000000000,Regular Zero Divisor
'0000001000,'1110101011,'0000000100,'0000000000,Regular Zero Divisor
'0000000100,'1110101011,'0000000100,'0000000000,Nilpotent
'0000000010,'1110101011,'0000000100,'0000000000,Regular Zero Divisor
'0100000000,'1110101011,'0000000010,'0000000000,Regular Zero Divisor
'0010000000,'1110101011,'0000000010,'0000000000,Regular Zero Divisor
'0001000000,'1110101011,'0000000010,'0000000000,Regular Zero Divisor
'0000001000,'1110101011,'0000000010,'0000000000,Regular Zero Divisor
'0000000100,'1110101011,'0000000010,'0000000000,Regular Zero Divisor
'0000000010,'1110101011,'0000000010,'0000000000,Nilpotent
'0100000000,'1110101011,'0000000001,'0000000000,Regular Zero Divisor
'0010000000,'1110101011,'0000000001,'0000000000,Regular Zero Divisor
'0001000000,'1110101011,'0000000001,'0000000000,Regular Zero Divisor
'0000001000,'1110101011,'0000000001,'0000000000,Regular Zero Divisor
'0000000100,'1110101011,'0000000001,'0000000000,Regular Zero Divisor
'0000000010,'1110101011,'0000000001,'0000000000,Regular Zero Divisor
'0000000001,'1110101011,'0000000001,'0000000001,Idempotent
'1000000000,'1001101011,'1000000000,'1000000000,Idempotent
'0100000000,'1001101011,'1000000000,'0000000000,Regular Zero Divisor
'0000001000,'1001101011,'1000000000,'0000000000,Regular Zero Divisor
'0100000000,'1001101011,'0100000000,'0000000000,Nilpotent
'0000001000,'1001101011,'0100000000,'0000000000,Regular Zero Divisor
'0100000000,'1001101011,'0010000000,'0000000000,Regular Zero Divisor
'0010000000,'1001101011,'0010000000,'0010000000,Idempotent
'0000001000,'1001101011,'0010000000,'0000000000,Regular Zero Divisor
'0100000000,'1001101011,'0001000000,'0000000000,Regular Zero Divisor
'0001000000,'1001101011,'0001000000,'0001000000,Idempotent
'0000001000,'1001101011,'0001000000,'0000000000,Regular Zero Divisor
'0100000000,'1001101011,'0000100000,'0000000000,Regular Zero Divisor
'0000100000,'1001101011,'0000100000,'0000100000,Idempotent
'0000001000,'1001101011,'0000100000,'0000000000,Regular Zero Divisor
'1000000000,'1001101011,'0000010000,'0000000000,Regular Zero Divisor
'0010000000,'1001101011,'0000010000,'0000000000,Regular Zero Divisor
'0001000000,'1001101011,'0000010000,'0000000000,Regular Zero Divisor
'0000010000,'1001101011,'0000010000,'0000000000,Nilpotent
'0000000100,'1001101011,'0000010000,'0000000000,Regular Zero Divisor
'0000000010,'1001101011,'0000010000,'0000000000,Regular Zero Divisor
'1000000000,'1001101011,'0000001000,'0000000000,Regular Zero Divisor
'0010000000,'1001101011,'0000001000,'0000000000,Regular Zero Divisor
'0001000000,'1001101011,'0000001000,'0000000000,Regular Zero Divisor
'0000010000,'1001101011,'0000001000,'0000000000,Regular Zero Divisor
'0000001000,'1001101011,'0000001000,'0000001000,Idempotent
'0000000100,'1001101011,'0000001000,'0000000000,Regular Zero Divisor
'0000000010,'1001101011,'0000001000,'0000000000,Regular Zero Divisor
'1000000000,'1001101011,'0000000100,'0000000000,Regular Zero Divisor
'0010000000,'1001101011,'0000000100,'0000000000,Regular Zero Divisor
'0001000000,'1001101011,'0000000100,'0000000000,Regular Zero Divisor
'0000010000,'1001101011,'0000000100,'0000000000,Regular Zero Divisor
'0000000100,'1001101011,'0000000100,'0000000000,Nilpotent
'0000000010,'1001101011,'0000000100,'0000000000,Regular Zero Divisor
'1000000000,'1001101011,'0000000010,'0000000000,Regular Zero Divisor
'0010000000,'1001101011,'0000000010,'0000000000,Regular Zero Divisor
'0001000000,'1001101011,'0000000010,'0000000000,Regular Zero Divisor
'0000010000,'1001101011,'0000000010,'0000000000,Regular Zero Divisor
'0000000100,'1001101011,'0000000010,'0000000000,Regular Zero Divisor
'0000000010,'1001101011,'0000000010,'0000000000,Nilpotent
'1000000000,'1001101011,'0000000001,'0000000000,Regular Zero Divisor
'0010000000,'1001101011,'0000000001,'0000000000,Regular Zero Divisor
'0001000000,'1001101011,'0000000001,'0000000000,Regular Zero Divisor
'0000010000,'1001101011,'0000000001,'0000000000,Regular Zero Divisor
'0000000100,'1001101011,'0000000001,'0000000000,Regular Zero Divisor
'0000000010,'1001101011,'0000000001,'0000000000,Regular Zero Divisor
'0000000001,'1001101011,'0000000001,'0000000001,Idempotent
'1000000000,'0101101011,'1000000000,'0000000000,Nilpotent
'0100000000,'0101101011,'1000000000,'0000000000,Regular Zero Divisor
'0000010000,'0101101011,'1000000000,'0000000000,Regular Zero Divisor
'0000001000,'0101101011,'1000000000,'0000000000,Regular Zero Divisor
'1000000000,'0101101011,'0100000000,'0000000000,Regular Zero Divisor
'0100000000,'0101101011,'0100000000,'0000000000,Nilpotent
'0000010000,'0101101011,'0100000000,'0000000000,Regular Zero Divisor
'0000001000,'0101101011,'0100000000,'0000000000,Regular Zero Divisor
'1000000000,'0101101011,'0010000000,'0000000000,Regular Zero Divisor
'0100000000,'0101101011,'0010000000,'0000000000,Regular Zero Divisor
'0010000000,'0101101011,'0010000000,'0010000000,Idempotent
'0000010000,'0101101011,'0010000000,'0000000000,Regular Zero Divisor
'0000001000,'0101101011,'0010000000,'0000000000,Regular Zero Divisor
'1000000000,'0101101011,'0001000000,'0000000000,Regular Zero Divisor
'0100000000,'0101101011,'0001000000,'0000000000,Regular Zero Divisor
'0001000000,'0101101011,'0001000000,'0001000000,Idempotent
'0000010000,'0101101011,'0001000000,'0000000000,Regular Zero Divisor
'0000001000,'0101101011,'0001000000,'0000000000,Regular Zero Divisor
'1000000000,'0101101011,'0000100000,'0000000000,Regular Zero Divisor
'0100000000,'0101101011,'0000100000,'0000000000,Regular Zero Divisor
'0000100000,'0101101011,'0000100000,'0000100000,Idempotent
'0000010000,'0101101011,'0000100000,'0000000000,Regular Zero Divisor
'0000001000,'0101101011,'0000100000,'0000000000,Regular Zero Divisor
'0010000000,'0101101011,'0000010000,'0000000000,Regular Zero Divisor
'0001000000,'0101101011,'0000010000,'0000000000,Regular Zero Divisor
'0000010000,'0101101011,'0000010000,'0000010000,Idempotent
'0000000100,'0101101011,'0000010000,'0000000000,Regular Zero Divisor
'0000000010,'0101101011,'0000010000,'0000000000,Regular Zero Divisor
'0010000000,'0101101011,'0000001000,'0000000000,Regular Zero Divisor
'0001000000,'0101101011,'0000001000,'0000000000,Regular Zero Divisor
'0000001000,'0101101011,'0000001000,'0000001000,Idempotent
'0000000100,'0101101011,'0000001000,'0000000000,Regular Zero Divisor
'0000000010,'0101101011,'0000001000,'0000000000,Regular Zero Divisor
'0010000000,'0101101011,'0000000100,'0000000000,Regular Zero Divisor
'0001000000,'0101101011,'0000000100,'0000000000,Regular Zero Divisor
'0000000100,'0101101011,'0000000100,'0000000000,Nilpotent
'0000000010,'0101101011,'0000000100,'0000000000,Regular Zero Divisor
'0010000000,'0101101011,'0000000010,'0000000000,Regular Zero Divisor
'0001000000,'0101101011,'0000000010,'0000000000,Regular Zero Divisor
'0000000100,'0101101011,'0000000010,'0000000000,Regular Zero Divisor
'0000000010,'0101101011,'0000000010,'0000000000,Nilpotent
'0010000000,'0101101011,'0000000001,'0000000000,Regular Zero Divisor
'0001000000,'0101101011,'0000000001,'0000000000,Regular Zero Divisor
'0000000100,'0101101011,'0000000001,'0000000000,Regular Zero Divisor
'0000000010,'0101101011,'0000000001,'0000000000,Regular Zero Divisor
'0000000001,'0101101011,'0000000001,'0000000001,Idempotent
'1000000000,'1101101011,'1000000000,'1000000000,Idempotent
'0100000000,'1101101011,'1000000000,'0000000000,Regular Zero Divisor
'0000001000,'1101101011,'1000000000,'0000000000,Regular Zero Divisor
'0100000000,'1101101011,'0100000000,'0000000000,Nilpotent
'0000001000,'1101101011,'0100000000,'0000000000,Regular Zero Divisor
'0100000000,'1101101011,'0010000000,'0000000000,Regular Zero Divisor
'0010000000,'1101101011,'0010000000,'0010000000,Idempotent
'0000001000,'1101101011,'0010000000,'0000000000,Regular Zero Divisor
'0100000000,'1101101011,'0001000000,'0000000000,Regular Zero Divisor
'0001000000,'1101101011,'0001000000,'0001000000,Idempotent
'0000001000,'1101101011,'0001000000,'0000000000,Regular Zero Divisor
'0100000000,'1101101011,'0000100000,'0000000000,Regular Zero Divisor
'0000100000,'1101101011,'0000100000,'0000100000,Idempotent
'0000001000,'1101101011,'0000100000,'0000000000,Regular Zero Divisor
'0010000000,'1101101011,'0000010000,'0000000000,Regular Zero Divisor
'0001000000,'1101101011,'0000010000,'0000000000,Regular Zero Divisor
'0000010000,'1101101011,'0000010000,'0000010000,Idempotent
'0000000100,'1101101011,'0000010000,'0000000000,Regular Zero Divisor
'0000000010,'1101101011,'0000010000,'0000000000,Regular Zero Divisor
'0010000000,'1101101011,'0000001000,'0000000000,Regular Zero Divisor
'0001000000,'1101101011,'0000001000,'0000000000,Regular Zero Divisor
'0000001000,'1101101011,'0000001000,'0000001000,Idempotent
'0000000100,'1101101011,'0000001000,'0000000000,Regular Zero Divisor
'0000000010,'1101101011,'0000001000,'0000000000,Regular Zero Divisor
'0010000000,'1101101011,'0000000100,'0000000000,Regular Zero Divisor
'0001000000,'1101101011,'0000000100,'0000000000,Regular Zero Divisor
'0000000100,'1101101011,'0000000100,'0000000000,Nilpotent
'0000000010,'1101101011,'0000000100,'0000000000,Regular Zero Divisor
'0010000000,'1101101011,'0000000010,'0000000000,Regular Zero Divisor
'0001000000,'1101101011,'0000000010,'0000000000,Regular Zero Divisor
'0000000100,'1101101011,'0000000010,'0000000000,Regular Zero Divisor
'0000000010,'1101101011,'0000000010,'0000000000,Nilpotent
'0010000000,'1101101011,'0000000001,'0000000000,Regular Zero Divisor
'0001000000,'1101101011,'0000000001,'0000000000,Regular Zero Divisor
'0000000100,'1101101011,'0000000001,'0000000000,Regular Zero Divisor
'0000000010,'1101101011,'0000000001,'0000000000,Regular Zero Divisor
'0000000001,'1101101011,'0000000001,'0000000001,Idempotent
'1000000000,'1011101011,'1000000000,'1000000000,Idempotent
'0100000000,'1011101011,'0100000000,'0100000000,Idempotent
'0010000000,'1011101011,'0010000000,'0010000000,Idempotent
'0001000000,'1011101011,'0001000000,'0001000000,Idempotent
'0000100000,'1011101011,'0000100000,'0000100000,Idempotent
'1000000000,'1011101011,'0000010000,'0000000000,Regular Zero Divisor
'0010000000,'1011101011,'0000010000,'0000000000,Regular Zero Divisor
'0001000000,'1011101011,'0000010000,'0000000000,Regular Zero Divisor
'0000010000,'1011101011,'0000010000,'0000000000,Nilpotent
'0000000100,'1011101011,'0000010000,'0000000000,Regular Zero Divisor
'0000000010,'1011101011,'0000010000,'0000000000,Regular Zero Divisor
'1000000000,'1011101011,'0000001000,'0000000000,Regular Zero Divisor
'0010000000,'1011101011,'0000001000,'0000000000,Regular Zero Divisor
'0001000000,'1011101011,'0000001000,'0000000000,Regular Zero Divisor
'0000010000,'1011101011,'0000001000,'0000000000,Regular Zero Divisor
'0000001000,'1011101011,'0000001000,'0000001000,Idempotent
'0000000100,'1011101011,'0000001000,'0000000000,Regular Zero Divisor
'0000000010,'1011101011,'0000001000,'0000000000,Regular Zero Divisor
'1000000000,'1011101011,'0000000100,'0000000000,Regular Zero Divisor
'0010000000,'1011101011,'0000000100,'0000000000,Regular Zero Divisor
'0001000000,'1011101011,'0000000100,'0000000000,Regular Zero Divisor
'0000010000,'1011101011,'0000000100,'0000000000,Regular Zero Divisor
'0000000100,'1011101011,'0000000100,'0000000000,Nilpotent
'0000000010,'1011101011,'0000000100,'0000000000,Regular Zero Divisor
'1000000000,'1011101011,'0000000010,'0000000000,Regular Zero Divisor
'0010000000,'1011101011,'0000000010,'0000000000,Regular Zero Divisor
'0001000000,'1011101011,'0000000010,'0000000000,Regular Zero Divisor
'0000010000,'1011101011,'0000000010,'0000000000,Regular Zero Divisor
'0000000100,'1011101011,'0000000010,'0000000000,Regular Zero Divisor
'0000000010,'1011101011,'0000000010,'0000000000,Nilpotent
'1000000000,'1011101011,'0000000001,'0000000000,Regular Zero Divisor
'0010000000,'1011101011,'0000000001,'0000000000,Regular Zero Divisor
'0001000000,'1011101011,'0000000001,'0000000000,Regular Zero Divisor
'0000010000,'1011101011,'0000000001,'0000000000,Regular Zero Divisor
'0000000100,'1011101011,'0000000001,'0000000000,Regular Zero Divisor
'0000000010,'1011101011,'0000000001,'0000000000,Regular Zero Divisor
'0000000001,'1011101011,'0000000001,'0000000001,Idempotent
'1000000000,'0111101011,'1000000000,'0000000000,Nilpotent
'0000010000,'0111101011,'1000000000,'0000000000,Regular Zero Divisor
'1000000000,'0111101011,'0100000000,'0000000000,Regular Zero Divisor
'0100000000,'0111101011,'0100000000,'0100000000,Idempotent
'0000010000,'0111101011,'0100000000,'0000000000,Regular Zero Divisor
'1000000000,'0111101011,'0010000000,'0000000000,Regular Zero Divisor
'0010000000,'0111101011,'0010000000,'0010000000,Idempotent
'0000010000,'0111101011,'0010000000,'0000000000,Regular Zero Divisor
'1000000000,'0111101011,'0001000000,'0000000000,Regular Zero Divisor
'0001000000,'0111101011,'0001000000,'0001000000,Idempotent
'0000010000,'0111101011,'0001000000,'0000000000,Regular Zero Divisor
'1000000000,'0111101011,'0000100000,'0000000000,Regular Zero Divisor
'0000100000,'0111101011,'0000100000,'0000100000,Idempotent
'0000010000,'0111101011,'0000100000,'0000000000,Regular Zero Divisor
'0010000000,'0111101011,'0000010000,'0000000000,Regular Zero Divisor
'0001000000,'0111101011,'0000010000,'0000000000,Regular Zero Divisor
'0000010000,'0111101011,'0000010000,'0000010000,Idempotent
'0000000100,'0111101011,'0000010000,'0000000000,Regular Zero Divisor
'0000000010,'0111101011,'0000010000,'0000000000,Regular Zero Divisor
'0010000000,'0111101011,'0000001000,'0000000000,Regular Zero Divisor
'0001000000,'0111101011,'0000001000,'0000000000,Regular Zero Divisor
'0000001000,'0111101011,'0000001000,'0000001000,Idempotent
'0000000100,'0111101011,'0000001000,'0000000000,Regular Zero Divisor
'0000000010,'0111101011,'0000001000,'0000000000,Regular Zero Divisor
'0010000000,'0111101011,'0000000100,'0000000000,Regular Zero Divisor
'0001000000,'0111101011,'0000000100,'0000000000,Regular Zero Divisor
'0000000100,'0111101011,'0000000100,'0000000000,Nilpotent
'0000000010,'0111101011,'0000000100,'0000000000,Regular Zero Divisor
'0010000000,'0111101011,'0000000010,'0000000000,Regular Zero Divisor
'0001000000,'0111101011,'0000000010,'0000000000,Regular Zero Divisor
'0000000100,'0111101011,'0000000010,'0000000000,Regular Zero Divisor
'0000000010,'0111101011,'0000000010,'0000000000,Nilpotent
'0010000000,'0111101011,'0000000001,'0000000000,Regular Zero Divisor
'0001000000,'0111101011,'0000000001,'0000000000,Regular Zero Divisor
'0000000100,'0111101011,'0000000001,'0000000000,Regular Zero Divisor
'0000000010,'0111101011,'0000000001,'0000000000,Regular Zero Divisor
'0000000001,'0111101011,'0000000001,'0000000001,Idempotent
'1000000000,'1111101011,'1000000000,'1000000000,Idempotent
'0100000000,'1111101011,'0100000000,'0100000000,Idempotent
'0010000000,'1111101011,'0010000000,'0010000000,Idempotent
'0001000000,'1111101011,'0001000000,'0001000000,Idempotent
'0000100000,'1111101011,'0000100000,'0000100000,Idempotent
'0010000000,'1111101011,'0000010000,'0000000000,Regular Zero Divisor
'0001000000,'1111101011,'0000010000,'0000000000,Regular Zero Divisor
'0000010000,'1111101011,'0000010000,'0000010000,Idempotent
'0000000100,'1111101011,'0000010000,'0000000000,Regular Zero Divisor
'0000000010,'1111101011,'0000010000,'0000000000,Regular Zero Divisor
'0010000000,'1111101011,'0000001000,'0000000000,Regular Zero Divisor
'0001000000,'1111101011,'0000001000,'0000000000,Regular Zero Divisor
'0000001000,'1111101011,'0000001000,'0000001000,Idempotent
'0000000100,'1111101011,'0000001000,'0000000000,Regular Zero Divisor
'0000000010,'1111101011,'0000001000,'0000000000,Regular Zero Divisor
'0010000000,'1111101011,'0000000100,'0000000000,Regular Zero Divisor
'0001000000,'1111101011,'0000000100,'0000000000,Regular Zero Divisor
'0000000100,'1111101011,'0000000100,'0000000000,Nilpotent
'0000000010,'1111101011,'0000000100,'0000000000,Regular Zero Divisor
'0010000000,'1111101011,'0000000010,'0000000000,Regular Zero Divisor
'0001000000,'1111101011,'0000000010,'0000000000,Regular Zero Divisor
'0000000100,'1111101011,'0000000010,'0000000000,Regular Zero Divisor
'0000000010,'1111101011,'0000000010,'0000000000,Nilpotent
'0010000000,'1111101011,'0000000001,'0000000000,Regular Zero Divisor
'0001000000,'1111101011,'0000000001,'0000000000,Regular Zero Divisor
'0000000100,'1111101011,'0000000001,'0000000000,Regular Zero Divisor
'0000000010,'1111101011,'0000000001,'0000000000,Regular Zero Divisor
'0000000001,'1111101011,'0000000001,'0000000001,Idempotent
'1000000000,'1010011011,'1000000000,'1000000000,Idempotent
'0010000000,'1010011011,'1000000000,'0000000000,Regular Zero Divisor
'0000000100,'1010011011,'1000000000,'0000000000,Regular Zero Divisor
'0100000000,'1010011011,'0100000000,'0100000000,Idempotent
'0010000000,'1010011011,'0100000000,'0000000000,Regular Zero Divisor
'0000000100,'1010011011,'0100000000,'0000000000,Regular Zero Divisor
'0010000000,'1010011011,'0010000000,'0000000000,Nilpotent
'0000000100,'1010011011,'0010000000,'0000000000,Regular Zero Divisor
'0010000000,'1010011011,'0001000000,'0000000000,Regular Zero Divisor
'0001000000,'1010011011,'0001000000,'0001000000,Idempotent
'0000000100,'1010011011,'0001000000,'0000000000,Regular Zero Divisor
'0010000000,'1010011011,'0000100000,'0000000000,Regular Zero Divisor
'0000100000,'1010011011,'0000100000,'0000100000,Idempotent
'0000000100,'1010011011,'0000100000,'0000000000,Regular Zero Divisor
'1000000000,'1010011011,'0000010000,'0000000000,Regular Zero Divisor
'0100000000,'1010011011,'0000010000,'0000000000,Regular Zero Divisor
'0001000000,'1010011011,'0000010000,'0000000000,Regular Zero Divisor
'0000010000,'1010011011,'0000010000,'0000000000,Nilpotent
'0000001000,'1010011011,'0000010000,'0000000000,Regular Zero Divisor
'0000000010,'1010011011,'0000010000,'0000000000,Regular Zero Divisor
'1000000000,'1010011011,'0000001000,'0000000000,Regular Zero Divisor
'0100000000,'1010011011,'0000001000,'0000000000,Regular Zero Divisor
'0001000000,'1010011011,'0000001000,'0000000000,Regular Zero Divisor
'0000010000,'1010011011,'0000001000,'0000000000,Regular Zero Divisor
'0000001000,'1010011011,'0000001000,'0000000000,Nilpotent
'0000000010,'1010011011,'0000001000,'0000000000,Regular Zero Divisor
'1000000000,'1010011011,'0000000100,'0000000000,Regular Zero Divisor
'0100000000,'1010011011,'0000000100,'0000000000,Regular Zero Divisor
'0001000000,'1010011011,'0000000100,'0000000000,Regular Zero Divisor
'0000010000,'1010011011,'0000000100,'0000000000,Regular Zero Divisor
'0000001000,'1010011011,'0000000100,'0000000000,Regular Zero Divisor
'0000000100,'1010011011,'0000000100,'0000000100,Idempotent
'0000000010,'1010011011,'0000000100,'0000000000,Regular Zero Divisor
'1000000000,'1010011011,'0000000010,'0000000000,Regular Zero Divisor
'0100000000,'1010011011,'0000000010,'0000000000,Regular Zero Divisor
'0001000000,'1010011011,'0000000010,'0000000000,Regular Zero Divisor
'0000010000,'1010011011,'0000000010,'0000000000,Regular Zero Divisor
'0000001000,'1010011011,'0000000010,'0000000000,Regular Zero Divisor
'0000000010,'1010011011,'0000000010,'0000000000,Nilpotent
'1000000000,'1010011011,'0000000001,'0000000000,Regular Zero Divisor
'0100000000,'1010011011,'0000000001,'0000000000,Regular Zero Divisor
'0001000000,'1010011011,'0000000001,'0000000000,Regular Zero Divisor
'0000010000,'1010011011,'0000000001,'0000000000,Regular Zero Divisor
'0000001000,'1010011011,'0000000001,'0000000000,Regular Zero Divisor
'0000000010,'1010011011,'0000000001,'0000000000,Regular Zero Divisor
'0000000001,'1010011011,'0000000001,'0000000001,Idempotent
'1000000000,'0110011011,'1000000000,'0000000000,Nilpotent
'0010000000,'0110011011,'1000000000,'0000000000,Regular Zero Divisor
'0000010000,'0110011011,'1000000000,'0000000000,Regular Zero Divisor
'0000000100,'0110011011,'1000000000,'0000000000,Regular Zero Divisor
'1000000000,'0110011011,'0100000000,'0000000000,Regular Zero Divisor
'0100000000,'0110011011,'0100000000,'0100000000,Idempotent
'0010000000,'0110011011,'0100000000,'0000000000,Regular Zero Divisor
'0000010000,'0110011011,'0100000000,'0000000000,Regular Zero Divisor
'0000000100,'0110011011,'0100000000,'0000000000,Regular Zero Divisor
'1000000000,'0110011011,'0010000000,'0000000000,Regular Zero Divisor
'0010000000,'0110011011,'0010000000,'0000000000,Nilpotent
'0000010000,'0110011011,'0010000000,'0000000000,Regular Zero Divisor
'0000000100,'0110011011,'0010000000,'0000000000,Regular Zero Divisor
'1000000000,'0110011011,'0001000000,'0000000000,Regular Zero Divisor
'0010000000,'0110011011,'0001000000,'0000000000,Regular Zero Divisor
'0001000000,'0110011011,'0001000000,'0001000000,Idempotent
'0000010000,'0110011011,'0001000000,'0000000000,Regular Zero Divisor
'0000000100,'0110011011,'0001000000,'0000000000,Regular Zero Divisor
'1000000000,'0110011011,'0000100000,'0000000000,Regular Zero Divisor
'0010000000,'0110011011,'0000100000,'0000000000,Regular Zero Divisor
'0000100000,'0110011011,'0000100000,'0000100000,Idempotent
'0000010000,'0110011011,'0000100000,'0000000000,Regular Zero Divisor
'0000000100,'0110011011,'0000100000,'0000000000,Regular Zero Divisor
'0100000000,'0110011011,'0000010000,'0000000000,Regular Zero Divisor
'0001000000,'0110011011,'0000010000,'0000000000,Regular Zero Divisor
'0000010000,'0110011011,'0000010000,'0000010000,Idempotent
'0000001000,'0110011011,'0000010000,'0000000000,Regular Zero Divisor
'0000000010,'0110011011,'0000010000,'0000000000,Regular Zero Divisor
'0100000000,'0110011011,'0000001000,'0000000000,Regular Zero Divisor
'0001000000,'0110011011,'0000001000,'0000000000,Regular Zero Divisor
'0000001000,'0110011011,'0000001000,'0000000000,Nilpotent
'0000000010,'0110011011,'0000001000,'0000000000,Regular Zero Divisor
'0100000000,'0110011011,'0000000100,'0000000000,Regular Zero Divisor
'0001000000,'0110011011,'0000000100,'0000000000,Regular Zero Divisor
'0000001000,'0110011011,'0000000100,'0000000000,Regular Zero Divisor
'0000000100,'0110011011,'0000000100,'0000000100,Idempotent
'0000000010,'0110011011,'0000000100,'0000000000,Regular Zero Divisor
'0100000000,'0110011011,'0000000010,'0000000000,Regular Zero Divisor
'0001000000,'0110011011,'0000000010,'0000000000,Regular Zero Divisor
'0000001000,'0110011011,'0000000010,'0000000000,Regular Zero Divisor
'0000000010,'0110011011,'0000000010,'0000000000,Nilpotent
'0100000000,'0110011011,'0000000001,'0000000000,Regular Zero Divisor
'0001000000,'0110011011,'0000000001,'0000000000,Regular Zero Divisor
'0000001000,'0110011011,'0000000001,'0000000000,Regular Zero Divisor
'0000000010,'0110011011,'0000000001,'0000000000,Regular Zero Divisor
'0000000001,'0110011011,'0000000001,'0000000001,Idempotent
'1000000000,'1110011011,'1000000000,'1000000000,Idempotent
'0010000000,'1110011011,'1000000000,'0000000000,Regular Zero Divisor
'0000000100,'1110011011,'1000000000,'0000000000,Regular Zero Divisor
'0100000000,'1110011011,'0100000000,'0100000000,Idempotent
'0010000000,'1110011011,'0100000000,'0000000000,Regular Zero Divisor
'0000000100,'1110011011,'0100000000,'0000000000,Regular Zero Divisor
'0010000000,'1110011011,'0010000000,'0000000000,Nilpotent
'0000000100,'1110011011,'0010000000,'0000000000,Regular Zero Divisor
'0010000000,'1110011011,'0001000000,'0000000000,Regular Zero Divisor
'0001000000,'1110011011,'0001000000,'0001000000,Idempotent
'0000000100,'1110011011,'0001000000,'0000000000,Regular Zero Divisor
'0010000000,'1110011011,'0000100000,'0000000000,Regular Zero Divisor
'0000100000,'1110011011,'0000100000,'0000100000,Idempotent
'0000000100,'1110011011,'0000100000,'0000000000,Regular Zero Divisor
'0100000000,'1110011011,'0000010000,'0000000000,Regular Zero Divisor
'0001000000,'1110011011,'0000010000,'0000000000,Regular Zero Divisor
'0000010000,'1110011011,'0000010000,'0000010000,Idempotent
'0000001000,'1110011011,'0000010000,'0000000000,Regular Zero Divisor
'0000000010,'1110011011,'0000010000,'0000000000,Regular Zero Divisor
'0100000000,'1110011011,'0000001000,'0000000000,Regular Zero Divisor
'0001000000,'1110011011,'0000001000,'0000000000,Regular Zero Divisor
'0000001000,'1110011011,'0000001000,'0000000000,Nilpotent
'0000000010,'1110011011,'0000001000,'0000000000,Regular Zero Divisor
'0100000000,'1110011011,'0000000100,'0000000000,Regular Zero Divisor
'0001000000,'1110011011,'0000000100,'0000000000,Regular Zero Divisor
'0000001000,'1110011011,'0000000100,'0000000000,Regular Zero Divisor
'0000000100,'1110011011,'0000000100,'0000000100,Idempotent
'0000000010,'1110011011,'0000000100,'0000000000,Regular Zero Divisor
'0100000000,'1110011011,'0000000010,'0000000000,Regular Zero Divisor
'0001000000,'1110011011,'0000000010,'0000000000,Regular Zero Divisor
'0000001000,'1110011011,'0000000010,'0000000000,Regular Zero Divisor
'0000000010,'1110011011,'0000000010,'0000000000,Nilpotent
'0100000000,'1110011011,'0000000001,'0000000000,Regular Zero Divisor
'0001000000,'1110011011,'0000000001,'0000000000,Regular Zero Divisor
'0000001000,'1110011011,'0000000001,'0000000000,Regular Zero Divisor
'0000000010,'1110011011,'0000000001,'0000000000,Regular Zero Divisor
'0000000001,'1110011011,'0000000001,'0000000001,Idempotent
'1000000000,'1001011011,'1000000000,'1000000000,Idempotent
'0100000000,'1001011011,'1000000000,'0000000000,Regular Zero Divisor
'0010000000,'1001011011,'1000000000,'0000000000,Regular Zero Divisor
'0000001000,'1001011011,'1000000000,'0000000000,Regular Zero Divisor
'0000000100,'1001011011,'1000000000,'0000000000,Regular Zero Divisor
'0100000000,'1001011011,'0100000000,'0000000000,Nilpotent
'0010000000,'1001011011,'0100000000,'0000000000,Regular Zero Divisor
'0000001000,'1001011011,'0100000000,'0000000000,Regular Zero Divisor
'0000000100,'1001011011,'0100000000,'0000000000,Regular Zero Divisor
'0100000000,'1001011011,'0010000000,'0000000000,Regular Zero Divisor
'0010000000,'1001011011,'0010000000,'0000000000,Nilpotent
'0000001000,'1001011011,'0010000000,'0000000000,Regular Zero Divisor
'0000000100,'1001011011,'0010000000,'0000000000,Regular Zero Divisor
'0100000000,'1001011011,'0001000000,'0000000000,Regular Zero Divisor
'0010000000,'1001011011,'0001000000,'0000000000,Regular Zero Divisor
'0001000000,'1001011011,'0001000000,'0001000000,Idempotent
'0000001000,'1001011011,'0001000000,'0000000000,Regular Zero Divisor
'0000000100,'1001011011,'0001000000,'0000000000,Regular Zero Divisor
'0100000000,'1001011011,'0000100000,'0000000000,Regular Zero Divisor
'0010000000,'1001011011,'0000100000,'0000000000,Regular Zero Divisor
'0000100000,'1001011011,'0000100000,'0000100000,Idempotent
'0000001000,'1001011011,'0000100000,'0000000000,Regular Zero Divisor
'0000000100,'1001011011,'0000100000,'0000000000,Regular Zero Divisor
'1000000000,'1001011011,'0000010000,'0000000000,Regular Zero Divisor
'0001000000,'1001011011,'0000010000,'0000000000,Regular Zero Divisor
'0000010000,'1001011011,'0000010000,'0000000000,Nilpotent
'0000000010,'1001011011,'0000010000,'0000000000,Regular Zero Divisor
'1000000000,'1001011011,'0000001000,'0000000000,Regular Zero Divisor
'0001000000,'1001011011,'0000001000,'0000000000,Regular Zero Divisor
'0000010000,'1001011011,'0000001000,'0000000000,Regular Zero Divisor
'0000001000,'1001011011,'0000001000,'0000001000,Idempotent
'0000000010,'1001011011,'0000001000,'0000000000,Regular Zero Divisor
'1000000000,'1001011011,'0000000100,'0000000000,Regular Zero Divisor
'0001000000,'1001011011,'0000000100,'0000000000,Regular Zero Divisor
'0000010000,'1001011011,'0000000100,'0000000000,Regular Zero Divisor
'0000000100,'1001011011,'0000000100,'0000000100,Idempotent
'0000000010,'1001011011,'0000000100,'0000000000,Regular Zero Divisor
'1000000000,'1001011011,'0000000010,'0000000000,Regular Zero Divisor
'0001000000,'1001011011,'0000000010,'0000000000,Regular Zero Divisor
'0000010000,'1001011011,'0000000010,'0000000000,Regular Zero Divisor
'0000000010,'1001011011,'0000000010,'0000000000,Nilpotent
'1000000000,'1001011011,'0000000001,'0000000000,Regular Zero Divisor
'0001000000,'1001011011,'0000000001,'0000000000,Regular Zero Divisor
'0000010000,'1001011011,'0000000001,'0000000000,Regular Zero Divisor
'0000000010,'1001011011,'0000000001,'0000000000,Regular Zero Divisor
'0000000001,'1001011011,'0000000001,'0000000001,Idempotent
'1000000000,'0101011011,'1000000000,'0000000000,Nilpotent
'0100000000,'0101011011,'1000000000,'0000000000,Regular Zero Divisor
'0010000000,'0101011011,'1000000000,'0000000000,Regular Zero Divisor
'0000010000,'0101011011,'1000000000,'0000000000,Regular Zero Divisor
'0000001000,'0101011011,'1000000000,'0000000000,Regular Zero Divisor
'0000000100,'0101011011,'1000000000,'0000000000,Regular Zero Divisor
'1000000000,'0101011011,'0100000000,'0000000000,Regular Zero Divisor
'0100000000,'0101011011,'0100000000,'0000000000,Nilpotent
'0010000000,'0101011011,'0100000000,'0000000000,Regular Zero Divisor
'0000010000,'0101011011,'0100000000,'0000000000,Regular Zero Divisor
'0000001000,'0101011011,'0100000000,'0000000000,Regular Zero Divisor
'0000000100,'0101011011,'0100000000,'0000000000,Regular Zero Divisor
'1000000000,'0101011011,'0010000000,'0000000000,Regular Zero Divisor
'0100000000,'0101011011,'0010000000,'0000000000,Regular Zero Divisor
'0010000000,'0101011011,'0010000000,'0000000000,Nilpotent
'0000010000,'0101011011,'0010000000,'0000000000,Regular Zero Divisor
'0000001000,'0101011011,'0010000000,'0000000000,Regular Zero Divisor
'0000000100,'0101011011,'0010000000,'0000000000,Regular Zero Divisor
'1000000000,'0101011011,'0001000000,'0000000000,Regular Zero Divisor
'0100000000,'0101011011,'0001000000,'0000000000,Regular Zero Divisor
'0010000000,'0101011011,'0001000000,'0000000000,Regular Zero Divisor
'0001000000,'0101011011,'0001000000,'0001000000,Idempotent
'0000010000,'0101011011,'0001000000,'0000000000,Regular Zero Divisor
'0000001000,'0101011011,'0001000000,'0000000000,Regular Zero Divisor
'0000000100,'0101011011,'0001000000,'0000000000,Regular Zero Divisor
'1000000000,'0101011011,'0000100000,'0000000000,Regular Zero Divisor
'0100000000,'0101011011,'0000100000,'0000000000,Regular Zero Divisor
'0010000000,'0101011011,'0000100000,'0000000000,Regular Zero Divisor
'0000100000,'0101011011,'0000100000,'0000100000,Idempotent
'0000010000,'0101011011,'0000100000,'0000000000,Regular Zero Divisor
'0000001000,'0101011011,'0000100000,'0000000000,Regular Zero Divisor
'0000000100,'0101011011,'0000100000,'0000000000,Regular Zero Divisor
'0001000000,'0101011011,'0000010000,'0000000000,Regular Zero Divisor
'0000010000,'0101011011,'0000010000,'0000010000,Idempotent
'0000000010,'0101011011,'0000010000,'0000000000,Regular Zero Divisor
'0001000000,'0101011011,'0000001000,'0000000000,Regular Zero Divisor
'0000001000,'0101011011,'0000001000,'0000001000,Idempotent
'0000000010,'0101011011,'0000001000,'0000000000,Regular Zero Divisor
'0001000000,'0101011011,'0000000100,'0000000000,Regular Zero Divisor
'0000000100,'0101011011,'0000000100,'0000000100,Idempotent
'0000000010,'0101011011,'0000000100,'0000000000,Regular Zero Divisor
'0001000000,'0101011011,'0000000010,'0000000000,Regular Zero Divisor
'0000000010,'0101011011,'0000000010,'0000000000,Nilpotent
'0001000000,'0101011011,'0000000001,'0000000000,Regular Zero Divisor
'0000000010,'0101011011,'0000000001,'0000000000,Regular Zero Divisor
'0000000001,'0101011011,'0000000001,'0000000001,Idempotent
'1000000000,'1101011011,'1000000000,'1000000000,Idempotent
'0100000000,'1101011011,'1000000000,'0000000000,Regular Zero Divisor
'0010000000,'1101011011,'1000000000,'0000000000,Regular Zero Divisor
'0000001000,'1101011011,'1000000000,'0000000000,Regular Zero Divisor
'0000000100,'1101011011,'1000000000,'0000000000,Regular Zero Divisor
'0100000000,'1101011011,'0100000000,'0000000000,Nilpotent
'0010000000,'1101011011,'0100000000,'0000000000,Regular Zero Divisor
'0000001000,'1101011011,'0100000000,'0000000000,Regular Zero Divisor
'0000000100,'1101011011,'0100000000,'0000000000,Regular Zero Divisor
'0100000000,'1101011011,'0010000000,'0000000000,Regular Zero Divisor
'0010000000,'1101011011,'0010000000,'0000000000,Nilpotent
'0000001000,'1101011011,'0010000000,'0000000000,Regular Zero Divisor
'0000000100,'1101011011,'0010000000,'0000000000,Regular Zero Divisor
'0100000000,'1101011011,'0001000000,'0000000000,Regular Zero Divisor
'0010000000,'1101011011,'0001000000,'0000000000,Regular Zero Divisor
'0001000000,'1101011011,'0001000000,'0001000000,Idempotent
'0000001000,'1101011011,'0001000000,'0000000000,Regular Zero Divisor
'0000000100,'1101011011,'0001000000,'0000000000,Regular Zero Divisor
'0100000000,'1101011011,'0000100000,'0000000000,Regular Zero Divisor
'0010000000,'1101011011,'0000100000,'0000000000,Regular Zero Divisor
'0000100000,'1101011011,'0000100000,'0000100000,Idempotent
'0000001000,'1101011011,'0000100000,'0000000000,Regular Zero Divisor
'0000000100,'1101011011,'0000100000,'0000000000,Regular Zero Divisor
'0001000000,'1101011011,'0000010000,'0000000000,Regular Zero Divisor
'0000010000,'1101011011,'0000010000,'0000010000,Idempotent
'0000000010,'1101011011,'0000010000,'0000000000,Regular Zero Divisor
'0001000000,'1101011011,'0000001000,'0000000000,Regular Zero Divisor
'0000001000,'1101011011,'0000001000,'0000001000,Idempotent
'0000000010,'1101011011,'0000001000,'0000000000,Regular Zero Divisor
'0001000000,'1101011011,'0000000100,'0000000000,Regular Zero Divisor
'0000000100,'1101011011,'0000000100,'0000000100,Idempotent
'0000000010,'1101011011,'0000000100,'0000000000,Regular Zero Divisor
'0001000000,'1101011011,'0000000010,'0000000000,Regular Zero Divisor
'0000000010,'1101011011,'0000000010,'0000000000,Nilpotent
'0001000000,'1101011011,'0000000001,'0000000000,Regular Zero Divisor
'0000000010,'1101011011,'0000000001,'0000000000,Regular Zero Divisor
'0000000001,'1101011011,'0000000001,'0000000001,Idempotent
'1000000000,'1011011011,'1000000000,'1000000000,Idempotent
'0010000000,'1011011011,'1000000000,'0000000000,Regular Zero Divisor
'0000000100,'1011011011,'1000000000,'0000000000,Regular Zero Divisor
'0100000000,'1011011011,'0100000000,'0100000000,Idempotent
'0010000000,'1011011011,'0100000000,'0000000000,Regular Zero Divisor
'0000000100,'1011011011,'0100000000,'0000000000,Regular Zero Divisor
'0010000000,'1011011011,'0010000000,'0000000000,Nilpotent
'0000000100,'1011011011,'0010000000,'0000000000,Regular Zero Divisor
'0010000000,'1011011011,'0001000000,'0000000000,Regular Zero Divisor
'0001000000,'1011011011,'0001000000,'0001000000,Idempotent
'0000000100,'1011011011,'0001000000,'0000000000,Regular Zero Divisor
'0010000000,'1011011011,'0000100000,'0000000000,Regular Zero Divisor
'0000100000,'1011011011,'0000100000,'0000100000,Idempotent
'0000000100,'1011011011,'0000100000,'0000000000,Regular Zero Divisor
'1000000000,'1011011011,'0000010000,'0000000000,Regular Zero Divisor
'0001000000,'1011011011,'0000010000,'0000000000,Regular Zero Divisor
'0000010000,'1011011011,'0000010000,'0000000000,Nilpotent
'0000000010,'1011011011,'0000010000,'0000000000,Regular Zero Divisor
'1000000000,'1011011011,'0000001000,'0000000000,Regular Zero Divisor
'0001000000,'1011011011,'0000001000,'0000000000,Regular Zero Divisor
'0000010000,'1011011011,'0000001000,'0000000000,Regular Zero Divisor
'0000001000,'1011011011,'0000001000,'0000001000,Idempotent
'0000000010,'1011011011,'0000001000,'0000000000,Regular Zero Divisor
'1000000000,'1011011011,'0000000100,'0000000000,Regular Zero Divisor
'0001000000,'1011011011,'0000000100,'0000000000,Regular Zero Divisor
'0000010000,'1011011011,'0000000100,'0000000000,Regular Zero Divisor
'0000000100,'1011011011,'0000000100,'0000000100,Idempotent
'0000000010,'1011011011,'0000000100,'0000000000,Regular Zero Divisor
'1000000000,'1011011011,'0000000010,'0000000000,Regular Zero Divisor
'0001000000,'1011011011,'0000000010,'0000000000,Regular Zero Divisor
'0000010000,'1011011011,'0000000010,'0000000000,Regular Zero Divisor
'0000000010,'1011011011,'0000000010,'0000000000,Nilpotent
'1000000000,'1011011011,'0000000001,'0000000000,Regular Zero Divisor
'0001000000,'1011011011,'0000000001,'0000000000,Regular Zero Divisor
'0000010000,'1011011011,'0000000001,'0000000000,Regular Zero Divisor
'0000000010,'1011011011,'0000000001,'0000000000,Regular Zero Divisor
'0000000001,'1011011011,'0000000001,'0000000001,Idempotent
'1000000000,'0111011011,'1000000000,'0000000000,Nilpotent
'0010000000,'0111011011,'1000000000,'0000000000,Regular Zero Divisor
'0000010000,'0111011011,'1000000000,'0000000000,Regular Zero Divisor
'0000000100,'0111011011,'1000000000,'0000000000,Regular Zero Divisor
'1000000000,'0111011011,'0100000000,'0000000000,Regular Zero Divisor
'0100000000,'0111011011,'0100000000,'0100000000,Idempotent
'0010000000,'0111011011,'0100000000,'0000000000,Regular Zero Divisor
'0000010000,'0111011011,'0100000000,'0000000000,Regular Zero Divisor
'0000000100,'0111011011,'0100000000,'0000000000,Regular Zero Divisor
'1000000000,'0111011011,'0010000000,'0000000000,Regular Zero Divisor
'0010000000,'0111011011,'0010000000,'0000000000,Nilpotent
'0000010000,'0111011011,'0010000000,'0000000000,Regular Zero Divisor
'0000000100,'0111011011,'0010000000,'0000000000,Regular Zero Divisor
'1000000000,'0111011011,'0001000000,'0000000000,Regular Zero Divisor
'0010000000,'0111011011,'0001000000,'0000000000,Regular Zero Divisor
'0001000000,'0111011011,'0001000000,'0001000000,Idempotent
'0000010000,'0111011011,'0001000000,'0000000000,Regular Zero Divisor
'0000000100,'0111011011,'0001000000,'0000000000,Regular Zero Divisor
'1000000000,'0111011011,'0000100000,'0000000000,Regular Zero Divisor
'0010000000,'0111011011,'0000100000,'0000000000,Regular Zero Divisor
'0000100000,'0111011011,'0000100000,'0000100000,Idempotent
'0000010000,'0111011011,'0000100000,'0000000000,Regular Zero Divisor
'0000000100,'0111011011,'0000100000,'0000000000,Regular Zero Divisor
'0001000000,'0111011011,'0000010000,'0000000000,Regular Zero Divisor
'0000010000,'0111011011,'0000010000,'0000010000,Idempotent
'0000000010,'0111011011,'0000010000,'0000000000,Regular Zero Divisor
'0001000000,'0111011011,'0000001000,'0000000000,Regular Zero Divisor
'0000001000,'0111011011,'0000001000,'0000001000,Idempotent
'0000000010,'0111011011,'0000001000,'0000000000,Regular Zero Divisor
'0001000000,'0111011011,'0000000100,'0000000000,Regular Zero Divisor
'0000000100,'0111011011,'0000000100,'0000000100,Idempotent
'0000000010,'0111011011,'0000000100,'0000000000,Regular Zero Divisor
'0001000000,'0111011011,'0000000010,'0000000000,Regular Zero Divisor
'0000000010,'0111011011,'0000000010,'0000000000,Nilpotent
'0001000000,'0111011011,'0000000001,'0000000000,Regular Zero Divisor
'0000000010,'0111011011,'0000000001,'0000000000,Regular Zero Divisor
'0000000001,'0111011011,'0000000001,'0000000001,Idempotent
'1000000000,'1111011011,'1000000000,'1000000000,Idempotent
'0010000000,'1111011011,'1000000000,'0000000000,Regular Zero Divisor
'0000000100,'1111011011,'1000000000,'0000000000,Regular Zero Divisor
'0100000000,'1111011011,'0100000000,'0100000000,Idempotent
'0010000000,'1111011011,'0100000000,'0000000000,Regular Zero Divisor
'0000000100,'1111011011,'0100000000,'0000000000,Regular Zero Divisor
'0010000000,'1111011011,'0010000000,'0000000000,Nilpotent
'0000000100,'1111011011,'0010000000,'0000000000,Regular Zero Divisor
'0010000000,'1111011011,'0001000000,'0000000000,Regular Zero Divisor
'0001000000,'1111011011,'0001000000,'0001000000,Idempotent
'0000000100,'1111011011,'0001000000,'0000000000,Regular Zero Divisor
'0010000000,'1111011011,'0000100000,'0000000000,Regular Zero Divisor
'0000100000,'1111011011,'0000100000,'0000100000,Idempotent
'0000000100,'1111011011,'0000100000,'0000000000,Regular Zero Divisor
'0001000000,'1111011011,'0000010000,'0000000000,Regular Zero Divisor
'0000010000,'1111011011,'0000010000,'0000010000,Idempotent
'0000000010,'1111011011,'0000010000,'0000000000,Regular Zero Divisor
'0001000000,'1111011011,'0000001000,'0000000000,Regular Zero Divisor
'0000001000,'1111011011,'0000001000,'0000001000,Idempotent
'0000000010,'1111011011,'0000001000,'0000000000,Regular Zero Divisor
'0001000000,'1111011011,'0000000100,'0000000000,Regular Zero Divisor
'0000000100,'1111011011,'0000000100,'0000000100,Idempotent
'0000000010,'1111011011,'0000000100,'0000000000,Regular Zero Divisor
'0001000000,'1111011011,'0000000010,'0000000000,Regular Zero Divisor
'0000000010,'1111011011,'0000000010,'0000000000,Nilpotent
'0001000000,'1111011011,'0000000001,'0000000000,Regular Zero Divisor
'0000000010,'1111011011,'0000000001,'0000000000,Regular Zero Divisor
'0000000001,'1111011011,'0000000001,'0000000001,Idempotent
'1000000000,'1010111011,'1000000000,'1000000000,Idempotent
'0100000000,'1010111011,'0100000000,'0100000000,Idempotent
'0010000000,'1010111011,'0010000000,'0010000000,Idempotent
'0001000000,'1010111011,'0001000000,'0001000000,Idempotent
'0000100000,'1010111011,'0000100000,'0000100000,Idempotent
'1000000000,'1010111011,'0000010000,'0000000000,Regular Zero Divisor
'0100000000,'1010111011,'0000010000,'0000000000,Regular Zero Divisor
'0001000000,'1010111011,'0000010000,'0000000000,Regular Zero Divisor
'0000010000,'1010111011,'0000010000,'0000000000,Nilpotent
'0000001000,'1010111011,'0000010000,'0000000000,Regular Zero Divisor
'0000000010,'1010111011,'0000010000,'0000000000,Regular Zero Divisor
'1000000000,'1010111011,'0000001000,'0000000000,Regular Zero Divisor
'0100000000,'1010111011,'0000001000,'0000000000,Regular Zero Divisor
'0001000000,'1010111011,'0000001000,'0000000000,Regular Zero Divisor
'0000010000,'1010111011,'0000001000,'0000000000,Regular Zero Divisor
'0000001000,'1010111011,'0000001000,'0000000000,Nilpotent
'0000000010,'1010111011,'0000001000,'0000000000,Regular Zero Divisor
'1000000000,'1010111011,'0000000100,'0000000000,Regular Zero Divisor
'0100000000,'1010111011,'0000000100,'0000000000,Regular Zero Divisor
'0001000000,'1010111011,'0000000100,'0000000000,Regular Zero Divisor
'0000010000,'1010111011,'0000000100,'0000000000,Regular Zero Divisor
'0000001000,'1010111011,'0000000100,'0000000000,Regular Zero Divisor
'0000000100,'1010111011,'0000000100,'0000000100,Idempotent
'0000000010,'1010111011,'0000000100,'0000000000,Regular Zero Divisor
'1000000000,'1010111011,'0000000010,'0000000000,Regular Zero Divisor
'0100000000,'1010111011,'0000000010,'0000000000,Regular Zero Divisor
'0001000000,'1010111011,'0000000010,'0000000000,Regular Zero Divisor
'0000010000,'1010111011,'0000000010,'0000000000,Regular Zero Divisor
'0000001000,'1010111011,'0000000010,'0000000000,Regular Zero Divisor
'0000000010,'1010111011,'0000000010,'0000000000,Nilpotent
'1000000000,'1010111011,'0000000001,'0000000000,Regular Zero Divisor
'0100000000,'1010111011,'0000000001,'0000000000,Regular Zero Divisor
'0001000000,'1010111011,'0000000001,'0000000000,Regular Zero Divisor
'0000010000,'1010111011,'0000000001,'0000000000,Regular Zero Divisor
'0000001000,'1010111011,'0000000001,'0000000000,Regular Zero Divisor
'0000000010,'1010111011,'0000000001,'0000000000,Regular Zero Divisor
'0000000001,'1010111011,'0000000001,'0000000001,Idempotent
'1000000000,'0110111011,'1000000000,'0000000000,Nilpotent
'0000010000,'0110111011,'1000000000,'0000000000,Regular Zero Divisor
'1000000000,'0110111011,'0100000000,'0000000000,Regular Zero Divisor
'0100000000,'0110111011,'0100000000,'0100000000,Idempotent
'0000010000,'0110111011,'0100000000,'0000000000,Regular Zero Divisor
'1000000000,'0110111011,'0010000000,'0000000000,Regular Zero Divisor
'0010000000,'0110111011,'0010000000,'0010000000,Idempotent
'0000010000,'0110111011,'0010000000,'0000000000,Regular Zero Divisor
'1000000000,'0110111011,'0001000000,'0000000000,Regular Zero Divisor
'0001000000,'0110111011,'0001000000,'0001000000,Idempotent
'0000010000,'0110111011,'0001000000,'0000000000,Regular Zero Divisor
'1000000000,'0110111011,'0000100000,'0000000000,Regular Zero Divisor
'0000100000,'0110111011,'0000100000,'0000100000,Idempotent
'0000010000,'0110111011,'0000100000,'0000000000,Regular Zero Divisor
'0100000000,'0110111011,'0000010000,'0000000000,Regular Zero Divisor
'0001000000,'0110111011,'0000010000,'0000000000,Regular Zero Divisor
'0000010000,'0110111011,'0000010000,'0000010000,Idempotent
'0000001000,'0110111011,'0000010000,'0000000000,Regular Zero Divisor
'0000000010,'0110111011,'0000010000,'0000000000,Regular Zero Divisor
'0100000000,'0110111011,'0000001000,'0000000000,Regular Zero Divisor
'0001000000,'0110111011,'0000001000,'0000000000,Regular Zero Divisor
'0000001000,'0110111011,'0000001000,'0000000000,Nilpotent
'0000000010,'0110111011,'0000001000,'0000000000,Regular Zero Divisor
'0100000000,'0110111011,'0000000100,'0000000000,Regular Zero Divisor
'0001000000,'0110111011,'0000000100,'0000000000,Regular Zero Divisor
'0000001000,'0110111011,'0000000100,'0000000000,Regular Zero Divisor
'0000000100,'0110111011,'0000000100,'0000000100,Idempotent
'0000000010,'0110111011,'0000000100,'0000000000,Regular Zero Divisor
'0100000000,'0110111011,'0000000010,'0000000000,Regular Zero Divisor
'0001000000,'0110111011,'0000000010,'0000000000,Regular Zero Divisor
'0000001000,'0110111011,'0000000010,'0000000000,Regular Zero Divisor
'0000000010,'0110111011,'0000000010,'0000000000,Nilpotent
'0100000000,'0110111011,'0000000001,'0000000000,Regular Zero Divisor
'0001000000,'0110111011,'0000000001,'0000000000,Regular Zero Divisor
'0000001000,'0110111011,'0000000001,'0000000000,Regular Zero Divisor
'0000000010,'0110111011,'0000000001,'0000000000,Regular Zero Divisor
'0000000001,'0110111011,'0000000001,'0000000001,Idempotent
'1000000000,'1110111011,'1000000000,'1000000000,Idempotent
'0100000000,'1110111011,'0100000000,'0100000000,Idempotent
'0010000000,'1110111011,'0010000000,'0010000000,Idempotent
'0001000000,'1110111011,'0001000000,'0001000000,Idempotent
'0000100000,'1110111011,'0000100000,'0000100000,Idempotent
'0100000000,'1110111011,'0000010000,'0000000000,Regular Zero Divisor
'0001000000,'1110111011,'0000010000,'0000000000,Regular Zero Divisor
'0000010000,'1110111011,'0000010000,'0000010000,Idempotent
'0000001000,'1110111011,'0000010000,'0000000000,Regular Zero Divisor
'0000000010,'1110111011,'0000010000,'0000000000,Regular Zero Divisor
'0100000000,'1110111011,'0000001000,'0000000000,Regular Zero Divisor
'0001000000,'1110111011,'0000001000,'0000000000,Regular Zero Divisor
'0000001000,'1110111011,'0000001000,'0000000000,Nilpotent
'0000000010,'1110111011,'0000001000,'0000000000,Regular Zero Divisor
'0100000000,'1110111011,'0000000100,'0000000000,Regular Zero Divisor
'0001000000,'1110111011,'0000000100,'0000000000,Regular Zero Divisor
'0000001000,'1110111011,'0000000100,'0000000000,Regular Zero Divisor
'0000000100,'1110111011,'0000000100,'0000000100,Idempotent
'0000000010,'1110111011,'0000000100,'0000000000,Regular Zero Divisor
'0100000000,'1110111011,'0000000010,'0000000000,Regular Zero Divisor
'0001000000,'1110111011,'0000000010,'0000000000,Regular Zero Divisor
'0000001000,'1110111011,'0000000010,'0000000000,Regular Zero Divisor
'0000000010,'1110111011,'0000000010,'0000000000,Nilpotent
'0100000000,'1110111011,'0000000001,'0000000000,Regular Zero Divisor
'0001000000,'1110111011,'0000000001,'0000000000,Regular Zero Divisor
'0000001000,'1110111011,'0000000001,'0000000000,Regular Zero Divisor
'0000000010,'1110111011,'0000000001,'0000000000,Regular Zero Divisor
'0000000001,'1110111011,'0000000001,'0000000001,Idempotent
'1000000000,'1001111011,'1000000000,'1000000000,Idempotent
'0100000000,'1001111011,'1000000000,'0000000000,Regular Zero Divisor
'0000001000,'1001111011,'1000000000,'0000000000,Regular Zero Divisor
'0100000000,'1001111011,'0100000000,'0000000000,Nilpotent
'0000001000,'1001111011,'0100000000,'0000000000,Regular Zero Divisor
'0100000000,'1001111011,'0010000000,'0000000000,Regular Zero Divisor
'0010000000,'1001111011,'0010000000,'0010000000,Idempotent
'0000001000,'1001111011,'0010000000,'0000000000,Regular Zero Divisor
'0100000000,'1001111011,'0001000000,'0000000000,Regular Zero Divisor
'0001000000,'1001111011,'0001000000,'0001000000,Idempotent
'0000001000,'1001111011,'0001000000,'0000000000,Regular Zero Divisor
'0100000000,'1001111011,'0000100000,'0000000000,Regular Zero Divisor
'0000100000,'1001111011,'0000100000,'0000100000,Idempotent
'0000001000,'1001111011,'0000100000,'0000000000,Regular Zero Divisor
'1000000000,'1001111011,'0000010000,'0000000000,Regular Zero Divisor
'0001000000,'1001111011,'0000010000,'0000000000,Regular Zero Divisor
'0000010000,'1001111011,'0000010000,'0000000000,Nilpotent
'0000000010,'1001111011,'0000010000,'0000000000,Regular Zero Divisor
'1000000000,'1001111011,'0000001000,'0000000000,Regular Zero Divisor
'0001000000,'1001111011,'0000001000,'0000000000,Regular Zero Divisor
'0000010000,'1001111011,'0000001000,'0000000000,Regular Zero Divisor
'0000001000,'1001111011,'0000001000,'0000001000,Idempotent
'0000000010,'1001111011,'0000001000,'0000000000,Regular Zero Divisor
'1000000000,'1001111011,'0000000100,'0000000000,Regular Zero Divisor
'0001000000,'1001111011,'0000000100,'0000000000,Regular Zero Divisor
'0000010000,'1001111011,'0000000100,'0000000000,Regular Zero Divisor
'0000000100,'1001111011,'0000000100,'0000000100,Idempotent
'0000000010,'1001111011,'0000000100,'0000000000,Regular Zero Divisor
'1000000000,'1001111011,'0000000010,'0000000000,Regular Zero Divisor
'0001000000,'1001111011,'0000000010,'0000000000,Regular Zero Divisor
'0000010000,'1001111011,'0000000010,'0000000000,Regular Zero Divisor
'0000000010,'1001111011,'0000000010,'0000000000,Nilpotent
'1000000000,'1001111011,'0000000001,'0000000000,Regular Zero Divisor
'0001000000,'1001111011,'0000000001,'0000000000,Regular Zero Divisor
'0000010000,'1001111011,'0000000001,'0000000000,Regular Zero Divisor
'0000000010,'1001111011,'0000000001,'0000000000,Regular Zero Divisor
'0000000001,'1001111011,'0000000001,'0000000001,Idempotent
'1000000000,'0101111011,'1000000000,'0000000000,Nilpotent
'0100000000,'0101111011,'1000000000,'0000000000,Regular Zero Divisor
'0000010000,'0101111011,'1000000000,'0000000000,Regular Zero Divisor
'0000001000,'0101111011,'1000000000,'0000000000,Regular Zero Divisor
'1000000000,'0101111011,'0100000000,'0000000000,Regular Zero Divisor
'0100000000,'0101111011,'0100000000,'0000000000,Nilpotent
'0000010000,'0101111011,'0100000000,'0000000000,Regular Zero Divisor
'0000001000,'0101111011,'0100000000,'0000000000,Regular Zero Divisor
'1000000000,'0101111011,'0010000000,'0000000000,Regular Zero Divisor
'0100000000,'0101111011,'0010000000,'0000000000,Regular Zero Divisor
'0010000000,'0101111011,'0010000000,'0010000000,Idempotent
'0000010000,'0101111011,'0010000000,'0000000000,Regular Zero Divisor
'0000001000,'0101111011,'0010000000,'0000000000,Regular Zero Divisor
'1000000000,'0101111011,'0001000000,'0000000000,Regular Zero Divisor
'0100000000,'0101111011,'0001000000,'0000000000,Regular Zero Divisor
'0001000000,'0101111011,'0001000000,'0001000000,Idempotent
'0000010000,'0101111011,'0001000000,'0000000000,Regular Zero Divisor
'0000001000,'0101111011,'0001000000,'0000000000,Regular Zero Divisor
'1000000000,'0101111011,'0000100000,'0000000000,Regular Zero Divisor
'0100000000,'0101111011,'0000100000,'0000000000,Regular Zero Divisor
'0000100000,'0101111011,'0000100000,'0000100000,Idempotent
'0000010000,'0101111011,'0000100000,'0000000000,Regular Zero Divisor
'0000001000,'0101111011,'0000100000,'0000000000,Regular Zero Divisor
'0001000000,'0101111011,'0000010000,'0000000000,Regular Zero Divisor
'0000010000,'0101111011,'0000010000,'0000010000,Idempotent
'0000000010,'0101111011,'0000010000,'0000000000,Regular Zero Divisor
'0001000000,'0101111011,'0000001000,'0000000000,Regular Zero Divisor
'0000001000,'0101111011,'0000001000,'0000001000,Idempotent
'0000000010,'0101111011,'0000001000,'0000000000,Regular Zero Divisor
'0001000000,'0101111011,'0000000100,'0000000000,Regular Zero Divisor
'0000000100,'0101111011,'0000000100,'0000000100,Idempotent
'0000000010,'0101111011,'0000000100,'0000000000,Regular Zero Divisor
'0001000000,'0101111011,'0000000010,'0000000000,Regular Zero Divisor
'0000000010,'0101111011,'0000000010,'0000000000,Nilpotent
'0001000000,'0101111011,'0000000001,'0000000000,Regular Zero Divisor
'0000000010,'0101111011,'0000000001,'0000000000,Regular Zero Divisor
'0000000001,'0101111011,'0000000001,'0000000001,Idempotent
'1000000000,'1101111011,'1000000000,'1000000000,Idempotent
'0100000000,'1101111011,'1000000000,'0000000000,Regular Zero Divisor
'0000001000,'1101111011,'1000000000,'0000000000,Regular Zero Divisor
'0100000000,'1101111011,'0100000000,'0000000000,Nilpotent
'0000001000,'1101111011,'0100000000,'0000000000,Regular Zero Divisor
'0100000000,'1101111011,'0010000000,'0000000000,Regular Zero Divisor
'0010000000,'1101111011,'0010000000,'0010000000,Idempotent
'0000001000,'1101111011,'0010000000,'0000000000,Regular Zero Divisor
'0100000000,'1101111011,'0001000000,'0000000000,Regular Zero Divisor
'0001000000,'1101111011,'0001000000,'0001000000,Idempotent
'0000001000,'1101111011,'0001000000,'0000000000,Regular Zero Divisor
'0100000000,'1101111011,'0000100000,'0000000000,Regular Zero Divisor
'0000100000,'1101111011,'0000100000,'0000100000,Idempotent
'0000001000,'1101111011,'0000100000,'0000000000,Regular Zero Divisor
'0001000000,'1101111011,'0000010000,'0000000000,Regular Zero Divisor
'0000010000,'1101111011,'0000010000,'0000010000,Idempotent
'0000000010,'1101111011,'0000010000,'0000000000,Regular Zero Divisor
'0001000000,'1101111011,'0000001000,'0000000000,Regular Zero Divisor
'0000001000,'1101111011,'0000001000,'0000001000,Idempotent
'0000000010,'1101111011,'0000001000,'0000000000,Regular Zero Divisor
'0001000000,'1101111011,'0000000100,'0000000000,Regular Zero Divisor
'0000000100,'1101111011,'0000000100,'0000000100,Idempotent
'0000000010,'1101111011,'0000000100,'0000000000,Regular Zero Divisor
'0001000000,'1101111011,'0000000010,'0000000000,Regular Zero Divisor
'0000000010,'1101111011,'0000000010,'0000000000,Nilpotent
'0001000000,'1101111011,'0000000001,'0000000000,Regular Zero Divisor
'0000000010,'1101111011,'0000000001,'0000000000,Regular Zero Divisor
'0000000001,'1101111011,'0000000001,'0000000001,Idempotent
'1000000000,'1011111011,'1000000000,'1000000000,Idempotent
'0100000000,'1011111011,'0100000000,'0100000000,Idempotent
'0010000000,'1011111011,'0010000000,'0010000000,Idempotent
'0001000000,'1011111011,'0001000000,'0001000000,Idempotent
'0000100000,'1011111011,'0000100000,'0000100000,Idempotent
'1000000000,'1011111011,'0000010000,'0000000000,Regular Zero Divisor
'0001000000,'1011111011,'0000010000,'0000000000,Regular Zero Divisor
'0000010000,'1011111011,'0000010000,'0000000000,Nilpotent
'0000000010,'1011111011,'0000010000,'0000000000,Regular Zero Divisor
'1000000000,'1011111011,'0000001000,'0000000000,Regular Zero Divisor
'0001000000,'1011111011,'0000001000,'0000000000,Regular Zero Divisor
'0000010000,'1011111011,'0000001000,'0000000000,Regular Zero Divisor
'0000001000,'1011111011,'0000001000,'0000001000,Idempotent
'0000000010,'1011111011,'0000001000,'0000000000,Regular Zero Divisor
'1000000000,'1011111011,'0000000100,'0000000000,Regular Zero Divisor
'0001000000,'1011111011,'0000000100,'0000000000,Regular Zero Divisor
'0000010000,'1011111011,'0000000100,'0000000000,Regular Zero Divisor
'0000000100,'1011111011,'0000000100,'0000000100,Idempotent
'0000000010,'1011111011,'0000000100,'0000000000,Regular Zero Divisor
'1000000000,'1011111011,'0000000010,'0000000000,Regular Zero Divisor
'0001000000,'1011111011,'0000000010,'0000000000,Regular Zero Divisor
'0000010000,'1011111011,'0000000010,'0000000000,Regular Zero Divisor
'0000000010,'1011111011,'0000000010,'0000000000,Nilpotent
'1000000000,'1011111011,'0000000001,'0000000000,Regular Zero Divisor
'0001000000,'1011111011,'0000000001,'0000000000,Regular Zero Divisor
'0000010000,'1011111011,'0000000001,'0000000000,Regular Zero Divisor
'0000000010,'1011111011,'0000000001,'0000000000,Regular Zero Divisor
'0000000001,'1011111011,'0000000001,'0000000001,Idempotent
'1000000000,'0111111011,'1000000000,'0000000000,Nilpotent
'0000010000,'0111111011,'1000000000,'0000000000,Regular Zero Divisor
'1000000000,'0111111011,'0100000000,'0000000000,Regular Zero Divisor
'0100000000,'0111111011,'0100000000,'0100000000,Idempotent
'0000010000,'0111111011,'0100000000,'0000000000,Regular Zero Divisor
'1000000000,'0111111011,'0010000000,'0000000000,Regular Zero Divisor
'0010000000,'0111111011,'0010000000,'0010000000,Idempotent
'0000010000,'0111111011,'0010000000,'0000000000,Regular Zero Divisor
'1000000000,'0111111011,'0001000000,'0000000000,Regular Zero Divisor
'0001000000,'0111111011,'0001000000,'0001000000,Idempotent
'0000010000,'0111111011,'0001000000,'0000000000,Regular Zero Divisor
'1000000000,'0111111011,'0000100000,'0000000000,Regular Zero Divisor
'0000100000,'0111111011,'0000100000,'0000100000,Idempotent
'0000010000,'0111111011,'0000100000,'0000000000,Regular Zero Divisor
'0001000000,'0111111011,'0000010000,'0000000000,Regular Zero Divisor
'0000010000,'0111111011,'0000010000,'0000010000,Idempotent
'0000000010,'0111111011,'0000010000,'0000000000,Regular Zero Divisor
'0001000000,'0111111011,'0000001000,'0000000000,Regular Zero Divisor
'0000001000,'0111111011,'0000001000,'0000001000,Idempotent
'0000000010,'0111111011,'0000001000,'0000000000,Regular Zero Divisor
'0001000000,'0111111011,'0000000100,'0000000000,Regular Zero Divisor
'0000000100,'0111111011,'0000000100,'0000000100,Idempotent
'0000000010,'0111111011,'0000000100,'0000000000,Regular Zero Divisor
'0001000000,'0111111011,'0000000010,'0000000000,Regular Zero Divisor
'0000000010,'0111111011,'0000000010,'0000000000,Nilpotent
'0001000000,'0111111011,'0000000001,'0000000000,Regular Zero Divisor
'0000000010,'0111111011,'0000000001,'0000000000,Regular Zero Divisor
'0000000001,'0111111011,'0000000001,'0000000001,Idempotent
'1000000000,'1111111011,'1000000000,'1000000000,Idempotent
'0100000000,'1111111011,'0100000000,'0100000000,Idempotent
'0010000000,'1111111011,'0010000000,'0010000000,Idempotent
'0001000000,'1111111011,'0001000000,'0001000000,Idempotent
'0000100000,'1111111011,'0000100000,'0000100000,Idempotent
'0001000000,'1111111011,'0000010000,'0000000000,Regular Zero Divisor
'0000010000,'1111111011,'0000010000,'0000010000,Idempotent
'0000000010,'1111111011,'0000010000,'0000000000,Regular Zero Divisor
'0001000000,'1111111011,'0000001000,'0000000000,Regular Zero Divisor
'0000001000,'1111111011,'0000001000,'0000001000,Idempotent
'0000000010,'1111111011,'0000001000,'0000000000,Regular Zero Divisor
'0001000000,'1111111011,'0000000100,'0000000000,Regular Zero Divisor
'0000000100,'1111111011,'0000000100,'0000000100,Idempotent
'0000000010,'1111111011,'0000000100,'0000000000,Regular Zero Divisor
'0001000000,'1111111011,'0000000010,'0000000000,Regular Zero Divisor
'0000000010,'1111111011,'0000000010,'0000000000,Nilpotent
'0001000000,'1111111011,'0000000001,'0000000000,Regular Zero Divisor
'0000000010,'1111111011,'0000000001,'0000000000,Regular Zero Divisor
'0000000001,'1111111011,'0000000001,'0000000001,Idempotent
'1000000000,'1010100111,'1000000000,'1000000000,Idempotent
'0001000000,'1010100111,'1000000000,'0000000000,Regular Zero Divisor
'0000000010,'1010100111,'1000000000,'0000000000,Regular Zero Divisor
'0100000000,'1010100111,'0100000000,'0100000000,Idempotent
'0001000000,'1010100111,'0100000000,'0000000000,Regular Zero Divisor
'0000000010,'1010100111,'0100000000,'0000000000,Regular Zero Divisor
'0010000000,'1010100111,'0010000000,'0010000000,Idempotent
'0001000000,'1010100111,'0010000000,'0000000000,Regular Zero Divisor
'0000000010,'1010100111,'0010000000,'0000000000,Regular Zero Divisor
'0001000000,'1010100111,'0001000000,'0000000000,Nilpotent
'0000000010,'1010100111,'0001000000,'0000000000,Regular Zero Divisor
'0001000000,'1010100111,'0000100000,'0000000000,Regular Zero Divisor
'0000100000,'1010100111,'0000100000,'0000100000,Idempotent
'0000000010,'1010100111,'0000100000,'0000000000,Regular Zero Divisor
'1000000000,'1010100111,'0000010000,'0000000000,Regular Zero Divisor
'0100000000,'1010100111,'0000010000,'0000000000,Regular Zero Divisor
'0010000000,'1010100111,'0000010000,'0000000000,Regular Zero Divisor
'0000010000,'1010100111,'0000010000,'0000000000,Nilpotent
'0000001000,'1010100111,'0000010000,'0000000000,Regular Zero Divisor
'0000000100,'1010100111,'0000010000,'0000000000,Regular Zero Divisor
'1000000000,'1010100111,'0000001000,'0000000000,Regular Zero Divisor
'0100000000,'1010100111,'0000001000,'0000000000,Regular Zero Divisor
'0010000000,'1010100111,'0000001000,'0000000000,Regular Zero Divisor
'0000010000,'1010100111,'0000001000,'0000000000,Regular Zero Divisor
'0000001000,'1010100111,'0000001000,'0000000000,Nilpotent
'0000000100,'1010100111,'0000001000,'0000000000,Regular Zero Divisor
'1000000000,'1010100111,'0000000100,'0000000000,Regular Zero Divisor
'0100000000,'1010100111,'0000000100,'0000000000,Regular Zero Divisor
'0010000000,'1010100111,'0000000100,'0000000000,Regular Zero Divisor
'0000010000,'1010100111,'0000000100,'0000000000,Regular Zero Divisor
'0000001000,'1010100111,'0000000100,'0000000000,Regular Zero Divisor
'0000000100,'1010100111,'0000000100,'0000000000,Nilpotent
'1000000000,'1010100111,'0000000010,'0000000000,Regular Zero Divisor
'0100000000,'1010100111,'0000000010,'0000000000,Regular Zero Divisor
'0010000000,'1010100111,'0000000010,'0000000000,Regular Zero Divisor
'0000010000,'1010100111,'0000000010,'0000000000,Regular Zero Divisor
'0000001000,'1010100111,'0000000010,'0000000000,Regular Zero Divisor
'0000000100,'1010100111,'0000000010,'0000000000,Regular Zero Divisor
'0000000010,'1010100111,'0000000010,'0000000010,Idempotent
'1000000000,'1010100111,'0000000001,'0000000000,Regular Zero Divisor
'0100000000,'1010100111,'0000000001,'0000000000,Regular Zero Divisor
'0010000000,'1010100111,'0000000001,'0000000000,Regular Zero Divisor
'0000010000,'1010100111,'0000000001,'0000000000,Regular Zero Divisor
'0000001000,'1010100111,'0000000001,'0000000000,Regular Zero Divisor
'0000000100,'1010100111,'0000000001,'0000000000,Regular Zero Divisor
'0000000001,'1010100111,'0000000001,'0000000001,Idempotent
'1000000000,'0110100111,'1000000000,'0000000000,Nilpotent
'0001000000,'0110100111,'1000000000,'0000000000,Regular Zero Divisor
'0000010000,'0110100111,'1000000000,'0000000000,Regular Zero Divisor
'0000000010,'0110100111,'1000000000,'0000000000,Regular Zero Divisor
'1000000000,'0110100111,'0100000000,'0000000000,Regular Zero Divisor
'0100000000,'0110100111,'0100000000,'0100000000,Idempotent
'0001000000,'0110100111,'0100000000,'0000000000,Regular Zero Divisor
'0000010000,'0110100111,'0100000000,'0000000000,Regular Zero Divisor
'0000000010,'0110100111,'0100000000,'0000000000,Regular Zero Divisor
'1000000000,'0110100111,'0010000000,'0000000000,Regular Zero Divisor
'0010000000,'0110100111,'0010000000,'0010000000,Idempotent
'0001000000,'0110100111,'0010000000,'0000000000,Regular Zero Divisor
'0000010000,'0110100111,'0010000000,'0000000000,Regular Zero Divisor
'0000000010,'0110100111,'0010000000,'0000000000,Regular Zero Divisor
'1000000000,'0110100111,'0001000000,'0000000000,Regular Zero Divisor
'0001000000,'0110100111,'0001000000,'0000000000,Nilpotent
'0000010000,'0110100111,'0001000000,'0000000000,Regular Zero Divisor
'0000000010,'0110100111,'0001000000,'0000000000,Regular Zero Divisor
'1000000000,'0110100111,'0000100000,'0000000000,Regular Zero Divisor
'0001000000,'0110100111,'0000100000,'0000000000,Regular Zero Divisor
'0000100000,'0110100111,'0000100000,'0000100000,Idempotent
'0000010000,'0110100111,'0000100000,'0000000000,Regular Zero Divisor
'0000000010,'0110100111,'0000100000,'0000000000,Regular Zero Divisor
'0100000000,'0110100111,'0000010000,'0000000000,Regular Zero Divisor
'0010000000,'0110100111,'0000010000,'0000000000,Regular Zero Divisor
'0000010000,'0110100111,'0000010000,'0000010000,Idempotent
'0000001000,'0110100111,'0000010000,'0000000000,Regular Zero Divisor
'0000000100,'0110100111,'0000010000,'0000000000,Regular Zero Divisor
'0100000000,'0110100111,'0000001000,'0000000000,Regular Zero Divisor
'0010000000,'0110100111,'0000001000,'0000000000,Regular Zero Divisor
'0000001000,'0110100111,'0000001000,'0000000000,Nilpotent
'0000000100,'0110100111,'0000001000,'0000000000,Regular Zero Divisor
'0100000000,'0110100111,'0000000100,'0000000000,Regular Zero Divisor
'0010000000,'0110100111,'0000000100,'0000000000,Regular Zero Divisor
'0000001000,'0110100111,'0000000100,'0000000000,Regular Zero Divisor
'0000000100,'0110100111,'0000000100,'0000000000,Nilpotent
'0100000000,'0110100111,'0000000010,'0000000000,Regular Zero Divisor
'0010000000,'0110100111,'0000000010,'0000000000,Regular Zero Divisor
'0000001000,'0110100111,'0000000010,'0000000000,Regular Zero Divisor
'0000000100,'0110100111,'0000000010,'0000000000,Regular Zero Divisor
'0000000010,'0110100111,'0000000010,'0000000010,Idempotent
'0100000000,'0110100111,'0000000001,'0000000000,Regular Zero Divisor
'0010000000,'0110100111,'0000000001,'0000000000,Regular Zero Divisor
'0000001000,'0110100111,'0000000001,'0000000000,Regular Zero Divisor
'0000000100,'0110100111,'0000000001,'0000000000,Regular Zero Divisor
'0000000001,'0110100111,'0000000001,'0000000001,Idempotent
'1000000000,'1110100111,'1000000000,'1000000000,Idempotent
'0001000000,'1110100111,'1000000000,'0000000000,Regular Zero Divisor
'0000000010,'1110100111,'1000000000,'0000000000,Regular Zero Divisor
'0100000000,'1110100111,'0100000000,'0100000000,Idempotent
'0001000000,'1110100111,'0100000000,'0000000000,Regular Zero Divisor
'0000000010,'1110100111,'0100000000,'0000000000,Regular Zero Divisor
'0010000000,'1110100111,'0010000000,'0010000000,Idempotent
'0001000000,'1110100111,'0010000000,'0000000000,Regular Zero Divisor
'0000000010,'1110100111,'0010000000,'0000000000,Regular Zero Divisor
'0001000000,'1110100111,'0001000000,'0000000000,Nilpotent
'0000000010,'1110100111,'0001000000,'0000000000,Regular Zero Divisor
'0001000000,'1110100111,'0000100000,'0000000000,Regular Zero Divisor
'0000100000,'1110100111,'0000100000,'0000100000,Idempotent
'0000000010,'1110100111,'0000100000,'0000000000,Regular Zero Divisor
'0100000000,'1110100111,'0000010000,'0000000000,Regular Zero Divisor
'0010000000,'1110100111,'0000010000,'0000000000,Regular Zero Divisor
'0000010000,'1110100111,'0000010000,'0000010000,Idempotent
'0000001000,'1110100111,'0000010000,'0000000000,Regular Zero Divisor
'0000000100,'1110100111,'0000010000,'0000000000,Regular Zero Divisor
'0100000000,'1110100111,'0000001000,'0000000000,Regular Zero Divisor
'0010000000,'1110100111,'0000001000,'0000000000,Regular Zero Divisor
'0000001000,'1110100111,'0000001000,'0000000000,Nilpotent
'0000000100,'1110100111,'0000001000,'0000000000,Regular Zero Divisor
'0100000000,'1110100111,'0000000100,'0000000000,Regular Zero Divisor
'0010000000,'1110100111,'0000000100,'0000000000,Regular Zero Divisor
'0000001000,'1110100111,'0000000100,'0000000000,Regular Zero Divisor
'0000000100,'1110100111,'0000000100,'0000000000,Nilpotent
'0100000000,'1110100111,'0000000010,'0000000000,Regular Zero Divisor
'0010000000,'1110100111,'0000000010,'0000000000,Regular Zero Divisor
'0000001000,'1110100111,'0000000010,'0000000000,Regular Zero Divisor
'0000000100,'1110100111,'0000000010,'0000000000,Regular Zero Divisor
'0000000010,'1110100111,'0000000010,'0000000010,Idempotent
'0100000000,'1110100111,'0000000001,'0000000000,Regular Zero Divisor
'0010000000,'1110100111,'0000000001,'0000000000,Regular Zero Divisor
'0000001000,'1110100111,'0000000001,'0000000000,Regular Zero Divisor
'0000000100,'1110100111,'0000000001,'0000000000,Regular Zero Divisor
'0000000001,'1110100111,'0000000001,'0000000001,Idempotent
'1000000000,'1001100111,'1000000000,'1000000000,Idempotent
'0100000000,'1001100111,'1000000000,'0000000000,Regular Zero Divisor
'0001000000,'1001100111,'1000000000,'0000000000,Regular Zero Divisor
'0000001000,'1001100111,'1000000000,'0000000000,Regular Zero Divisor
'0000000010,'1001100111,'1000000000,'0000000000,Regular Zero Divisor
'0100000000,'1001100111,'0100000000,'0000000000,Nilpotent
'0001000000,'1001100111,'0100000000,'0000000000,Regular Zero Divisor
'0000001000,'1001100111,'0100000000,'0000000000,Regular Zero Divisor
'0000000010,'1001100111,'0100000000,'0000000000,Regular Zero Divisor
'0100000000,'1001100111,'0010000000,'0000000000,Regular Zero Divisor
'0010000000,'1001100111,'0010000000,'0010000000,Idempotent
'0001000000,'1001100111,'0010000000,'0000000000,Regular Zero Divisor
'0000001000,'1001100111,'0010000000,'0000000000,Regular Zero Divisor
'0000000010,'1001100111,'0010000000,'0000000000,Regular Zero Divisor
'0100000000,'1001100111,'0001000000,'0000000000,Regular Zero Divisor
'0001000000,'1001100111,'0001000000,'0000000000,Nilpotent
'0000001000,'1001100111,'0001000000,'0000000000,Regular Zero Divisor
'0000000010,'1001100111,'0001000000,'0000000000,Regular Zero Divisor
'0100000000,'1001100111,'0000100000,'0000000000,Regular Zero Divisor
'0001000000,'1001100111,'0000100000,'0000000000,Regular Zero Divisor
'0000100000,'1001100111,'0000100000,'0000100000,Idempotent
'0000001000,'1001100111,'0000100000,'0000000000,Regular Zero Divisor
'0000000010,'1001100111,'0000100000,'0000000000,Regular Zero Divisor
'1000000000,'1001100111,'0000010000,'0000000000,Regular Zero Divisor
'0010000000,'1001100111,'0000010000,'0000000000,Regular Zero Divisor
'0000010000,'1001100111,'0000010000,'0000000000,Nilpotent
'0000000100,'1001100111,'0000010000,'0000000000,Regular Zero Divisor
'1000000000,'1001100111,'0000001000,'0000000000,Regular Zero Divisor
'0010000000,'1001100111,'0000001000,'0000000000,Regular Zero Divisor
'0000010000,'1001100111,'0000001000,'0000000000,Regular Zero Divisor
'0000001000,'1001100111,'0000001000,'0000001000,Idempotent
'0000000100,'1001100111,'0000001000,'0000000000,Regular Zero Divisor
'1000000000,'1001100111,'0000000100,'0000000000,Regular Zero Divisor
'0010000000,'1001100111,'0000000100,'0000000000,Regular Zero Divisor
'0000010000,'1001100111,'0000000100,'0000000000,Regular Zero Divisor
'0000000100,'1001100111,'0000000100,'0000000000,Nilpotent
'1000000000,'1001100111,'0000000010,'0000000000,Regular Zero Divisor
'0010000000,'1001100111,'0000000010,'0000000000,Regular Zero Divisor
'0000010000,'1001100111,'0000000010,'0000000000,Regular Zero Divisor
'0000000100,'1001100111,'0000000010,'0000000000,Regular Zero Divisor
'0000000010,'1001100111,'0000000010,'0000000010,Idempotent
'1000000000,'1001100111,'0000000001,'0000000000,Regular Zero Divisor
'0010000000,'1001100111,'0000000001,'0000000000,Regular Zero Divisor
'0000010000,'1001100111,'0000000001,'0000000000,Regular Zero Divisor
'0000000100,'1001100111,'0000000001,'0000000000,Regular Zero Divisor
'0000000001,'1001100111,'0000000001,'0000000001,Idempotent
'1000000000,'0101100111,'1000000000,'0000000000,Nilpotent
'0100000000,'0101100111,'1000000000,'0000000000,Regular Zero Divisor
'0001000000,'0101100111,'1000000000,'0000000000,Regular Zero Divisor
'0000010000,'0101100111,'1000000000,'0000000000,Regular Zero Divisor
'0000001000,'0101100111,'1000000000,'0000000000,Regular Zero Divisor
'0000000010,'0101100111,'1000000000,'0000000000,Regular Zero Divisor
'1000000000,'0101100111,'0100000000,'0000000000,Regular Zero Divisor
'0100000000,'0101100111,'0100000000,'0000000000,Nilpotent
'0001000000,'0101100111,'0100000000,'0000000000,Regular Zero Divisor
'0000010000,'0101100111,'0100000000,'0000000000,Regular Zero Divisor
'0000001000,'0101100111,'0100000000,'0000000000,Regular Zero Divisor
'0000000010,'0101100111,'0100000000,'0000000000,Regular Zero Divisor
'1000000000,'0101100111,'0010000000,'0000000000,Regular Zero Divisor
'0100000000,'0101100111,'0010000000,'0000000000,Regular Zero Divisor
'0010000000,'0101100111,'0010000000,'0010000000,Idempotent
'0001000000,'0101100111,'0010000000,'0000000000,Regular Zero Divisor
'0000010000,'0101100111,'0010000000,'0000000000,Regular Zero Divisor
'0000001000,'0101100111,'0010000000,'0000000000,Regular Zero Divisor
'0000000010,'0101100111,'0010000000,'0000000000,Regular Zero Divisor
'1000000000,'0101100111,'0001000000,'0000000000,Regular Zero Divisor
'0100000000,'0101100111,'0001000000,'0000000000,Regular Zero Divisor
'0001000000,'0101100111,'0001000000,'0000000000,Nilpotent
'0000010000,'0101100111,'0001000000,'0000000000,Regular Zero Divisor
'0000001000,'0101100111,'0001000000,'0000000000,Regular Zero Divisor
'0000000010,'0101100111,'0001000000,'0000000000,Regular Zero Divisor
'1000000000,'0101100111,'0000100000,'0000000000,Regular Zero Divisor
'0100000000,'0101100111,'0000100000,'0000000000,Regular Zero Divisor
'0001000000,'0101100111,'0000100000,'0000000000,Regular Zero Divisor
'0000100000,'0101100111,'0000100000,'0000100000,Idempotent
'0000010000,'0101100111,'0000100000,'0000000000,Regular Zero Divisor
'0000001000,'0101100111,'0000100000,'0000000000,Regular Zero Divisor
'0000000010,'0101100111,'0000100000,'0000000000,Regular Zero Divisor
'0010000000,'0101100111,'0000010000,'0000000000,Regular Zero Divisor
'0000010000,'0101100111,'0000010000,'0000010000,Idempotent
'0000000100,'0101100111,'0000010000,'0000000000,Regular Zero Divisor
'0010000000,'0101100111,'0000001000,'0000000000,Regular Zero Divisor
'0000001000,'0101100111,'0000001000,'0000001000,Idempotent
'0000000100,'0101100111,'0000001000,'0000000000,Regular Zero Divisor
'0010000000,'0101100111,'0000000100,'0000000000,Regular Zero Divisor
'0000000100,'0101100111,'0000000100,'0000000000,Nilpotent
'0010000000,'0101100111,'0000000010,'0000000000,Regular Zero Divisor
'0000000100,'0101100111,'0000000010,'0000000000,Regular Zero Divisor
'0000000010,'0101100111,'0000000010,'0000000010,Idempotent
'0010000000,'0101100111,'0000000001,'0000000000,Regular Zero Divisor
'0000000100,'0101100111,'0000000001,'0000000000,Regular Zero Divisor
'0000000001,'0101100111,'0000000001,'0000000001,Idempotent
'1000000000,'1101100111,'1000000000,'1000000000,Idempotent
'0100000000,'1101100111,'1000000000,'0000000000,Regular Zero Divisor
'0001000000,'1101100111,'1000000000,'0000000000,Regular Zero Divisor
'0000001000,'1101100111,'1000000000,'0000000000,Regular Zero Divisor
'0000000010,'1101100111,'1000000000,'0000000000,Regular Zero Divisor
'0100000000,'1101100111,'0100000000,'0000000000,Nilpotent
'0001000000,'1101100111,'0100000000,'0000000000,Regular Zero Divisor
'0000001000,'1101100111,'0100000000,'0000000000,Regular Zero Divisor
'0000000010,'1101100111,'0100000000,'0000000000,Regular Zero Divisor
'0100000000,'1101100111,'0010000000,'0000000000,Regular Zero Divisor
'0010000000,'1101100111,'0010000000,'0010000000,Idempotent
'0001000000,'1101100111,'0010000000,'0000000000,Regular Zero Divisor
'0000001000,'1101100111,'0010000000,'0000000000,Regular Zero Divisor
'0000000010,'1101100111,'0010000000,'0000000000,Regular Zero Divisor
'0100000000,'1101100111,'0001000000,'0000000000,Regular Zero Divisor
'0001000000,'1101100111,'0001000000,'0000000000,Nilpotent
'0000001000,'1101100111,'0001000000,'0000000000,Regular Zero Divisor
'0000000010,'1101100111,'0001000000,'0000000000,Regular Zero Divisor
'0100000000,'1101100111,'0000100000,'0000000000,Regular Zero Divisor
'0001000000,'1101100111,'0000100000,'0000000000,Regular Zero Divisor
'0000100000,'1101100111,'0000100000,'0000100000,Idempotent
'0000001000,'1101100111,'0000100000,'0000000000,Regular Zero Divisor
'0000000010,'1101100111,'0000100000,'0000000000,Regular Zero Divisor
'0010000000,'1101100111,'0000010000,'0000000000,Regular Zero Divisor
'0000010000,'1101100111,'0000010000,'0000010000,Idempotent
'0000000100,'1101100111,'0000010000,'0000000000,Regular Zero Divisor
'0010000000,'1101100111,'0000001000,'0000000000,Regular Zero Divisor
'0000001000,'1101100111,'0000001000,'0000001000,Idempotent
'0000000100,'1101100111,'0000001000,'0000000000,Regular Zero Divisor
'0010000000,'1101100111,'0000000100,'0000000000,Regular Zero Divisor
'0000000100,'1101100111,'0000000100,'0000000000,Nilpotent
'0010000000,'1101100111,'0000000010,'0000000000,Regular Zero Divisor
'0000000100,'1101100111,'0000000010,'0000000000,Regular Zero Divisor
'0000000010,'1101100111,'0000000010,'0000000010,Idempotent
'0010000000,'1101100111,'0000000001,'0000000000,Regular Zero Divisor
'0000000100,'1101100111,'0000000001,'0000000000,Regular Zero Divisor
'0000000001,'1101100111,'0000000001,'0000000001,Idempotent
'1000000000,'1011100111,'1000000000,'1000000000,Idempotent
'0001000000,'1011100111,'1000000000,'0000000000,Regular Zero Divisor
'0000000010,'1011100111,'1000000000,'0000000000,Regular Zero Divisor
'0100000000,'1011100111,'0100000000,'0100000000,Idempotent
'0001000000,'1011100111,'0100000000,'0000000000,Regular Zero Divisor
'0000000010,'1011100111,'0100000000,'0000000000,Regular Zero Divisor
'0010000000,'1011100111,'0010000000,'0010000000,Idempotent
'0001000000,'1011100111,'0010000000,'0000000000,Regular Zero Divisor
'0000000010,'1011100111,'0010000000,'0000000000,Regular Zero Divisor
'0001000000,'1011100111,'0001000000,'0000000000,Nilpotent
'0000000010,'1011100111,'0001000000,'0000000000,Regular Zero Divisor
'0001000000,'1011100111,'0000100000,'0000000000,Regular Zero Divisor
'0000100000,'1011100111,'0000100000,'0000100000,Idempotent
'0000000010,'1011100111,'0000100000,'0000000000,Regular Zero Divisor
'1000000000,'1011100111,'0000010000,'0000000000,Regular Zero Divisor
'0010000000,'1011100111,'0000010000,'0000000000,Regular Zero Divisor
'0000010000,'1011100111,'0000010000,'0000000000,Nilpotent
'0000000100,'1011100111,'0000010000,'0000000000,Regular Zero Divisor
'1000000000,'1011100111,'0000001000,'0000000000,Regular Zero Divisor
'0010000000,'1011100111,'0000001000,'0000000000,Regular Zero Divisor
'0000010000,'1011100111,'0000001000,'0000000000,Regular Zero Divisor
'0000001000,'1011100111,'0000001000,'0000001000,Idempotent
'0000000100,'1011100111,'0000001000,'0000000000,Regular Zero Divisor
'1000000000,'1011100111,'0000000100,'0000000000,Regular Zero Divisor
'0010000000,'1011100111,'0000000100,'0000000000,Regular Zero Divisor
'0000010000,'1011100111,'0000000100,'0000000000,Regular Zero Divisor
'0000000100,'1011100111,'0000000100,'0000000000,Nilpotent
'1000000000,'1011100111,'0000000010,'0000000000,Regular Zero Divisor
'0010000000,'1011100111,'0000000010,'0000000000,Regular Zero Divisor
'0000010000,'1011100111,'0000000010,'0000000000,Regular Zero Divisor
'0000000100,'1011100111,'0000000010,'0000000000,Regular Zero Divisor
'0000000010,'1011100111,'0000000010,'0000000010,Idempotent
'1000000000,'1011100111,'0000000001,'0000000000,Regular Zero Divisor
'0010000000,'1011100111,'0000000001,'0000000000,Regular Zero Divisor
'0000010000,'1011100111,'0000000001,'0000000000,Regular Zero Divisor
'0000000100,'1011100111,'0000000001,'0000000000,Regular Zero Divisor
'0000000001,'1011100111,'0000000001,'0000000001,Idempotent
'1000000000,'0111100111,'1000000000,'0000000000,Nilpotent
'0001000000,'0111100111,'1000000000,'0000000000,Regular Zero Divisor
'0000010000,'0111100111,'1000000000,'0000000000,Regular Zero Divisor
'0000000010,'0111100111,'1000000000,'0000000000,Regular Zero Divisor
'1000000000,'0111100111,'0100000000,'0000000000,Regular Zero Divisor
'0100000000,'0111100111,'0100000000,'0100000000,Idempotent
'0001000000,'0111100111,'0100000000,'0000000000,Regular Zero Divisor
'0000010000,'0111100111,'0100000000,'0000000000,Regular Zero Divisor
'0000000010,'0111100111,'0100000000,'0000000000,Regular Zero Divisor
'1000000000,'0111100111,'0010000000,'0000000000,Regular Zero Divisor
'0010000000,'0111100111,'0010000000,'0010000000,Idempotent
'0001000000,'0111100111,'0010000000,'0000000000,Regular Zero Divisor
'0000010000,'0111100111,'0010000000,'0000000000,Regular Zero Divisor
'0000000010,'0111100111,'0010000000,'0000000000,Regular Zero Divisor
'1000000000,'0111100111,'0001000000,'0000000000,Regular Zero Divisor
'0001000000,'0111100111,'0001000000,'0000000000,Nilpotent
'0000010000,'0111100111,'0001000000,'0000000000,Regular Zero Divisor
'0000000010,'0111100111,'0001000000,'0000000000,Regular Zero Divisor
'1000000000,'0111100111,'0000100000,'0000000000,Regular Zero Divisor
'0001000000,'0111100111,'0000100000,'0000000000,Regular Zero Divisor
'0000100000,'0111100111,'0000100000,'0000100000,Idempotent
'0000010000,'0111100111,'0000100000,'0000000000,Regular Zero Divisor
'0000000010,'0111100111,'0000100000,'0000000000,Regular Zero Divisor
'0010000000,'0111100111,'0000010000,'0000000000,Regular Zero Divisor
'0000010000,'0111100111,'0000010000,'0000010000,Idempotent
'0000000100,'0111100111,'0000010000,'0000000000,Regular Zero Divisor
'0010000000,'0111100111,'0000001000,'0000000000,Regular Zero Divisor
'0000001000,'0111100111,'0000001000,'0000001000,Idempotent
'0000000100,'0111100111,'0000001000,'0000000000,Regular Zero Divisor
'0010000000,'0111100111,'0000000100,'0000000000,Regular Zero Divisor
'0000000100,'0111100111,'0000000100,'0000000000,Nilpotent
'0010000000,'0111100111,'0000000010,'0000000000,Regular Zero Divisor
'0000000100,'0111100111,'0000000010,'0000000000,Regular Zero Divisor
'0000000010,'0111100111,'0000000010,'0000000010,Idempotent
'0010000000,'0111100111,'0000000001,'0000000000,Regular Zero Divisor
'0000000100,'0111100111,'0000000001,'0000000000,Regular Zero Divisor
'0000000001,'0111100111,'0000000001,'0000000001,Idempotent
'1000000000,'1111100111,'1000000000,'1000000000,Idempotent
'0001000000,'1111100111,'1000000000,'0000000000,Regular Zero Divisor
'0000000010,'1111100111,'1000000000,'0000000000,Regular Zero Divisor
'0100000000,'1111100111,'0100000000,'0100000000,Idempotent
'0001000000,'1111100111,'0100000000,'0000000000,Regular Zero Divisor
'0000000010,'1111100111,'0100000000,'0000000000,Regular Zero Divisor
'0010000000,'1111100111,'0010000000,'0010000000,Idempotent
'0001000000,'1111100111,'0010000000,'0000000000,Regular Zero Divisor
'0000000010,'1111100111,'0010000000,'0000000000,Regular Zero Divisor
'0001000000,'1111100111,'0001000000,'0000000000,Nilpotent
'0000000010,'1111100111,'0001000000,'0000000000,Regular Zero Divisor
'0001000000,'1111100111,'0000100000,'0000000000,Regular Zero Divisor
'0000100000,'1111100111,'0000100000,'0000100000,Idempotent
'0000000010,'1111100111,'0000100000,'0000000000,Regular Zero Divisor
'0010000000,'1111100111,'0000010000,'0000000000,Regular Zero Divisor
'0000010000,'1111100111,'0000010000,'0000010000,Idempotent
'0000000100,'1111100111,'0000010000,'0000000000,Regular Zero Divisor
'0010000000,'1111100111,'0000001000,'0000000000,Regular Zero Divisor
'0000001000,'1111100111,'0000001000,'0000001000,Idempotent
'0000000100,'1111100111,'0000001000,'0000000000,Regular Zero Divisor
'0010000000,'1111100111,'0000000100,'0000000000,Regular Zero Divisor
'0000000100,'1111100111,'0000000100,'0000000000,Nilpotent
'0010000000,'1111100111,'0000000010,'0000000000,Regular Zero Divisor
'0000000100,'1111100111,'0000000010,'0000000000,Regular Zero Divisor
'0000000010,'1111100111,'0000000010,'0000000010,Idempotent
'0010000000,'1111100111,'0000000001,'0000000000,Regular Zero Divisor
'0000000100,'1111100111,'0000000001,'0000000000,Regular Zero Divisor
'0000000001,'1111100111,'0000000001,'0000000001,Idempotent
'1000000000,'1010010111,'1000000000,'1000000000,Idempotent
'0010000000,'1010010111,'1000000000,'0000000000,Regular Zero Divisor
'0001000000,'1010010111,'1000000000,'0000000000,Regular Zero Divisor
'0000000100,'1010010111,'1000000000,'0000000000,Regular Zero Divisor
'0000000010,'1010010111,'1000000000,'0000000000,Regular Zero Divisor
'0100000000,'1010010111,'0100000000,'0100000000,Idempotent
'0010000000,'1010010111,'0100000000,'0000000000,Regular Zero Divisor
'0001000000,'1010010111,'0100000000,'0000000000,Regular Zero Divisor
'0000000100,'1010010111,'0100000000,'0000000000,Regular Zero Divisor
'0000000010,'1010010111,'0100000000,'0000000000,Regular Zero Divisor
'0010000000,'1010010111,'0010000000,'0000000000,Nilpotent
'0001000000,'1010010111,'0010000000,'0000000000,Regular Zero Divisor
'0000000100,'1010010111,'0010000000,'0000000000,Regular Zero Divisor
'0000000010,'1010010111,'0010000000,'0000000000,Regular Zero Divisor
'0010000000,'1010010111,'0001000000,'0000000000,Regular Zero Divisor
'0001000000,'1010010111,'0001000000,'0000000000,Nilpotent
'0000000100,'1010010111,'0001000000,'0000000000,Regular Zero Divisor
'0000000010,'1010010111,'0001000000,'0000000000,Regular Zero Divisor
'0010000000,'1010010111,'0000100000,'0000000000,Regular Zero Divisor
'0001000000,'1010010111,'0000100000,'0000000000,Regular Zero Divisor
'0000100000,'1010010111,'0000100000,'0000100000,Idempotent
'0000000100,'1010010111,'0000100000,'0000000000,Regular Zero Divisor
'0000000010,'1010010111,'0000100000,'0000000000,Regular Zero Divisor
'1000000000,'1010010111,'0000010000,'0000000000,Regular Zero Divisor
'0100000000,'1010010111,'0000010000,'0000000000,Regular Zero Divisor
'0000010000,'1010010111,'0000010000,'0000000000,Nilpotent
'0000001000,'1010010111,'0000010000,'0000000000,Regular Zero Divisor
'1000000000,'1010010111,'0000001000,'0000000000,Regular Zero Divisor
'0100000000,'1010010111,'0000001000,'0000000000,Regular Zero Divisor
'0000010000,'1010010111,'0000001000,'0000000000,Regular Zero Divisor
'0000001000,'1010010111,'0000001000,'0000000000,Nilpotent
'1000000000,'1010010111,'0000000100,'0000000000,Regular Zero Divisor
'0100000000,'1010010111,'0000000100,'0000000000,Regular Zero Divisor
'0000010000,'1010010111,'0000000100,'0000000000,Regular Zero Divisor
'0000001000,'1010010111,'0000000100,'0000000000,Regular Zero Divisor
'0000000100,'1010010111,'0000000100,'0000000100,Idempotent
'1000000000,'1010010111,'0000000010,'0000000000,Regular Zero Divisor
'0100000000,'1010010111,'0000000010,'0000000000,Regular Zero Divisor
'0000010000,'1010010111,'0000000010,'0000000000,Regular Zero Divisor
'0000001000,'1010010111,'0000000010,'0000000000,Regular Zero Divisor
'0000000010,'1010010111,'0000000010,'0000000010,Idempotent
'1000000000,'1010010111,'0000000001,'0000000000,Regular Zero Divisor
'0100000000,'1010010111,'0000000001,'0000000000,Regular Zero Divisor
'0000010000,'1010010111,'0000000001,'0000000000,Regular Zero Divisor
'0000001000,'1010010111,'0000000001,'0000000000,Regular Zero Divisor
'0000000001,'1010010111,'0000000001,'0000000001,Idempotent
'1000000000,'0110010111,'1000000000,'0000000000,Nilpotent
'0010000000,'0110010111,'1000000000,'0000000000,Regular Zero Divisor
'0001000000,'0110010111,'1000000000,'0000000000,Regular Zero Divisor
'0000010000,'0110010111,'1000000000,'0000000000,Regular Zero Divisor
'0000000100,'0110010111,'1000000000,'0000000000,Regular Zero Divisor
'0000000010,'0110010111,'1000000000,'0000000000,Regular Zero Divisor
'1000000000,'0110010111,'0100000000,'0000000000,Regular Zero Divisor
'0100000000,'0110010111,'0100000000,'0100000000,Idempotent
'0010000000,'0110010111,'0100000000,'0000000000,Regular Zero Divisor
'0001000000,'0110010111,'0100000000,'0000000000,Regular Zero Divisor
'0000010000,'0110010111,'0100000000,'0000000000,Regular Zero Divisor
'0000000100,'0110010111,'0100000000,'0000000000,Regular Zero Divisor
'0000000010,'0110010111,'0100000000,'0000000000,Regular Zero Divisor
'1000000000,'0110010111,'0010000000,'0000000000,Regular Zero Divisor
'0010000000,'0110010111,'0010000000,'0000000000,Nilpotent
'0001000000,'0110010111,'0010000000,'0000000000,Regular Zero Divisor
'0000010000,'0110010111,'0010000000,'0000000000,Regular Zero Divisor
'0000000100,'0110010111,'0010000000,'0000000000,Regular Zero Divisor
'0000000010,'0110010111,'0010000000,'0000000000,Regular Zero Divisor
'1000000000,'0110010111,'0001000000,'0000000000,Regular Zero Divisor
'0010000000,'0110010111,'0001000000,'0000000000,Regular Zero Divisor
'0001000000,'0110010111,'0001000000,'0000000000,Nilpotent
'0000010000,'0110010111,'0001000000,'0000000000,Regular Zero Divisor
'0000000100,'0110010111,'0001000000,'0000000000,Regular Zero Divisor
'0000000010,'0110010111,'0001000000,'0000000000,Regular Zero Divisor
'1000000000,'0110010111,'0000100000,'0000000000,Regular Zero Divisor
'0010000000,'0110010111,'0000100000,'0000000000,Regular Zero Divisor
'0001000000,'0110010111,'0000100000,'0000000000,Regular Zero Divisor
'0000100000,'0110010111,'0000100000,'0000100000,Idempotent
'0000010000,'0110010111,'0000100000,'0000000000,Regular Zero Divisor
'0000000100,'0110010111,'0000100000,'0000000000,Regular Zero Divisor
'0000000010,'0110010111,'0000100000,'0000000000,Regular Zero Divisor
'0100000000,'0110010111,'0000010000,'0000000000,Regular Zero Divisor
'0000010000,'0110010111,'0000010000,'0000010000,Idempotent
'0000001000,'0110010111,'0000010000,'0000000000,Regular Zero Divisor
'0100000000,'0110010111,'0000001000,'0000000000,Regular Zero Divisor
'0000001000,'0110010111,'0000001000,'0000000000,Nilpotent
'0100000000,'0110010111,'0000000100,'0000000000,Regular Zero Divisor
'0000001000,'0110010111,'0000000100,'0000000000,Regular Zero Divisor
'0000000100,'0110010111,'0000000100,'0000000100,Idempotent
'0100000000,'0110010111,'0000000010,'0000000000,Regular Zero Divisor
'0000001000,'0110010111,'0000000010,'0000000000,Regular Zero Divisor
'0000000010,'0110010111,'0000000010,'0000000010,Idempotent
'0100000000,'0110010111,'0000000001,'0000000000,Regular Zero Divisor
'0000001000,'0110010111,'0000000001,'0000000000,Regular Zero Divisor
'0000000001,'0110010111,'0000000001,'0000000001,Idempotent
'1000000000,'1110010111,'1000000000,'1000000000,Idempotent
'0010000000,'1110010111,'1000000000,'0000000000,Regular Zero Divisor
'0001000000,'1110010111,'1000000000,'0000000000,Regular Zero Divisor
'0000000100,'1110010111,'1000000000,'0000000000,Regular Zero Divisor
'0000000010,'1110010111,'1000000000,'0000000000,Regular Zero Divisor
'0100000000,'1110010111,'0100000000,'0100000000,Idempotent
'0010000000,'1110010111,'0100000000,'0000000000,Regular Zero Divisor
'0001000000,'1110010111,'0100000000,'0000000000,Regular Zero Divisor
'0000000100,'1110010111,'0100000000,'0000000000,Regular Zero Divisor
'0000000010,'1110010111,'0100000000,'0000000000,Regular Zero Divisor
'0010000000,'1110010111,'0010000000,'0000000000,Nilpotent
'0001000000,'1110010111,'0010000000,'0000000000,Regular Zero Divisor
'0000000100,'1110010111,'0010000000,'0000000000,Regular Zero Divisor
'0000000010,'1110010111,'0010000000,'0000000000,Regular Zero Divisor
'0010000000,'1110010111,'0001000000,'0000000000,Regular Zero Divisor
'0001000000,'1110010111,'0001000000,'0000000000,Nilpotent
'0000000100,'1110010111,'0001000000,'0000000000,Regular Zero Divisor
'0000000010,'1110010111,'0001000000,'0000000000,Regular Zero Divisor
'0010000000,'1110010111,'0000100000,'0000000000,Regular Zero Divisor
'0001000000,'1110010111,'0000100000,'0000000000,Regular Zero Divisor
'0000100000,'1110010111,'0000100000,'0000100000,Idempotent
'0000000100,'1110010111,'0000100000,'0000000000,Regular Zero Divisor
'0000000010,'1110010111,'0000100000,'0000000000,Regular Zero Divisor
'0100000000,'1110010111,'0000010000,'0000000000,Regular Zero Divisor
'0000010000,'1110010111,'0000010000,'0000010000,Idempotent
'0000001000,'1110010111,'0000010000,'0000000000,Regular Zero Divisor
'0100000000,'1110010111,'0000001000,'0000000000,Regular Zero Divisor
'0000001000,'1110010111,'0000001000,'0000000000,Nilpotent
'0100000000,'1110010111,'0000000100,'0000000000,Regular Zero Divisor
'0000001000,'1110010111,'0000000100,'0000000000,Regular Zero Divisor
'0000000100,'1110010111,'0000000100,'0000000100,Idempotent
'0100000000,'1110010111,'0000000010,'0000000000,Regular Zero Divisor
'0000001000,'1110010111,'0000000010,'0000000000,Regular Zero Divisor
'0000000010,'1110010111,'0000000010,'0000000010,Idempotent
'0100000000,'1110010111,'0000000001,'0000000000,Regular Zero Divisor
'0000001000,'1110010111,'0000000001,'0000000000,Regular Zero Divisor
'0000000001,'1110010111,'0000000001,'0000000001,Idempotent
'1000000000,'1001010111,'1000000000,'1000000000,Idempotent
'0100000000,'1001010111,'1000000000,'0000000000,Regular Zero Divisor
'0010000000,'1001010111,'1000000000,'0000000000,Regular Zero Divisor
'0001000000,'1001010111,'1000000000,'0000000000,Regular Zero Divisor
'0000001000,'1001010111,'1000000000,'0000000000,Regular Zero Divisor
'0000000100,'1001010111,'1000000000,'0000000000,Regular Zero Divisor
'0000000010,'1001010111,'1000000000,'0000000000,Regular Zero Divisor
'0100000000,'1001010111,'0100000000,'0000000000,Nilpotent
'0010000000,'1001010111,'0100000000,'0000000000,Regular Zero Divisor
'0001000000,'1001010111,'0100000000,'0000000000,Regular Zero Divisor
'0000001000,'1001010111,'0100000000,'0000000000,Regular Zero Divisor
'0000000100,'1001010111,'0100000000,'0000000000,Regular Zero Divisor
'0000000010,'1001010111,'0100000000,'0000000000,Regular Zero Divisor
'0100000000,'1001010111,'0010000000,'0000000000,Regular Zero Divisor
'0010000000,'1001010111,'0010000000,'0000000000,Nilpotent
'0001000000,'1001010111,'0010000000,'0000000000,Regular Zero Divisor
'0000001000,'1001010111,'0010000000,'0000000000,Regular Zero Divisor
'0000000100,'1001010111,'0010000000,'0000000000,Regular Zero Divisor
'0000000010,'1001010111,'0010000000,'0000000000,Regular Zero Divisor
'0100000000,'1001010111,'0001000000,'0000000000,Regular Zero Divisor
'0010000000,'1001010111,'0001000000,'0000000000,Regular Zero Divisor
'0001000000,'1001010111,'0001000000,'0000000000,Nilpotent
'0000001000,'1001010111,'0001000000,'0000000000,Regular Zero Divisor
'0000000100,'1001010111,'0001000000,'0000000000,Regular Zero Divisor
'0000000010,'1001010111,'0001000000,'0000000000,Regular Zero Divisor
'0100000000,'1001010111,'0000100000,'0000000000,Regular Zero Divisor
'0010000000,'1001010111,'0000100000,'0000000000,Regular Zero Divisor
'0001000000,'1001010111,'0000100000,'0000000000,Regular Zero Divisor
'0000100000,'1001010111,'0000100000,'0000100000,Idempotent
'0000001000,'1001010111,'0000100000,'0000000000,Regular Zero Divisor
'0000000100,'1001010111,'0000100000,'0000000000,Regular Zero Divisor
'0000000010,'1001010111,'0000100000,'0000000000,Regular Zero Divisor
'1000000000,'1001010111,'0000010000,'0000000000,Regular Zero Divisor
'0000010000,'1001010111,'0000010000,'0000000000,Nilpotent
'1000000000,'1001010111,'0000001000,'0000000000,Regular Zero Divisor
'0000010000,'1001010111,'0000001000,'0000000000,Regular Zero Divisor
'0000001000,'1001010111,'0000001000,'0000001000,Idempotent
'1000000000,'1001010111,'0000000100,'0000000000,Regular Zero Divisor
'0000010000,'1001010111,'0000000100,'0000000000,Regular Zero Divisor
'0000000100,'1001010111,'0000000100,'0000000100,Idempotent
'1000000000,'1001010111,'0000000010,'0000000000,Regular Zero Divisor
'0000010000,'1001010111,'0000000010,'0000000000,Regular Zero Divisor
'0000000010,'1001010111,'0000000010,'0000000010,Idempotent
'1000000000,'1001010111,'0000000001,'0000000000,Regular Zero Divisor
'0000010000,'1001010111,'0000000001,'0000000000,Regular Zero Divisor
'0000000001,'1001010111,'0000000001,'0000000001,Idempotent
'1000000000,'0101010111,'1000000000,'0000000000,Nilpotent
'0100000000,'0101010111,'1000000000,'0000000000,Regular Zero Divisor
'0010000000,'0101010111,'1000000000,'0000000000,Regular Zero Divisor
'0001000000,'0101010111,'1000000000,'0000000000,Regular Zero Divisor
'0000010000,'0101010111,'1000000000,'0000000000,Regular Zero Divisor
'0000001000,'0101010111,'1000000000,'0000000000,Regular Zero Divisor
'0000000100,'0101010111,'1000000000,'0000000000,Regular Zero Divisor
'0000000010,'0101010111,'1000000000,'0000000000,Regular Zero Divisor
'1000000000,'0101010111,'0100000000,'0000000000,Regular Zero Divisor
'0100000000,'0101010111,'0100000000,'0000000000,Nilpotent
'0010000000,'0101010111,'0100000000,'0000000000,Regular Zero Divisor
'0001000000,'0101010111,'0100000000,'0000000000,Regular Zero Divisor
'0000010000,'0101010111,'0100000000,'0000000000,Regular Zero Divisor
'0000001000,'0101010111,'0100000000,'0000000000,Regular Zero Divisor
'0000000100,'0101010111,'0100000000,'0000000000,Regular Zero Divisor
'0000000010,'0101010111,'0100000000,'0000000000,Regular Zero Divisor
'1000000000,'0101010111,'0010000000,'0000000000,Regular Zero Divisor
'0100000000,'0101010111,'0010000000,'0000000000,Regular Zero Divisor
'0010000000,'0101010111,'0010000000,'0000000000,Nilpotent
'0001000000,'0101010111,'0010000000,'0000000000,Regular Zero Divisor
'0000010000,'0101010111,'0010000000,'0000000000,Regular Zero Divisor
'0000001000,'0101010111,'0010000000,'0000000000,Regular Zero Divisor
'0000000100,'0101010111,'0010000000,'0000000000,Regular Zero Divisor
'0000000010,'0101010111,'0010000000,'0000000000,Regular Zero Divisor
'1000000000,'0101010111,'0001000000,'0000000000,Regular Zero Divisor
'0100000000,'0101010111,'0001000000,'0000000000,Regular Zero Divisor
'0010000000,'0101010111,'0001000000,'0000000000,Regular Zero Divisor
'0001000000,'0101010111,'0001000000,'0000000000,Nilpotent
'0000010000,'0101010111,'0001000000,'0000000000,Regular Zero Divisor
'0000001000,'0101010111,'0001000000,'0000000000,Regular Zero Divisor
'0000000100,'0101010111,'0001000000,'0000000000,Regular Zero Divisor
'0000000010,'0101010111,'0001000000,'0000000000,Regular Zero Divisor
'1000000000,'0101010111,'0000100000,'0000000000,Regular Zero Divisor
'0100000000,'0101010111,'0000100000,'0000000000,Regular Zero Divisor
'0010000000,'0101010111,'0000100000,'0000000000,Regular Zero Divisor
'0001000000,'0101010111,'0000100000,'0000000000,Regular Zero Divisor
'0000100000,'0101010111,'0000100000,'0000100000,Idempotent
'0000010000,'0101010111,'0000100000,'0000000000,Regular Zero Divisor
'0000001000,'0101010111,'0000100000,'0000000000,Regular Zero Divisor
'0000000100,'0101010111,'0000100000,'0000000000,Regular Zero Divisor
'0000000010,'0101010111,'0000100000,'0000000000,Regular Zero Divisor
'0000010000,'0101010111,'0000010000,'0000010000,Idempotent
'0000001000,'0101010111,'0000001000,'0000001000,Idempotent
'0000000100,'0101010111,'0000000100,'0000000100,Idempotent
'0000000010,'0101010111,'0000000010,'0000000010,Idempotent
'0000000001,'0101010111,'0000000001,'0000000001,Idempotent
'1000000000,'1101010111,'1000000000,'1000000000,Idempotent
'0100000000,'1101010111,'1000000000,'0000000000,Regular Zero Divisor
'0010000000,'1101010111,'1000000000,'0000000000,Regular Zero Divisor
'0001000000,'1101010111,'1000000000,'0000000000,Regular Zero Divisor
'0000001000,'1101010111,'1000000000,'0000000000,Regular Zero Divisor
'0000000100,'1101010111,'1000000000,'0000000000,Regular Zero Divisor
'0000000010,'1101010111,'1000000000,'0000000000,Regular Zero Divisor
'0100000000,'1101010111,'0100000000,'0000000000,Nilpotent
'0010000000,'1101010111,'0100000000,'0000000000,Regular Zero Divisor
'0001000000,'1101010111,'0100000000,'0000000000,Regular Zero Divisor
'0000001000,'1101010111,'0100000000,'0000000000,Regular Zero Divisor
'0000000100,'1101010111,'0100000000,'0000000000,Regular Zero Divisor
'0000000010,'1101010111,'0100000000,'0000000000,Regular Zero Divisor
'0100000000,'1101010111,'0010000000,'0000000000,Regular Zero Divisor
'0010000000,'1101010111,'0010000000,'0000000000,Nilpotent
'0001000000,'1101010111,'0010000000,'0000000000,Regular Zero Divisor
'0000001000,'1101010111,'0010000000,'0000000000,Regular Zero Divisor
'0000000100,'1101010111,'0010000000,'0000000000,Regular Zero Divisor
'0000000010,'1101010111,'0010000000,'0000000000,Regular Zero Divisor
'0100000000,'1101010111,'0001000000,'0000000000,Regular Zero Divisor
'0010000000,'1101010111,'0001000000,'0000000000,Regular Zero Divisor
'0001000000,'1101010111,'0001000000,'0000000000,Nilpotent
'0000001000,'1101010111,'0001000000,'0000000000,Regular Zero Divisor
'0000000100,'1101010111,'0001000000,'0000000000,Regular Zero Divisor
'0000000010,'1101010111,'0001000000,'0000000000,Regular Zero Divisor
'0100000000,'1101010111,'0000100000,'0000000000,Regular Zero Divisor
'0010000000,'1101010111,'0000100000,'0000000000,Regular Zero Divisor
'0001000000,'1101010111,'0000100000,'0000000000,Regular Zero Divisor
'0000100000,'1101010111,'0000100000,'0000100000,Idempotent
'0000001000,'1101010111,'0000100000,'0000000000,Regular Zero Divisor
'0000000100,'1101010111,'0000100000,'0000000000,Regular Zero Divisor
'0000000010,'1101010111,'0000100000,'0000000000,Regular Zero Divisor
'0000010000,'1101010111,'0000010000,'0000010000,Idempotent
'0000001000,'1101010111,'0000001000,'0000001000,Idempotent
'0000000100,'1101010111,'0000000100,'0000000100,Idempotent
'0000000010,'1101010111,'0000000010,'0000000010,Idempotent
'0000000001,'1101010111,'0000000001,'0000000001,Idempotent
'1000000000,'1011010111,'1000000000,'1000000000,Idempotent
'0010000000,'1011010111,'1000000000,'0000000000,Regular Zero Divisor
'0001000000,'1011010111,'1000000000,'0000000000,Regular Zero Divisor
'0000000100,'1011010111,'1000000000,'0000000000,Regular Zero Divisor
'0000000010,'1011010111,'1000000000,'0000000000,Regular Zero Divisor
'0100000000,'1011010111,'0100000000,'0100000000,Idempotent
'0010000000,'1011010111,'0100000000,'0000000000,Regular Zero Divisor
'0001000000,'1011010111,'0100000000,'0000000000,Regular Zero Divisor
'0000000100,'1011010111,'0100000000,'0000000000,Regular Zero Divisor
'0000000010,'1011010111,'0100000000,'0000000000,Regular Zero Divisor
'0010000000,'1011010111,'0010000000,'0000000000,Nilpotent
'0001000000,'1011010111,'0010000000,'0000000000,Regular Zero Divisor
'0000000100,'1011010111,'0010000000,'0000000000,Regular Zero Divisor
'0000000010,'1011010111,'0010000000,'0000000000,Regular Zero Divisor
'0010000000,'1011010111,'0001000000,'0000000000,Regular Zero Divisor
'0001000000,'1011010111,'0001000000,'0000000000,Nilpotent
'0000000100,'1011010111,'0001000000,'0000000000,Regular Zero Divisor
'0000000010,'1011010111,'0001000000,'0000000000,Regular Zero Divisor
'0010000000,'1011010111,'0000100000,'0000000000,Regular Zero Divisor
'0001000000,'1011010111,'0000100000,'0000000000,Regular Zero Divisor
'0000100000,'1011010111,'0000100000,'0000100000,Idempotent
'0000000100,'1011010111,'0000100000,'0000000000,Regular Zero Divisor
'0000000010,'1011010111,'0000100000,'0000000000,Regular Zero Divisor
'1000000000,'1011010111,'0000010000,'0000000000,Regular Zero Divisor
'0000010000,'1011010111,'0000010000,'0000000000,Nilpotent
'1000000000,'1011010111,'0000001000,'0000000000,Regular Zero Divisor
'0000010000,'1011010111,'0000001000,'0000000000,Regular Zero Divisor
'0000001000,'1011010111,'0000001000,'0000001000,Idempotent
'1000000000,'1011010111,'0000000100,'0000000000,Regular Zero Divisor
'0000010000,'1011010111,'0000000100,'0000000000,Regular Zero Divisor
'0000000100,'1011010111,'0000000100,'0000000100,Idempotent
'1000000000,'1011010111,'0000000010,'0000000000,Regular Zero Divisor
'0000010000,'1011010111,'0000000010,'0000000000,Regular Zero Divisor
'0000000010,'1011010111,'0000000010,'0000000010,Idempotent
'1000000000,'1011010111,'0000000001,'0000000000,Regular Zero Divisor
'0000010000,'1011010111,'0000000001,'0000000000,Regular Zero Divisor
'0000000001,'1011010111,'0000000001,'0000000001,Idempotent
'1000000000,'0111010111,'1000000000,'0000000000,Nilpotent
'0010000000,'0111010111,'1000000000,'0000000000,Regular Zero Divisor
'0001000000,'0111010111,'1000000000,'0000000000,Regular Zero Divisor
'0000010000,'0111010111,'1000000000,'0000000000,Regular Zero Divisor
'0000000100,'0111010111,'1000000000,'0000000000,Regular Zero Divisor
'0000000010,'0111010111,'1000000000,'0000000000,Regular Zero Divisor
'1000000000,'0111010111,'0100000000,'0000000000,Regular Zero Divisor
'0100000000,'0111010111,'0100000000,'0100000000,Idempotent
'0010000000,'0111010111,'0100000000,'0000000000,Regular Zero Divisor
'0001000000,'0111010111,'0100000000,'0000000000,Regular Zero Divisor
'0000010000,'0111010111,'0100000000,'0000000000,Regular Zero Divisor
'0000000100,'0111010111,'0100000000,'0000000000,Regular Zero Divisor
'0000000010,'0111010111,'0100000000,'0000000000,Regular Zero Divisor
'1000000000,'0111010111,'0010000000,'0000000000,Regular Zero Divisor
'0010000000,'0111010111,'0010000000,'0000000000,Nilpotent
'0001000000,'0111010111,'0010000000,'0000000000,Regular Zero Divisor
'0000010000,'0111010111,'0010000000,'0000000000,Regular Zero Divisor
'0000000100,'0111010111,'0010000000,'0000000000,Regular Zero Divisor
'0000000010,'0111010111,'0010000000,'0000000000,Regular Zero Divisor
'1000000000,'0111010111,'0001000000,'0000000000,Regular Zero Divisor
'0010000000,'0111010111,'0001000000,'0000000000,Regular Zero Divisor
'0001000000,'0111010111,'0001000000,'0000000000,Nilpotent
'0000010000,'0111010111,'0001000000,'0000000000,Regular Zero Divisor
'0000000100,'0111010111,'0001000000,'0000000000,Regular Zero Divisor
'0000000010,'0111010111,'0001000000,'0000000000,Regular Zero Divisor
'1000000000,'0111010111,'0000100000,'0000000000,Regular Zero Divisor
'0010000000,'0111010111,'0000100000,'0000000000,Regular Zero Divisor
'0001000000,'0111010111,'0000100000,'0000000000,Regular Zero Divisor
'0000100000,'0111010111,'0000100000,'0000100000,Idempotent
'0000010000,'0111010111,'0000100000,'0000000000,Regular Zero Divisor
'0000000100,'0111010111,'0000100000,'0000000000,Regular Zero Divisor
'0000000010,'0111010111,'0000100000,'0000000000,Regular Zero Divisor
'0000010000,'0111010111,'0000010000,'0000010000,Idempotent
'0000001000,'0111010111,'0000001000,'0000001000,Idempotent
'0000000100,'0111010111,'0000000100,'0000000100,Idempotent
'0000000010,'0111010111,'0000000010,'0000000010,Idempotent
'0000000001,'0111010111,'0000000001,'0000000001,Idempotent
'1000000000,'1111010111,'1000000000,'1000000000,Idempotent
'0010000000,'1111010111,'1000000000,'0000000000,Regular Zero Divisor
'0001000000,'1111010111,'1000000000,'0000000000,Regular Zero Divisor
'0000000100,'1111010111,'1000000000,'0000000000,Regular Zero Divisor
'0000000010,'1111010111,'1000000000,'0000000000,Regular Zero Divisor
'0100000000,'1111010111,'0100000000,'0100000000,Idempotent
'0010000000,'1111010111,'0100000000,'0000000000,Regular Zero Divisor
'0001000000,'1111010111,'0100000000,'0000000000,Regular Zero Divisor
'0000000100,'1111010111,'0100000000,'0000000000,Regular Zero Divisor
'0000000010,'1111010111,'0100000000,'0000000000,Regular Zero Divisor
'0010000000,'1111010111,'0010000000,'0000000000,Nilpotent
'0001000000,'1111010111,'0010000000,'0000000000,Regular Zero Divisor
'0000000100,'1111010111,'0010000000,'0000000000,Regular Zero Divisor
'0000000010,'1111010111,'0010000000,'0000000000,Regular Zero Divisor
'0010000000,'1111010111,'0001000000,'0000000000,Regular Zero Divisor
'0001000000,'1111010111,'0001000000,'0000000000,Nilpotent
'0000000100,'1111010111,'0001000000,'0000000000,Regular Zero Divisor
'0000000010,'1111010111,'0001000000,'0000000000,Regular Zero Divisor
'0010000000,'1111010111,'0000100000,'0000000000,Regular Zero Divisor
'0001000000,'1111010111,'0000100000,'0000000000,Regular Zero Divisor
'0000100000,'1111010111,'0000100000,'0000100000,Idempotent
'0000000100,'1111010111,'0000100000,'0000000000,Regular Zero Divisor
'0000000010,'1111010111,'0000100000,'0000000000,Regular Zero Divisor
'0000010000,'1111010111,'0000010000,'0000010000,Idempotent
'0000001000,'1111010111,'0000001000,'0000001000,Idempotent
'0000000100,'1111010111,'0000000100,'0000000100,Idempotent
'0000000010,'1111010111,'0000000010,'0000000010,Idempotent
'0000000001,'1111010111,'0000000001,'0000000001,Idempotent
'1000000000,'1010110111,'1000000000,'1000000000,Idempotent
'0001000000,'1010110111,'1000000000,'0000000000,Regular Zero Divisor
'0000000010,'1010110111,'1000000000,'0000000000,Regular Zero Divisor
'0100000000,'1010110111,'0100000000,'0100000000,Idempotent
'0001000000,'1010110111,'0100000000,'0000000000,Regular Zero Divisor
'0000000010,'1010110111,'0100000000,'0000000000,Regular Zero Divisor
'0010000000,'1010110111,'0010000000,'0010000000,Idempotent
'0001000000,'1010110111,'0010000000,'0000000000,Regular Zero Divisor
'0000000010,'1010110111,'0010000000,'0000000000,Regular Zero Divisor
'0001000000,'1010110111,'0001000000,'0000000000,Nilpotent
'0000000010,'1010110111,'0001000000,'0000000000,Regular Zero Divisor
'0001000000,'1010110111,'0000100000,'0000000000,Regular Zero Divisor
'0000100000,'1010110111,'0000100000,'0000100000,Idempotent
'0000000010,'1010110111,'0000100000,'0000000000,Regular Zero Divisor
'1000000000,'1010110111,'0000010000,'0000000000,Regular Zero Divisor
'0100000000,'1010110111,'0000010000,'0000000000,Regular Zero Divisor
'0000010000,'1010110111,'0000010000,'0000000000,Nilpotent
'0000001000,'1010110111,'0000010000,'0000000000,Regular Zero Divisor
'1000000000,'1010110111,'0000001000,'0000000000,Regular Zero Divisor
'0100000000,'1010110111,'0000001000,'0000000000,Regular Zero Divisor
'0000010000,'1010110111,'0000001000,'0000000000,Regular Zero Divisor
'0000001000,'1010110111,'0000001000,'0000000000,Nilpotent
'1000000000,'1010110111,'0000000100,'0000000000,Regular Zero Divisor
'0100000000,'1010110111,'0000000100,'0000000000,Regular Zero Divisor
'0000010000,'1010110111,'0000000100,'0000000000,Regular Zero Divisor
'0000001000,'1010110111,'0000000100,'0000000000,Regular Zero Divisor
'0000000100,'1010110111,'0000000100,'0000000100,Idempotent
'1000000000,'1010110111,'0000000010,'0000000000,Regular Zero Divisor
'0100000000,'1010110111,'0000000010,'0000000000,Regular Zero Divisor
'0000010000,'1010110111,'0000000010,'0000000000,Regular Zero Divisor
'0000001000,'1010110111,'0000000010,'0000000000,Regular Zero Divisor
'0000000010,'1010110111,'0000000010,'0000000010,Idempotent
'1000000000,'1010110111,'0000000001,'0000000000,Regular Zero Divisor
'0100000000,'1010110111,'0000000001,'0000000000,Regular Zero Divisor
'0000010000,'1010110111,'0000000001,'0000000000,Regular Zero Divisor
'0000001000,'1010110111,'0000000001,'0000000000,Regular Zero Divisor
'0000000001,'1010110111,'0000000001,'0000000001,Idempotent
'1000000000,'0110110111,'1000000000,'0000000000,Nilpotent
'0001000000,'0110110111,'1000000000,'0000000000,Regular Zero Divisor
'0000010000,'0110110111,'1000000000,'0000000000,Regular Zero Divisor
'0000000010,'0110110111,'1000000000,'0000000000,Regular Zero Divisor
'1000000000,'0110110111,'0100000000,'0000000000,Regular Zero Divisor
'0100000000,'0110110111,'0100000000,'0100000000,Idempotent
'0001000000,'0110110111,'0100000000,'0000000000,Regular Zero Divisor
'0000010000,'0110110111,'0100000000,'0000000000,Regular Zero Divisor
'0000000010,'0110110111,'0100000000,'0000000000,Regular Zero Divisor
'1000000000,'0110110111,'0010000000,'0000000000,Regular Zero Divisor
'0010000000,'0110110111,'0010000000,'0010000000,Idempotent
'0001000000,'0110110111,'0010000000,'0000000000,Regular Zero Divisor
'0000010000,'0110110111,'0010000000,'0000000000,Regular Zero Divisor
'0000000010,'0110110111,'0010000000,'0000000000,Regular Zero Divisor
'1000000000,'0110110111,'0001000000,'0000000000,Regular Zero Divisor
'0001000000,'0110110111,'0001000000,'0000000000,Nilpotent
'0000010000,'0110110111,'0001000000,'0000000000,Regular Zero Divisor
'0000000010,'0110110111,'0001000000,'0000000000,Regular Zero Divisor
'1000000000,'0110110111,'0000100000,'0000000000,Regular Zero Divisor
'0001000000,'0110110111,'0000100000,'0000000000,Regular Zero Divisor
'0000100000,'0110110111,'0000100000,'0000100000,Idempotent
'0000010000,'0110110111,'0000100000,'0000000000,Regular Zero Divisor
'0000000010,'0110110111,'0000100000,'0000000000,Regular Zero Divisor
'0100000000,'0110110111,'0000010000,'0000000000,Regular Zero Divisor
'0000010000,'0110110111,'0000010000,'0000010000,Idempotent
'0000001000,'0110110111,'0000010000,'0000000000,Regular Zero Divisor
'0100000000,'0110110111,'0000001000,'0000000000,Regular Zero Divisor
'0000001000,'0110110111,'0000001000,'0000000000,Nilpotent
'0100000000,'0110110111,'0000000100,'0000000000,Regular Zero Divisor
'0000001000,'0110110111,'0000000100,'0000000000,Regular Zero Divisor
'0000000100,'0110110111,'0000000100,'0000000100,Idempotent
'0100000000,'0110110111,'0000000010,'0000000000,Regular Zero Divisor
'0000001000,'0110110111,'0000000010,'0000000000,Regular Zero Divisor
'0000000010,'0110110111,'0000000010,'0000000010,Idempotent
'0100000000,'0110110111,'0000000001,'0000000000,Regular Zero Divisor
'0000001000,'0110110111,'0000000001,'0000000000,Regular Zero Divisor
'0000000001,'0110110111,'0000000001,'0000000001,Idempotent
'1000000000,'1110110111,'1000000000,'1000000000,Idempotent
'0001000000,'1110110111,'1000000000,'0000000000,Regular Zero Divisor
'0000000010,'1110110111,'1000000000,'0000000000,Regular Zero Divisor
'0100000000,'1110110111,'0100000000,'0100000000,Idempotent
'0001000000,'1110110111,'0100000000,'0000000000,Regular Zero Divisor
'0000000010,'1110110111,'0100000000,'0000000000,Regular Zero Divisor
'0010000000,'1110110111,'0010000000,'0010000000,Idempotent
'0001000000,'1110110111,'0010000000,'0000000000,Regular Zero Divisor
'0000000010,'1110110111,'0010000000,'0000000000,Regular Zero Divisor
'0001000000,'1110110111,'0001000000,'0000000000,Nilpotent
'0000000010,'1110110111,'0001000000,'0000000000,Regular Zero Divisor
'0001000000,'1110110111,'0000100000,'0000000000,Regular Zero Divisor
'0000100000,'1110110111,'0000100000,'0000100000,Idempotent
'0000000010,'1110110111,'0000100000,'0000000000,Regular Zero Divisor
'0100000000,'1110110111,'0000010000,'0000000000,Regular Zero Divisor
'0000010000,'1110110111,'0000010000,'0000010000,Idempotent
'0000001000,'1110110111,'0000010000,'0000000000,Regular Zero Divisor
'0100000000,'1110110111,'0000001000,'0000000000,Regular Zero Divisor
'0000001000,'1110110111,'0000001000,'0000000000,Nilpotent
'0100000000,'1110110111,'0000000100,'0000000000,Regular Zero Divisor
'0000001000,'1110110111,'0000000100,'0000000000,Regular Zero Divisor
'0000000100,'1110110111,'0000000100,'0000000100,Idempotent
'0100000000,'1110110111,'0000000010,'0000000000,Regular Zero Divisor
'0000001000,'1110110111,'0000000010,'0000000000,Regular Zero Divisor
'0000000010,'1110110111,'0000000010,'0000000010,Idempotent
'0100000000,'1110110111,'0000000001,'0000000000,Regular Zero Divisor
'0000001000,'1110110111,'0000000001,'0000000000,Regular Zero Divisor
'0000000001,'1110110111,'0000000001,'0000000001,Idempotent
'1000000000,'1001110111,'1000000000,'1000000000,Idempotent
'0100000000,'1001110111,'1000000000,'0000000000,Regular Zero Divisor
'0001000000,'1001110111,'1000000000,'0000000000,Regular Zero Divisor
'0000001000,'1001110111,'1000000000,'0000000000,Regular Zero Divisor
'0000000010,'1001110111,'1000000000,'0000000000,Regular Zero Divisor
'0100000000,'1001110111,'0100000000,'0000000000,Nilpotent
'0001000000,'1001110111,'0100000000,'0000000000,Regular Zero Divisor
'0000001000,'1001110111,'0100000000,'0000000000,Regular Zero Divisor
'0000000010,'1001110111,'0100000000,'0000000000,Regular Zero Divisor
'0100000000,'1001110111,'0010000000,'0000000000,Regular Zero Divisor
'0010000000,'1001110111,'0010000000,'0010000000,Idempotent
'0001000000,'1001110111,'0010000000,'0000000000,Regular Zero Divisor
'0000001000,'1001110111,'0010000000,'0000000000,Regular Zero Divisor
'0000000010,'1001110111,'0010000000,'0000000000,Regular Zero Divisor
'0100000000,'1001110111,'0001000000,'0000000000,Regular Zero Divisor
'0001000000,'1001110111,'0001000000,'0000000000,Nilpotent
'0000001000,'1001110111,'0001000000,'0000000000,Regular Zero Divisor
'0000000010,'1001110111,'0001000000,'0000000000,Regular Zero Divisor
'0100000000,'1001110111,'0000100000,'0000000000,Regular Zero Divisor
'0001000000,'1001110111,'0000100000,'0000000000,Regular Zero Divisor
'0000100000,'1001110111,'0000100000,'0000100000,Idempotent
'0000001000,'1001110111,'0000100000,'0000000000,Regular Zero Divisor
'0000000010,'1001110111,'0000100000,'0000000000,Regular Zero Divisor
'1000000000,'1001110111,'0000010000,'0000000000,Regular Zero Divisor
'0000010000,'1001110111,'0000010000,'0000000000,Nilpotent
'1000000000,'1001110111,'0000001000,'0000000000,Regular Zero Divisor
'0000010000,'1001110111,'0000001000,'0000000000,Regular Zero Divisor
'0000001000,'1001110111,'0000001000,'0000001000,Idempotent
'1000000000,'1001110111,'0000000100,'0000000000,Regular Zero Divisor
'0000010000,'1001110111,'0000000100,'0000000000,Regular Zero Divisor
'0000000100,'1001110111,'0000000100,'0000000100,Idempotent
'1000000000,'1001110111,'0000000010,'0000000000,Regular Zero Divisor
'0000010000,'1001110111,'0000000010,'0000000000,Regular Zero Divisor
'0000000010,'1001110111,'0000000010,'0000000010,Idempotent
'1000000000,'1001110111,'0000000001,'0000000000,Regular Zero Divisor
'0000010000,'1001110111,'0000000001,'0000000000,Regular Zero Divisor
'0000000001,'1001110111,'0000000001,'0000000001,Idempotent
'1000000000,'0101110111,'1000000000,'0000000000,Nilpotent
'0100000000,'0101110111,'1000000000,'0000000000,Regular Zero Divisor
'0001000000,'0101110111,'1000000000,'0000000000,Regular Zero Divisor
'0000010000,'0101110111,'1000000000,'0000000000,Regular Zero Divisor
'0000001000,'0101110111,'1000000000,'0000000000,Regular Zero Divisor
'0000000010,'0101110111,'1000000000,'0000000000,Regular Zero Divisor
'1000000000,'0101110111,'0100000000,'0000000000,Regular Zero Divisor
'0100000000,'0101110111,'0100000000,'0000000000,Nilpotent
'0001000000,'0101110111,'0100000000,'0000000000,Regular Zero Divisor
'0000010000,'0101110111,'0100000000,'0000000000,Regular Zero Divisor
'0000001000,'0101110111,'0100000000,'0000000000,Regular Zero Divisor
'0000000010,'0101110111,'0100000000,'0000000000,Regular Zero Divisor
'1000000000,'0101110111,'0010000000,'0000000000,Regular Zero Divisor
'0100000000,'0101110111,'0010000000,'0000000000,Regular Zero Divisor
'0010000000,'0101110111,'0010000000,'0010000000,Idempotent
'0001000000,'0101110111,'0010000000,'0000000000,Regular Zero Divisor
'0000010000,'0101110111,'0010000000,'0000000000,Regular Zero Divisor
'0000001000,'0101110111,'0010000000,'0000000000,Regular Zero Divisor
'0000000010,'0101110111,'0010000000,'0000000000,Regular Zero Divisor
'1000000000,'0101110111,'0001000000,'0000000000,Regular Zero Divisor
'0100000000,'0101110111,'0001000000,'0000000000,Regular Zero Divisor
'0001000000,'0101110111,'0001000000,'0000000000,Nilpotent
'0000010000,'0101110111,'0001000000,'0000000000,Regular Zero Divisor
'0000001000,'0101110111,'0001000000,'0000000000,Regular Zero Divisor
'0000000010,'0101110111,'0001000000,'0000000000,Regular Zero Divisor
'1000000000,'0101110111,'0000100000,'0000000000,Regular Zero Divisor
'0100000000,'0101110111,'0000100000,'0000000000,Regular Zero Divisor
'0001000000,'0101110111,'0000100000,'0000000000,Regular Zero Divisor
'0000100000,'0101110111,'0000100000,'0000100000,Idempotent
'0000010000,'0101110111,'0000100000,'0000000000,Regular Zero Divisor
'0000001000,'0101110111,'0000100000,'0000000000,Regular Zero Divisor
'0000000010,'0101110111,'0000100000,'0000000000,Regular Zero Divisor
'0000010000,'0101110111,'0000010000,'0000010000,Idempotent
'0000001000,'0101110111,'0000001000,'0000001000,Idempotent
'0000000100,'0101110111,'0000000100,'0000000100,Idempotent
'0000000010,'0101110111,'0000000010,'0000000010,Idempotent
'0000000001,'0101110111,'0000000001,'0000000001,Idempotent
'1000000000,'1101110111,'1000000000,'1000000000,Idempotent
'0100000000,'1101110111,'1000000000,'0000000000,Regular Zero Divisor
'0001000000,'1101110111,'1000000000,'0000000000,Regular Zero Divisor
'0000001000,'1101110111,'1000000000,'0000000000,Regular Zero Divisor
'0000000010,'1101110111,'1000000000,'0000000000,Regular Zero Divisor
'0100000000,'1101110111,'0100000000,'0000000000,Nilpotent
'0001000000,'1101110111,'0100000000,'0000000000,Regular Zero Divisor
'0000001000,'1101110111,'0100000000,'0000000000,Regular Zero Divisor
'0000000010,'1101110111,'0100000000,'0000000000,Regular Zero Divisor
'0100000000,'1101110111,'0010000000,'0000000000,Regular Zero Divisor
'0010000000,'1101110111,'0010000000,'0010000000,Idempotent
'0001000000,'1101110111,'0010000000,'0000000000,Regular Zero Divisor
'0000001000,'1101110111,'0010000000,'0000000000,Regular Zero Divisor
'0000000010,'1101110111,'0010000000,'0000000000,Regular Zero Divisor
'0100000000,'1101110111,'0001000000,'0000000000,Regular Zero Divisor
'0001000000,'1101110111,'0001000000,'0000000000,Nilpotent
'0000001000,'1101110111,'0001000000,'0000000000,Regular Zero Divisor
'0000000010,'1101110111,'0001000000,'0000000000,Regular Zero Divisor
'0100000000,'1101110111,'0000100000,'0000000000,Regular Zero Divisor
'0001000000,'1101110111,'0000100000,'0000000000,Regular Zero Divisor
'0000100000,'1101110111,'0000100000,'0000100000,Idempotent
'0000001000,'1101110111,'0000100000,'0000000000,Regular Zero Divisor
'0000000010,'1101110111,'0000100000,'0000000000,Regular Zero Divisor
'0000010000,'1101110111,'0000010000,'0000010000,Idempotent
'0000001000,'1101110111,'0000001000,'0000001000,Idempotent
'0000000100,'1101110111,'0000000100,'0000000100,Idempotent
'0000000010,'1101110111,'0000000010,'0000000010,Idempotent
'0000000001,'1101110111,'0000000001,'0000000001,Idempotent
'1000000000,'1011110111,'1000000000,'1000000000,Idempotent
'0001000000,'1011110111,'1000000000,'0000000000,Regular Zero Divisor
'0000000010,'1011110111,'1000000000,'0000000000,Regular Zero Divisor
'0100000000,'1011110111,'0100000000,'0100000000,Idempotent
'0001000000,'1011110111,'0100000000,'0000000000,Regular Zero Divisor
'0000000010,'1011110111,'0100000000,'0000000000,Regular Zero Divisor
'0010000000,'1011110111,'0010000000,'0010000000,Idempotent
'0001000000,'1011110111,'0010000000,'0000000000,Regular Zero Divisor
'0000000010,'1011110111,'0010000000,'0000000000,Regular Zero Divisor
'0001000000,'1011110111,'0001000000,'0000000000,Nilpotent
'0000000010,'1011110111,'0001000000,'0000000000,Regular Zero Divisor
'0001000000,'1011110111,'0000100000,'0000000000,Regular Zero Divisor
'0000100000,'1011110111,'0000100000,'0000100000,Idempotent
'0000000010,'1011110111,'0000100000,'0000000000,Regular Zero Divisor
'1000000000,'1011110111,'0000010000,'0000000000,Regular Zero Divisor
'0000010000,'1011110111,'0000010000,'0000000000,Nilpotent
'1000000000,'1011110111,'0000001000,'0000000000,Regular Zero Divisor
'0000010000,'1011110111,'0000001000,'0000000000,Regular Zero Divisor
'0000001000,'1011110111,'0000001000,'0000001000,Idempotent
'1000000000,'1011110111,'0000000100,'0000000000,Regular Zero Divisor
'0000010000,'1011110111,'0000000100,'0000000000,Regular Zero Divisor
'0000000100,'1011110111,'0000000100,'0000000100,Idempotent
'1000000000,'1011110111,'0000000010,'0000000000,Regular Zero Divisor
'0000010000,'1011110111,'0000000010,'0000000000,Regular Zero Divisor
'0000000010,'1011110111,'0000000010,'0000000010,Idempotent
'1000000000,'1011110111,'0000000001,'0000000000,Regular Zero Divisor
'0000010000,'1011110111,'0000000001,'0000000000,Regular Zero Divisor
'0000000001,'1011110111,'0000000001,'0000000001,Idempotent
'1000000000,'0111110111,'1000000000,'0000000000,Nilpotent
'0001000000,'0111110111,'1000000000,'0000000000,Regular Zero Divisor
'0000010000,'0111110111,'1000000000,'0000000000,Regular Zero Divisor
'0000000010,'0111110111,'1000000000,'0000000000,Regular Zero Divisor
'1000000000,'0111110111,'0100000000,'0000000000,Regular Zero Divisor
'0100000000,'0111110111,'0100000000,'0100000000,Idempotent
'0001000000,'0111110111,'0100000000,'0000000000,Regular Zero Divisor
'0000010000,'0111110111,'0100000000,'0000000000,Regular Zero Divisor
'0000000010,'0111110111,'0100000000,'0000000000,Regular Zero Divisor
'1000000000,'0111110111,'0010000000,'0000000000,Regular Zero Divisor
'0010000000,'0111110111,'0010000000,'0010000000,Idempotent
'0001000000,'0111110111,'0010000000,'0000000000,Regular Zero Divisor
'0000010000,'0111110111,'0010000000,'0000000000,Regular Zero Divisor
'0000000010,'0111110111,'0010000000,'0000000000,Regular Zero Divisor
'1000000000,'0111110111,'0001000000,'0000000000,Regular Zero Divisor
'0001000000,'0111110111,'0001000000,'0000000000,Nilpotent
'0000010000,'0111110111,'0001000000,'0000000000,Regular Zero Divisor
'0000000010,'0111110111,'0001000000,'0000000000,Regular Zero Divisor
'1000000000,'0111110111,'0000100000,'0000000000,Regular Zero Divisor
'0001000000,'0111110111,'0000100000,'0000000000,Regular Zero Divisor
'0000100000,'0111110111,'0000100000,'0000100000,Idempotent
'0000010000,'0111110111,'0000100000,'0000000000,Regular Zero Divisor
'0000000010,'0111110111,'0000100000,'0000000000,Regular Zero Divisor
'0000010000,'0111110111,'0000010000,'0000010000,Idempotent
'0000001000,'0111110111,'0000001000,'0000001000,Idempotent
'0000000100,'0111110111,'0000000100,'0000000100,Idempotent
'0000000010,'0111110111,'0000000010,'0000000010,Idempotent
'0000000001,'0111110111,'0000000001,'0000000001,Idempotent
'1000000000,'1111110111,'1000000000,'1000000000,Idempotent
'0001000000,'1111110111,'1000000000,'0000000000,Regular Zero Divisor
'0000000010,'1111110111,'1000000000,'0000000000,Regular Zero Divisor
'0100000000,'1111110111,'0100000000,'0100000000,Idempotent
'0001000000,'1111110111,'0100000000,'0000000000,Regular Zero Divisor
'0000000010,'1111110111,'0100000000,'0000000000,Regular Zero Divisor
'0010000000,'1111110111,'0010000000,'0010000000,Idempotent
'0001000000,'1111110111,'0010000000,'0000000000,Regular Zero Divisor
'0000000010,'1111110111,'0010000000,'0000000000,Regular Zero Divisor
'0001000000,'1111110111,'0001000000,'0000000000,Nilpotent
'0000000010,'1111110111,'0001000000,'0000000000,Regular Zero Divisor
'0001000000,'1111110111,'0000100000,'0000000000,Regular Zero Divisor
'0000100000,'1111110111,'0000100000,'0000100000,Idempotent
'0000000010,'1111110111,'0000100000,'0000000000,Regular Zero Divisor
'0000010000,'1111110111,'0000010000,'0000010000,Idempotent
'0000001000,'1111110111,'0000001000,'0000001000,Idempotent
'0000000100,'1111110111,'0000000100,'0000000100,Idempotent
'0000000010,'1111110111,'0000000010,'0000000010,Idempotent
'0000000001,'1111110111,'0000000001,'0000000001,Idempotent
'1000000000,'1010101111,'1000000000,'1000000000,Idempotent
'0100000000,'1010101111,'0100000000,'0100000000,Idempotent
'0010000000,'1010101111,'0010000000,'0010000000,Idempotent
'0001000000,'1010101111,'0001000000,'0001000000,Idempotent
'0000100000,'1010101111,'0000100000,'0000100000,Idempotent
'1000000000,'1010101111,'0000010000,'0000000000,Regular Zero Divisor
'0100000000,'1010101111,'0000010000,'0000000000,Regular Zero Divisor
'0010000000,'1010101111,'0000010000,'0000000000,Regular Zero Divisor
'0000010000,'1010101111,'0000010000,'0000000000,Nilpotent
'0000001000,'1010101111,'0000010000,'0000000000,Regular Zero Divisor
'0000000100,'1010101111,'0000010000,'0000000000,Regular Zero Divisor
'1000000000,'1010101111,'0000001000,'0000000000,Regular Zero Divisor
'0100000000,'1010101111,'0000001000,'0000000000,Regular Zero Divisor
'0010000000,'1010101111,'0000001000,'0000000000,Regular Zero Divisor
'0000010000,'1010101111,'0000001000,'0000000000,Regular Zero Divisor
'0000001000,'1010101111,'0000001000,'0000000000,Nilpotent
'0000000100,'1010101111,'0000001000,'0000000000,Regular Zero Divisor
'1000000000,'1010101111,'0000000100,'0000000000,Regular Zero Divisor
'0100000000,'1010101111,'0000000100,'0000000000,Regular Zero Divisor
'0010000000,'1010101111,'0000000100,'0000000000,Regular Zero Divisor
'0000010000,'1010101111,'0000000100,'0000000000,Regular Zero Divisor
'0000001000,'1010101111,'0000000100,'0000000000,Regular Zero Divisor
'0000000100,'1010101111,'0000000100,'0000000000,Nilpotent
'1000000000,'1010101111,'0000000010,'0000000000,Regular Zero Divisor
'0100000000,'1010101111,'0000000010,'0000000000,Regular Zero Divisor
'0010000000,'1010101111,'0000000010,'0000000000,Regular Zero Divisor
'0000010000,'1010101111,'0000000010,'0000000000,Regular Zero Divisor
'0000001000,'1010101111,'0000000010,'0000000000,Regular Zero Divisor
'0000000100,'1010101111,'0000000010,'0000000000,Regular Zero Divisor
'0000000010,'1010101111,'0000000010,'0000000010,Idempotent
'1000000000,'1010101111,'0000000001,'0000000000,Regular Zero Divisor
'0100000000,'1010101111,'0000000001,'0000000000,Regular Zero Divisor
'0010000000,'1010101111,'0000000001,'0000000000,Regular Zero Divisor
'0000010000,'1010101111,'0000000001,'0000000000,Regular Zero Divisor
'0000001000,'1010101111,'0000000001,'0000000000,Regular Zero Divisor
'0000000100,'1010101111,'0000000001,'0000000000,Regular Zero Divisor
'0000000001,'1010101111,'0000000001,'0000000001,Idempotent
'1000000000,'0110101111,'1000000000,'0000000000,Nilpotent
'0000010000,'0110101111,'1000000000,'0000000000,Regular Zero Divisor
'1000000000,'0110101111,'0100000000,'0000000000,Regular Zero Divisor
'0100000000,'0110101111,'0100000000,'0100000000,Idempotent
'0000010000,'0110101111,'0100000000,'0000000000,Regular Zero Divisor
'1000000000,'0110101111,'0010000000,'0000000000,Regular Zero Divisor
'0010000000,'0110101111,'0010000000,'0010000000,Idempotent
'0000010000,'0110101111,'0010000000,'0000000000,Regular Zero Divisor
'1000000000,'0110101111,'0001000000,'0000000000,Regular Zero Divisor
'0001000000,'0110101111,'0001000000,'0001000000,Idempotent
'0000010000,'0110101111,'0001000000,'0000000000,Regular Zero Divisor
'1000000000,'0110101111,'0000100000,'0000000000,Regular Zero Divisor
'0000100000,'0110101111,'0000100000,'0000100000,Idempotent
'0000010000,'0110101111,'0000100000,'0000000000,Regular Zero Divisor
'0100000000,'0110101111,'0000010000,'0000000000,Regular Zero Divisor
'0010000000,'0110101111,'0000010000,'0000000000,Regular Zero Divisor
'0000010000,'0110101111,'0000010000,'0000010000,Idempotent
'0000001000,'0110101111,'0000010000,'0000000000,Regular Zero Divisor
'0000000100,'0110101111,'0000010000,'0000000000,Regular Zero Divisor
'0100000000,'0110101111,'0000001000,'0000000000,Regular Zero Divisor
'0010000000,'0110101111,'0000001000,'0000000000,Regular Zero Divisor
'0000001000,'0110101111,'0000001000,'0000000000,Nilpotent
'0000000100,'0110101111,'0000001000,'0000000000,Regular Zero Divisor
'0100000000,'0110101111,'0000000100,'0000000000,Regular Zero Divisor
'0010000000,'0110101111,'0000000100,'0000000000,Regular Zero Divisor
'0000001000,'0110101111,'0000000100,'0000000000,Regular Zero Divisor
'0000000100,'0110101111,'0000000100,'0000000000,Nilpotent
'0100000000,'0110101111,'0000000010,'0000000000,Regular Zero Divisor
'0010000000,'0110101111,'0000000010,'0000000000,Regular Zero Divisor
'0000001000,'0110101111,'0000000010,'0000000000,Regular Zero Divisor
'0000000100,'0110101111,'0000000010,'0000000000,Regular Zero Divisor
'0000000010,'0110101111,'0000000010,'0000000010,Idempotent
'0100000000,'0110101111,'0000000001,'0000000000,Regular Zero Divisor
'0010000000,'0110101111,'0000000001,'0000000000,Regular Zero Divisor
'0000001000,'0110101111,'0000000001,'0000000000,Regular Zero Divisor
'0000000100,'0110101111,'0000000001,'0000000000,Regular Zero Divisor
'0000000001,'0110101111,'0000000001,'0000000001,Idempotent
'1000000000,'1110101111,'1000000000,'1000000000,Idempotent
'0100000000,'1110101111,'0100000000,'0100000000,Idempotent
'0010000000,'1110101111,'0010000000,'0010000000,Idempotent
'0001000000,'1110101111,'0001000000,'0001000000,Idempotent
'0000100000,'1110101111,'0000100000,'0000100000,Idempotent
'0100000000,'1110101111,'0000010000,'0000000000,Regular Zero Divisor
'0010000000,'1110101111,'0000010000,'0000000000,Regular Zero Divisor
'0000010000,'1110101111,'0000010000,'0000010000,Idempotent
'0000001000,'1110101111,'0000010000,'0000000000,Regular Zero Divisor
'0000000100,'1110101111,'0000010000,'0000000000,Regular Zero Divisor
'0100000000,'1110101111,'0000001000,'0000000000,Regular Zero Divisor
'0010000000,'1110101111,'0000001000,'0000000000,Regular Zero Divisor
'0000001000,'1110101111,'0000001000,'0000000000,Nilpotent
'0000000100,'1110101111,'0000001000,'0000000000,Regular Zero Divisor
'0100000000,'1110101111,'0000000100,'0000000000,Regular Zero Divisor
'0010000000,'1110101111,'0000000100,'0000000000,Regular Zero Divisor
'0000001000,'1110101111,'0000000100,'0000000000,Regular Zero Divisor
'0000000100,'1110101111,'0000000100,'0000000000,Nilpotent
'0100000000,'1110101111,'0000000010,'0000000000,Regular Zero Divisor
'0010000000,'1110101111,'0000000010,'0000000000,Regular Zero Divisor
'0000001000,'1110101111,'0000000010,'0000000000,Regular Zero Divisor
'0000000100,'1110101111,'0000000010,'0000000000,Regular Zero Divisor
'0000000010,'1110101111,'0000000010,'0000000010,Idempotent
'0100000000,'1110101111,'0000000001,'0000000000,Regular Zero Divisor
'0010000000,'1110101111,'0000000001,'0000000000,Regular Zero Divisor
'0000001000,'1110101111,'0000000001,'0000000000,Regular Zero Divisor
'0000000100,'1110101111,'0000000001,'0000000000,Regular Zero Divisor
'0000000001,'1110101111,'0000000001,'0000000001,Idempotent
'1000000000,'1001101111,'1000000000,'1000000000,Idempotent
'0100000000,'1001101111,'1000000000,'0000000000,Regular Zero Divisor
'0000001000,'1001101111,'1000000000,'0000000000,Regular Zero Divisor
'0100000000,'1001101111,'0100000000,'0000000000,Nilpotent
'0000001000,'1001101111,'0100000000,'0000000000,Regular Zero Divisor
'0100000000,'1001101111,'0010000000,'0000000000,Regular Zero Divisor
'0010000000,'1001101111,'0010000000,'0010000000,Idempotent
'0000001000,'1001101111,'0010000000,'0000000000,Regular Zero Divisor
'0100000000,'1001101111,'0001000000,'0000000000,Regular Zero Divisor
'0001000000,'1001101111,'0001000000,'0001000000,Idempotent
'0000001000,'1001101111,'0001000000,'0000000000,Regular Zero Divisor
'0100000000,'1001101111,'0000100000,'0000000000,Regular Zero Divisor
'0000100000,'1001101111,'0000100000,'0000100000,Idempotent
'0000001000,'1001101111,'0000100000,'0000000000,Regular Zero Divisor
'1000000000,'1001101111,'0000010000,'0000000000,Regular Zero Divisor
'0010000000,'1001101111,'0000010000,'0000000000,Regular Zero Divisor
'0000010000,'1001101111,'0000010000,'0000000000,Nilpotent
'0000000100,'1001101111,'0000010000,'0000000000,Regular Zero Divisor
'1000000000,'1001101111,'0000001000,'0000000000,Regular Zero Divisor
'0010000000,'1001101111,'0000001000,'0000000000,Regular Zero Divisor
'0000010000,'1001101111,'0000001000,'0000000000,Regular Zero Divisor
'0000001000,'1001101111,'0000001000,'0000001000,Idempotent
'0000000100,'1001101111,'0000001000,'0000000000,Regular Zero Divisor
'1000000000,'1001101111,'0000000100,'0000000000,Regular Zero Divisor
'0010000000,'1001101111,'0000000100,'0000000000,Regular Zero Divisor
'0000010000,'1001101111,'0000000100,'0000000000,Regular Zero Divisor
'0000000100,'1001101111,'0000000100,'0000000000,Nilpotent
'1000000000,'1001101111,'0000000010,'0000000000,Regular Zero Divisor
'0010000000,'1001101111,'0000000010,'0000000000,Regular Zero Divisor
'0000010000,'1001101111,'0000000010,'0000000000,Regular Zero Divisor
'0000000100,'1001101111,'0000000010,'0000000000,Regular Zero Divisor
'0000000010,'1001101111,'0000000010,'0000000010,Idempotent
'1000000000,'1001101111,'0000000001,'0000000000,Regular Zero Divisor
'0010000000,'1001101111,'0000000001,'0000000000,Regular Zero Divisor
'0000010000,'1001101111,'0000000001,'0000000000,Regular Zero Divisor
'0000000100,'1001101111,'0000000001,'0000000000,Regular Zero Divisor
'0000000001,'1001101111,'0000000001,'0000000001,Idempotent
'1000000000,'0101101111,'1000000000,'0000000000,Nilpotent
'0100000000,'0101101111,'1000000000,'0000000000,Regular Zero Divisor
'0000010000,'0101101111,'1000000000,'0000000000,Regular Zero Divisor
'0000001000,'0101101111,'1000000000,'0000000000,Regular Zero Divisor
'1000000000,'0101101111,'0100000000,'0000000000,Regular Zero Divisor
'0100000000,'0101101111,'0100000000,'0000000000,Nilpotent
'0000010000,'0101101111,'0100000000,'0000000000,Regular Zero Divisor
'0000001000,'0101101111,'0100000000,'0000000000,Regular Zero Divisor
'1000000000,'0101101111,'0010000000,'0000000000,Regular Zero Divisor
'0100000000,'0101101111,'0010000000,'0000000000,Regular Zero Divisor
'0010000000,'0101101111,'0010000000,'0010000000,Idempotent
'0000010000,'0101101111,'0010000000,'0000000000,Regular Zero Divisor
'0000001000,'0101101111,'0010000000,'0000000000,Regular Zero Divisor
'1000000000,'0101101111,'0001000000,'0000000000,Regular Zero Divisor
'0100000000,'0101101111,'0001000000,'0000000000,Regular Zero Divisor
'0001000000,'0101101111,'0001000000,'0001000000,Idempotent
'0000010000,'0101101111,'0001000000,'0000000000,Regular Zero Divisor
'0000001000,'0101101111,'0001000000,'0000000000,Regular Zero Divisor
'1000000000,'0101101111,'0000100000,'0000000000,Regular Zero Divisor
'0100000000,'0101101111,'0000100000,'0000000000,Regular Zero Divisor
'0000100000,'0101101111,'0000100000,'0000100000,Idempotent
'0000010000,'0101101111,'0000100000,'0000000000,Regular Zero Divisor
'0000001000,'0101101111,'0000100000,'0000000000,Regular Zero Divisor
'0010000000,'0101101111,'0000010000,'0000000000,Regular Zero Divisor
'0000010000,'0101101111,'0000010000,'0000010000,Idempotent
'0000000100,'0101101111,'0000010000,'0000000000,Regular Zero Divisor
'0010000000,'0101101111,'0000001000,'0000000000,Regular Zero Divisor
'0000001000,'0101101111,'0000001000,'0000001000,Idempotent
'0000000100,'0101101111,'0000001000,'0000000000,Regular Zero Divisor
'0010000000,'0101101111,'0000000100,'0000000000,Regular Zero Divisor
'0000000100,'0101101111,'0000000100,'0000000000,Nilpotent
'0010000000,'0101101111,'0000000010,'0000000000,Regular Zero Divisor
'0000000100,'0101101111,'0000000010,'0000000000,Regular Zero Divisor
'0000000010,'0101101111,'0000000010,'0000000010,Idempotent
'0010000000,'0101101111,'0000000001,'0000000000,Regular Zero Divisor
'0000000100,'0101101111,'0000000001,'0000000000,Regular Zero Divisor
'0000000001,'0101101111,'0000000001,'0000000001,Idempotent
'1000000000,'1101101111,'1000000000,'1000000000,Idempotent
'0100000000,'1101101111,'1000000000,'0000000000,Regular Zero Divisor
'0000001000,'1101101111,'1000000000,'0000000000,Regular Zero Divisor
'0100000000,'1101101111,'0100000000,'0000000000,Nilpotent
'0000001000,'1101101111,'0100000000,'0000000000,Regular Zero Divisor
'0100000000,'1101101111,'0010000000,'0000000000,Regular Zero Divisor
'0010000000,'1101101111,'0010000000,'0010000000,Idempotent
'0000001000,'1101101111,'0010000000,'0000000000,Regular Zero Divisor
'0100000000,'1101101111,'0001000000,'0000000000,Regular Zero Divisor
'0001000000,'1101101111,'0001000000,'0001000000,Idempotent
'0000001000,'1101101111,'0001000000,'0000000000,Regular Zero Divisor
'0100000000,'1101101111,'0000100000,'0000000000,Regular Zero Divisor
'0000100000,'1101101111,'0000100000,'0000100000,Idempotent
'0000001000,'1101101111,'0000100000,'0000000000,Regular Zero Divisor
'0010000000,'1101101111,'0000010000,'0000000000,Regular Zero Divisor
'0000010000,'1101101111,'0000010000,'0000010000,Idempotent
'0000000100,'1101101111,'0000010000,'0000000000,Regular Zero Divisor
'0010000000,'1101101111,'0000001000,'0000000000,Regular Zero Divisor
'0000001000,'1101101111,'0000001000,'0000001000,Idempotent
'0000000100,'1101101111,'0000001000,'0000000000,Regular Zero Divisor
'0010000000,'1101101111,'0000000100,'0000000000,Regular Zero Divisor
'0000000100,'1101101111,'0000000100,'0000000000,Nilpotent
'0010000000,'1101101111,'0000000010,'0000000000,Regular Zero Divisor
'0000000100,'1101101111,'0000000010,'0000000000,Regular Zero Divisor
'0000000010,'1101101111,'0000000010,'0000000010,Idempotent
'0010000000,'1101101111,'0000000001,'0000000000,Regular Zero Divisor
'0000000100,'1101101111,'0000000001,'0000000000,Regular Zero Divisor
'0000000001,'1101101111,'0000000001,'0000000001,Idempotent
'1000000000,'1011101111,'1000000000,'1000000000,Idempotent
'0100000000,'1011101111,'0100000000,'0100000000,Idempotent
'0010000000,'1011101111,'0010000000,'0010000000,Idempotent
'0001000000,'1011101111,'0001000000,'0001000000,Idempotent
'0000100000,'1011101111,'0000100000,'0000100000,Idempotent
'1000000000,'1011101111,'0000010000,'0000000000,Regular Zero Divisor
'0010000000,'1011101111,'0000010000,'0000000000,Regular Zero Divisor
'0000010000,'1011101111,'0000010000,'0000000000,Nilpotent
'0000000100,'1011101111,'0000010000,'0000000000,Regular Zero Divisor
'1000000000,'1011101111,'0000001000,'0000000000,Regular Zero Divisor
'0010000000,'1011101111,'0000001000,'0000000000,Regular Zero Divisor
'0000010000,'1011101111,'0000001000,'0000000000,Regular Zero Divisor
'0000001000,'1011101111,'0000001000,'0000001000,Idempotent
'0000000100,'1011101111,'0000001000,'0000000000,Regular Zero Divisor
'1000000000,'1011101111,'0000000100,'0000000000,Regular Zero Divisor
'0010000000,'1011101111,'0000000100,'0000000000,Regular Zero Divisor
'0000010000,'1011101111,'0000000100,'0000000000,Regular Zero Divisor
'0000000100,'1011101111,'0000000100,'0000000000,Nilpotent
'1000000000,'1011101111,'0000000010,'0000000000,Regular Zero Divisor
'0010000000,'1011101111,'0000000010,'0000000000,Regular Zero Divisor
'0000010000,'1011101111,'0000000010,'0000000000,Regular Zero Divisor
'0000000100,'1011101111,'0000000010,'0000000000,Regular Zero Divisor
'0000000010,'1011101111,'0000000010,'0000000010,Idempotent
'1000000000,'1011101111,'0000000001,'0000000000,Regular Zero Divisor
'0010000000,'1011101111,'0000000001,'0000000000,Regular Zero Divisor
'0000010000,'1011101111,'0000000001,'0000000000,Regular Zero Divisor
'0000000100,'1011101111,'0000000001,'0000000000,Regular Zero Divisor
'0000000001,'1011101111,'0000000001,'0000000001,Idempotent
'1000000000,'0111101111,'1000000000,'0000000000,Nilpotent
'0000010000,'0111101111,'1000000000,'0000000000,Regular Zero Divisor
'1000000000,'0111101111,'0100000000,'0000000000,Regular Zero Divisor
'0100000000,'0111101111,'0100000000,'0100000000,Idempotent
'0000010000,'0111101111,'0100000000,'0000000000,Regular Zero Divisor
'1000000000,'0111101111,'0010000000,'0000000000,Regular Zero Divisor
'0010000000,'0111101111,'0010000000,'0010000000,Idempotent
'0000010000,'0111101111,'0010000000,'0000000000,Regular Zero Divisor
'1000000000,'0111101111,'0001000000,'0000000000,Regular Zero Divisor
'0001000000,'0111101111,'0001000000,'0001000000,Idempotent
'0000010000,'0111101111,'0001000000,'0000000000,Regular Zero Divisor
'1000000000,'0111101111,'0000100000,'0000000000,Regular Zero Divisor
'0000100000,'0111101111,'0000100000,'0000100000,Idempotent
'0000010000,'0111101111,'0000100000,'0000000000,Regular Zero Divisor
'0010000000,'0111101111,'0000010000,'0000000000,Regular Zero Divisor
'0000010000,'0111101111,'0000010000,'0000010000,Idempotent
'0000000100,'0111101111,'0000010000,'0000000000,Regular Zero Divisor
'0010000000,'0111101111,'0000001000,'0000000000,Regular Zero Divisor
'0000001000,'0111101111,'0000001000,'0000001000,Idempotent
'0000000100,'0111101111,'0000001000,'0000000000,Regular Zero Divisor
'0010000000,'0111101111,'0000000100,'0000000000,Regular Zero Divisor
'0000000100,'0111101111,'0000000100,'0000000000,Nilpotent
'0010000000,'0111101111,'0000000010,'0000000000,Regular Zero Divisor
'0000000100,'0111101111,'0000000010,'0000000000,Regular Zero Divisor
'0000000010,'0111101111,'0000000010,'0000000010,Idempotent
'0010000000,'0111101111,'0000000001,'0000000000,Regular Zero Divisor
'0000000100,'0111101111,'0000000001,'0000000000,Regular Zero Divisor
'0000000001,'0111101111,'0000000001,'0000000001,Idempotent
'1000000000,'1111101111,'1000000000,'1000000000,Idempotent
'0100000000,'1111101111,'0100000000,'0100000000,Idempotent
'0010000000,'1111101111,'0010000000,'0010000000,Idempotent
'0001000000,'1111101111,'0001000000,'0001000000,Idempotent
'0000100000,'1111101111,'0000100000,'0000100000,Idempotent
'0010000000,'1111101111,'0000010000,'0000000000,Regular Zero Divisor
'0000010000,'1111101111,'0000010000,'0000010000,Idempotent
'0000000100,'1111101111,'0000010000,'0000000000,Regular Zero Divisor
'0010000000,'1111101111,'0000001000,'0000000000,Regular Zero Divisor
'0000001000,'1111101111,'0000001000,'0000001000,Idempotent
'0000000100,'1111101111,'0000001000,'0000000000,Regular Zero Divisor
'0010000000,'1111101111,'0000000100,'0000000000,Regular Zero Divisor
'0000000100,'1111101111,'0000000100,'0000000000,Nilpotent
'0010000000,'1111101111,'0000000010,'0000000000,Regular Zero Divisor
'0000000100,'1111101111,'0000000010,'0000000000,Regular Zero Divisor
'0000000010,'1111101111,'0000000010,'0000000010,Idempotent
'0010000000,'1111101111,'0000000001,'0000000000,Regular Zero Divisor
'0000000100,'1111101111,'0000000001,'0000000000,Regular Zero Divisor
'0000000001,'1111101111,'0000000001,'0000000001,Idempotent
'1000000000,'1010011111,'1000000000,'1000000000,Idempotent
'0010000000,'1010011111,'1000000000,'0000000000,Regular Zero Divisor
'0000000100,'1010011111,'1000000000,'0000000000,Regular Zero Divisor
'0100000000,'1010011111,'0100000000,'0100000000,Idempotent
'0010000000,'1010011111,'0100000000,'0000000000,Regular Zero Divisor
'0000000100,'1010011111,'0100000000,'0000000000,Regular Zero Divisor
'0010000000,'1010011111,'0010000000,'0000000000,Nilpotent
'0000000100,'1010011111,'0010000000,'0000000000,Regular Zero Divisor
'0010000000,'1010011111,'0001000000,'0000000000,Regular Zero Divisor
'0001000000,'1010011111,'0001000000,'0001000000,Idempotent
'0000000100,'1010011111,'0001000000,'0000000000,Regular Zero Divisor
'0010000000,'1010011111,'0000100000,'0000000000,Regular Zero Divisor
'0000100000,'1010011111,'0000100000,'0000100000,Idempotent
'0000000100,'1010011111,'0000100000,'0000000000,Regular Zero Divisor
'1000000000,'1010011111,'0000010000,'0000000000,Regular Zero Divisor
'0100000000,'1010011111,'0000010000,'0000000000,Regular Zero Divisor
'0000010000,'1010011111,'0000010000,'0000000000,Nilpotent
'0000001000,'1010011111,'0000010000,'0000000000,Regular Zero Divisor
'1000000000,'1010011111,'0000001000,'0000000000,Regular Zero Divisor
'0100000000,'1010011111,'0000001000,'0000000000,Regular Zero Divisor
'0000010000,'1010011111,'0000001000,'0000000000,Regular Zero Divisor
'0000001000,'1010011111,'0000001000,'0000000000,Nilpotent
'1000000000,'1010011111,'0000000100,'0000000000,Regular Zero Divisor
'0100000000,'1010011111,'0000000100,'0000000000,Regular Zero Divisor
'0000010000,'1010011111,'0000000100,'0000000000,Regular Zero Divisor
'0000001000,'1010011111,'0000000100,'0000000000,Regular Zero Divisor
'0000000100,'1010011111,'0000000100,'0000000100,Idempotent
'1000000000,'1010011111,'0000000010,'0000000000,Regular Zero Divisor
'0100000000,'1010011111,'0000000010,'0000000000,Regular Zero Divisor
'0000010000,'1010011111,'0000000010,'0000000000,Regular Zero Divisor
'0000001000,'1010011111,'0000000010,'0000000000,Regular Zero Divisor
'0000000010,'1010011111,'0000000010,'0000000010,Idempotent
'1000000000,'1010011111,'0000000001,'0000000000,Regular Zero Divisor
'0100000000,'1010011111,'0000000001,'0000000000,Regular Zero Divisor
'0000010000,'1010011111,'0000000001,'0000000000,Regular Zero Divisor
'0000001000,'1010011111,'0000000001,'0000000000,Regular Zero Divisor
'0000000001,'1010011111,'0000000001,'0000000001,Idempotent
'1000000000,'0110011111,'1000000000,'0000000000,Nilpotent
'0010000000,'0110011111,'1000000000,'0000000000,Regular Zero Divisor
'0000010000,'0110011111,'1000000000,'0000000000,Regular Zero Divisor
'0000000100,'0110011111,'1000000000,'0000000000,Regular Zero Divisor
'1000000000,'0110011111,'0100000000,'0000000000,Regular Zero Divisor
'0100000000,'0110011111,'0100000000,'0100000000,Idempotent
'0010000000,'0110011111,'0100000000,'0000000000,Regular Zero Divisor
'0000010000,'0110011111,'0100000000,'0000000000,Regular Zero Divisor
'0000000100,'0110011111,'0100000000,'0000000000,Regular Zero Divisor
'1000000000,'0110011111,'0010000000,'0000000000,Regular Zero Divisor
'0010000000,'0110011111,'0010000000,'0000000000,Nilpotent
'0000010000,'0110011111,'0010000000,'0000000000,Regular Zero Divisor
'0000000100,'0110011111,'0010000000,'0000000000,Regular Zero Divisor
'1000000000,'0110011111,'0001000000,'0000000000,Regular Zero Divisor
'0010000000,'0110011111,'0001000000,'0000000000,Regular Zero Divisor
'0001000000,'0110011111,'0001000000,'0001000000,Idempotent
'0000010000,'0110011111,'0001000000,'0000000000,Regular Zero Divisor
'0000000100,'0110011111,'0001000000,'0000000000,Regular Zero Divisor
'1000000000,'0110011111,'0000100000,'0000000000,Regular Zero Divisor
'0010000000,'0110011111,'0000100000,'0000000000,Regular Zero Divisor
'0000100000,'0110011111,'0000100000,'0000100000,Idempotent
'0000010000,'0110011111,'0000100000,'0000000000,Regular Zero Divisor
'0000000100,'0110011111,'0000100000,'0000000000,Regular Zero Divisor
'0100000000,'0110011111,'0000010000,'0000000000,Regular Zero Divisor
'0000010000,'0110011111,'0000010000,'0000010000,Idempotent
'0000001000,'0110011111,'0000010000,'0000000000,Regular Zero Divisor
'0100000000,'0110011111,'0000001000,'0000000000,Regular Zero Divisor
'0000001000,'0110011111,'0000001000,'0000000000,Nilpotent
'0100000000,'0110011111,'0000000100,'0000000000,Regular Zero Divisor
'0000001000,'0110011111,'0000000100,'0000000000,Regular Zero Divisor
'0000000100,'0110011111,'0000000100,'0000000100,Idempotent
'0100000000,'0110011111,'0000000010,'0000000000,Regular Zero Divisor
'0000001000,'0110011111,'0000000010,'0000000000,Regular Zero Divisor
'0000000010,'0110011111,'0000000010,'0000000010,Idempotent
'0100000000,'0110011111,'0000000001,'0000000000,Regular Zero Divisor
'0000001000,'0110011111,'0000000001,'0000000000,Regular Zero Divisor
'0000000001,'0110011111,'0000000001,'0000000001,Idempotent
'1000000000,'1110011111,'1000000000,'1000000000,Idempotent
'0010000000,'1110011111,'1000000000,'0000000000,Regular Zero Divisor
'0000000100,'1110011111,'1000000000,'0000000000,Regular Zero Divisor
'0100000000,'1110011111,'0100000000,'0100000000,Idempotent
'0010000000,'1110011111,'0100000000,'0000000000,Regular Zero Divisor
'0000000100,'1110011111,'0100000000,'0000000000,Regular Zero Divisor
'0010000000,'1110011111,'0010000000,'0000000000,Nilpotent
'0000000100,'1110011111,'0010000000,'0000000000,Regular Zero Divisor
'0010000000,'1110011111,'0001000000,'0000000000,Regular Zero Divisor
'0001000000,'1110011111,'0001000000,'0001000000,Idempotent
'0000000100,'1110011111,'0001000000,'0000000000,Regular Zero Divisor
'0010000000,'1110011111,'0000100000,'0000000000,Regular Zero Divisor
'0000100000,'1110011111,'0000100000,'0000100000,Idempotent
'0000000100,'1110011111,'0000100000,'0000000000,Regular Zero Divisor
'0100000000,'1110011111,'0000010000,'0000000000,Regular Zero Divisor
'0000010000,'1110011111,'0000010000,'0000010000,Idempotent
'0000001000,'1110011111,'0000010000,'0000000000,Regular Zero Divisor
'0100000000,'1110011111,'0000001000,'0000000000,Regular Zero Divisor
'0000001000,'1110011111,'0000001000,'0000000000,Nilpotent
'0100000000,'1110011111,'0000000100,'0000000000,Regular Zero Divisor
'0000001000,'1110011111,'0000000100,'0000000000,Regular Zero Divisor
'0000000100,'1110011111,'0000000100,'0000000100,Idempotent
'0100000000,'1110011111,'0000000010,'0000000000,Regular Zero Divisor
'0000001000,'1110011111,'0000000010,'0000000000,Regular Zero Divisor
'0000000010,'1110011111,'0000000010,'0000000010,Idempotent
'0100000000,'1110011111,'0000000001,'0000000000,Regular Zero Divisor
'0000001000,'1110011111,'0000000001,'0000000000,Regular Zero Divisor
'0000000001,'1110011111,'0000000001,'0000000001,Idempotent
'1000000000,'1001011111,'1000000000,'1000000000,Idempotent
'0100000000,'1001011111,'1000000000,'0000000000,Regular Zero Divisor
'0010000000,'1001011111,'1000000000,'0000000000,Regular Zero Divisor
'0000001000,'1001011111,'1000000000,'0000000000,Regular Zero Divisor
'0000000100,'1001011111,'1000000000,'0000000000,Regular Zero Divisor
'0100000000,'1001011111,'0100000000,'0000000000,Nilpotent
'0010000000,'1001011111,'0100000000,'0000000000,Regular Zero Divisor
'0000001000,'1001011111,'0100000000,'0000000000,Regular Zero Divisor
'0000000100,'1001011111,'0100000000,'0000000000,Regular Zero Divisor
'0100000000,'1001011111,'0010000000,'0000000000,Regular Zero Divisor
'0010000000,'1001011111,'0010000000,'0000000000,Nilpotent
'0000001000,'1001011111,'0010000000,'0000000000,Regular Zero Divisor
'0000000100,'1001011111,'0010000000,'0000000000,Regular Zero Divisor
'0100000000,'1001011111,'0001000000,'0000000000,Regular Zero Divisor
'0010000000,'1001011111,'0001000000,'0000000000,Regular Zero Divisor
'0001000000,'1001011111,'0001000000,'0001000000,Idempotent
'0000001000,'1001011111,'0001000000,'0000000000,Regular Zero Divisor
'0000000100,'1001011111,'0001000000,'0000000000,Regular Zero Divisor
'0100000000,'1001011111,'0000100000,'0000000000,Regular Zero Divisor
'0010000000,'1001011111,'0000100000,'0000000000,Regular Zero Divisor
'0000100000,'1001011111,'0000100000,'0000100000,Idempotent
'0000001000,'1001011111,'0000100000,'0000000000,Regular Zero Divisor
'0000000100,'1001011111,'0000100000,'0000000000,Regular Zero Divisor
'1000000000,'1001011111,'0000010000,'0000000000,Regular Zero Divisor
'0000010000,'1001011111,'0000010000,'0000000000,Nilpotent
'1000000000,'1001011111,'0000001000,'0000000000,Regular Zero Divisor
'0000010000,'1001011111,'0000001000,'0000000000,Regular Zero Divisor
'0000001000,'1001011111,'0000001000,'0000001000,Idempotent
'1000000000,'1001011111,'0000000100,'0000000000,Regular Zero Divisor
'0000010000,'1001011111,'0000000100,'0000000000,Regular Zero Divisor
'0000000100,'1001011111,'0000000100,'0000000100,Idempotent
'1000000000,'1001011111,'0000000010,'0000000000,Regular Zero Divisor
'0000010000,'1001011111,'0000000010,'0000000000,Regular Zero Divisor
'0000000010,'1001011111,'0000000010,'0000000010,Idempotent
'1000000000,'1001011111,'0000000001,'0000000000,Regular Zero Divisor
'0000010000,'1001011111,'0000000001,'0000000000,Regular Zero Divisor
'0000000001,'1001011111,'0000000001,'0000000001,Idempotent
'1000000000,'0101011111,'1000000000,'0000000000,Nilpotent
'0100000000,'0101011111,'1000000000,'0000000000,Regular Zero Divisor
'0010000000,'0101011111,'1000000000,'0000000000,Regular Zero Divisor
'0000010000,'0101011111,'1000000000,'0000000000,Regular Zero Divisor
'0000001000,'0101011111,'1000000000,'0000000000,Regular Zero Divisor
'0000000100,'0101011111,'1000000000,'0000000000,Regular Zero Divisor
'1000000000,'0101011111,'0100000000,'0000000000,Regular Zero Divisor
'0100000000,'0101011111,'0100000000,'0000000000,Nilpotent
'0010000000,'0101011111,'0100000000,'0000000000,Regular Zero Divisor
'0000010000,'0101011111,'0100000000,'0000000000,Regular Zero Divisor
'0000001000,'0101011111,'0100000000,'0000000000,Regular Zero Divisor
'0000000100,'0101011111,'0100000000,'0000000000,Regular Zero Divisor
'1000000000,'0101011111,'0010000000,'0000000000,Regular Zero Divisor
'0100000000,'0101011111,'0010000000,'0000000000,Regular Zero Divisor
'0010000000,'0101011111,'0010000000,'0000000000,Nilpotent
'0000010000,'0101011111,'0010000000,'0000000000,Regular Zero Divisor
'0000001000,'0101011111,'0010000000,'0000000000,Regular Zero Divisor
'0000000100,'0101011111,'0010000000,'0000000000,Regular Zero Divisor
'1000000000,'0101011111,'0001000000,'0000000000,Regular Zero Divisor
'0100000000,'0101011111,'0001000000,'0000000000,Regular Zero Divisor
'0010000000,'0101011111,'0001000000,'0000000000,Regular Zero Divisor
'0001000000,'0101011111,'0001000000,'0001000000,Idempotent
'0000010000,'0101011111,'0001000000,'0000000000,Regular Zero Divisor
'0000001000,'0101011111,'0001000000,'0000000000,Regular Zero Divisor
'0000000100,'0101011111,'0001000000,'0000000000,Regular Zero Divisor
'1000000000,'0101011111,'0000100000,'0000000000,Regular Zero Divisor
'0100000000,'0101011111,'0000100000,'0000000000,Regular Zero Divisor
'0010000000,'0101011111,'0000100000,'0000000000,Regular Zero Divisor
'0000100000,'0101011111,'0000100000,'0000100000,Idempotent
'0000010000,'0101011111,'0000100000,'0000000000,Regular Zero Divisor
'0000001000,'0101011111,'0000100000,'0000000000,Regular Zero Divisor
'0000000100,'0101011111,'0000100000,'0000000000,Regular Zero Divisor
'0000010000,'0101011111,'0000010000,'0000010000,Idempotent
'0000001000,'0101011111,'0000001000,'0000001000,Idempotent
'0000000100,'0101011111,'0000000100,'0000000100,Idempotent
'0000000010,'0101011111,'0000000010,'0000000010,Idempotent
'0000000001,'0101011111,'0000000001,'0000000001,Idempotent
'1000000000,'1101011111,'1000000000,'1000000000,Idempotent
'0100000000,'1101011111,'1000000000,'0000000000,Regular Zero Divisor
'0010000000,'1101011111,'1000000000,'0000000000,Regular Zero Divisor
'0000001000,'1101011111,'1000000000,'0000000000,Regular Zero Divisor
'0000000100,'1101011111,'1000000000,'0000000000,Regular Zero Divisor
'0100000000,'1101011111,'0100000000,'0000000000,Nilpotent
'0010000000,'1101011111,'0100000000,'0000000000,Regular Zero Divisor
'0000001000,'1101011111,'0100000000,'0000000000,Regular Zero Divisor
'0000000100,'1101011111,'0100000000,'0000000000,Regular Zero Divisor
'0100000000,'1101011111,'0010000000,'0000000000,Regular Zero Divisor
'0010000000,'1101011111,'0010000000,'0000000000,Nilpotent
'0000001000,'1101011111,'0010000000,'0000000000,Regular Zero Divisor
'0000000100,'1101011111,'0010000000,'0000000000,Regular Zero Divisor
'0100000000,'1101011111,'0001000000,'0000000000,Regular Zero Divisor
'0010000000,'1101011111,'0001000000,'0000000000,Regular Zero Divisor
'0001000000,'1101011111,'0001000000,'0001000000,Idempotent
'0000001000,'1101011111,'0001000000,'0000000000,Regular Zero Divisor
'0000000100,'1101011111,'0001000000,'0000000000,Regular Zero Divisor
'0100000000,'1101011111,'0000100000,'0000000000,Regular Zero Divisor
'0010000000,'1101011111,'0000100000,'0000000000,Regular Zero Divisor
'0000100000,'1101011111,'0000100000,'0000100000,Idempotent
'0000001000,'1101011111,'0000100000,'0000000000,Regular Zero Divisor
'0000000100,'1101011111,'0000100000,'0000000000,Regular Zero Divisor
'0000010000,'1101011111,'0000010000,'0000010000,Idempotent
'0000001000,'1101011111,'0000001000,'0000001000,Idempotent
'0000000100,'1101011111,'0000000100,'0000000100,Idempotent
'0000000010,'1101011111,'0000000010,'0000000010,Idempotent
'0000000001,'1101011111,'0000000001,'0000000001,Idempotent
'1000000000,'1011011111,'1000000000,'1000000000,Idempotent
'0010000000,'1011011111,'1000000000,'0000000000,Regular Zero Divisor
'0000000100,'1011011111,'1000000000,'0000000000,Regular Zero Divisor
'0100000000,'1011011111,'0100000000,'0100000000,Idempotent
'0010000000,'1011011111,'0100000000,'0000000000,Regular Zero Divisor
'0000000100,'1011011111,'0100000000,'0000000000,Regular Zero Divisor
'0010000000,'1011011111,'0010000000,'0000000000,Nilpotent
'0000000100,'1011011111,'0010000000,'0000000000,Regular Zero Divisor
'0010000000,'1011011111,'0001000000,'0000000000,Regular Zero Divisor
'0001000000,'1011011111,'0001000000,'0001000000,Idempotent
'0000000100,'1011011111,'0001000000,'0000000000,Regular Zero Divisor
'0010000000,'1011011111,'0000100000,'0000000000,Regular Zero Divisor
'0000100000,'1011011111,'0000100000,'0000100000,Idempotent
'0000000100,'1011011111,'0000100000,'0000000000,Regular Zero Divisor
'1000000000,'1011011111,'0000010000,'0000000000,Regular Zero Divisor
'0000010000,'1011011111,'0000010000,'0000000000,Nilpotent
'1000000000,'1011011111,'0000001000,'0000000000,Regular Zero Divisor
'0000010000,'1011011111,'0000001000,'0000000000,Regular Zero Divisor
'0000001000,'1011011111,'0000001000,'0000001000,Idempotent
'1000000000,'1011011111,'0000000100,'0000000000,Regular Zero Divisor
'0000010000,'1011011111,'0000000100,'0000000000,Regular Zero Divisor
'0000000100,'1011011111,'0000000100,'0000000100,Idempotent
'1000000000,'1011011111,'0000000010,'0000000000,Regular Zero Divisor
'0000010000,'1011011111,'0000000010,'0000000000,Regular Zero Divisor
'0000000010,'1011011111,'0000000010,'0000000010,Idempotent
'1000000000,'1011011111,'0000000001,'0000000000,Regular Zero Divisor
'0000010000,'1011011111,'0000000001,'0000000000,Regular Zero Divisor
'0000000001,'1011011111,'0000000001,'0000000001,Idempotent
'1000000000,'0111011111,'1000000000,'0000000000,Nilpotent
'0010000000,'0111011111,'1000000000,'0000000000,Regular Zero Divisor
'0000010000,'0111011111,'1000000000,'0000000000,Regular Zero Divisor
'0000000100,'0111011111,'1000000000,'0000000000,Regular Zero Divisor
'1000000000,'0111011111,'0100000000,'0000000000,Regular Zero Divisor
'0100000000,'0111011111,'0100000000,'0100000000,Idempotent
'0010000000,'0111011111,'0100000000,'0000000000,Regular Zero Divisor
'0000010000,'0111011111,'0100000000,'0000000000,Regular Zero Divisor
'0000000100,'0111011111,'0100000000,'0000000000,Regular Zero Divisor
'1000000000,'0111011111,'0010000000,'0000000000,Regular Zero Divisor
'0010000000,'0111011111,'0010000000,'0000000000,Nilpotent
'0000010000,'0111011111,'0010000000,'0000000000,Regular Zero Divisor
'0000000100,'0111011111,'0010000000,'0000000000,Regular Zero Divisor
'1000000000,'0111011111,'0001000000,'0000000000,Regular Zero Divisor
'0010000000,'0111011111,'0001000000,'0000000000,Regular Zero Divisor
'0001000000,'0111011111,'0001000000,'0001000000,Idempotent
'0000010000,'0111011111,'0001000000,'0000000000,Regular Zero Divisor
'0000000100,'0111011111,'0001000000,'0000000000,Regular Zero Divisor
'1000000000,'0111011111,'0000100000,'0000000000,Regular Zero Divisor
'0010000000,'0111011111,'0000100000,'0000000000,Regular Zero Divisor
'0000100000,'0111011111,'0000100000,'0000100000,Idempotent
'0000010000,'0111011111,'0000100000,'0000000000,Regular Zero Divisor
'0000000100,'0111011111,'0000100000,'0000000000,Regular Zero Divisor
'0000010000,'0111011111,'0000010000,'0000010000,Idempotent
'0000001000,'0111011111,'0000001000,'0000001000,Idempotent
'0000000100,'0111011111,'0000000100,'0000000100,Idempotent
'0000000010,'0111011111,'0000000010,'0000000010,Idempotent
'0000000001,'0111011111,'0000000001,'0000000001,Idempotent
'1000000000,'1111011111,'1000000000,'1000000000,Idempotent
'0010000000,'1111011111,'1000000000,'0000000000,Regular Zero Divisor
'0000000100,'1111011111,'1000000000,'0000000000,Regular Zero Divisor
'0100000000,'1111011111,'0100000000,'0100000000,Idempotent
'0010000000,'1111011111,'0100000000,'0000000000,Regular Zero Divisor
'0000000100,'1111011111,'0100000000,'0000000000,Regular Zero Divisor
'0010000000,'1111011111,'0010000000,'0000000000,Nilpotent
'0000000100,'1111011111,'0010000000,'0000000000,Regular Zero Divisor
'0010000000,'1111011111,'0001000000,'0000000000,Regular Zero Divisor
'0001000000,'1111011111,'0001000000,'0001000000,Idempotent
'0000000100,'1111011111,'0001000000,'0000000000,Regular Zero Divisor
'0010000000,'1111011111,'0000100000,'0000000000,Regular Zero Divisor
'0000100000,'1111011111,'0000100000,'0000100000,Idempotent
'0000000100,'1111011111,'0000100000,'0000000000,Regular Zero Divisor
'0000010000,'1111011111,'0000010000,'0000010000,Idempotent
'0000001000,'1111011111,'0000001000,'0000001000,Idempotent
'0000000100,'1111011111,'0000000100,'0000000100,Idempotent
'0000000010,'1111011111,'0000000010,'0000000010,Idempotent
'0000000001,'1111011111,'0000000001,'0000000001,Idempotent
'1000000000,'1010111111,'1000000000,'1000000000,Idempotent
'0100000000,'1010111111,'0100000000,'0100000000,Idempotent
'0010000000,'1010111111,'0010000000,'0010000000,Idempotent
'0001000000,'1010111111,'0001000000,'0001000000,Idempotent
'0000100000,'1010111111,'0000100000,'0000100000,Idempotent
'1000000000,'1010111111,'0000010000,'0000000000,Regular Zero Divisor
'0100000000,'1010111111,'0000010000,'0000000000,Regular Zero Divisor
'0000010000,'1010111111,'0000010000,'0000000000,Nilpotent
'0000001000,'1010111111,'0000010000,'0000000000,Regular Zero Divisor
'1000000000,'1010111111,'0000001000,'0000000000,Regular Zero Divisor
'0100000000,'1010111111,'0000001000,'0000000000,Regular Zero Divisor
'0000010000,'1010111111,'0000001000,'0000000000,Regular Zero Divisor
'0000001000,'1010111111,'0000001000,'0000000000,Nilpotent
'1000000000,'1010111111,'0000000100,'0000000000,Regular Zero Divisor
'0100000000,'1010111111,'0000000100,'0000000000,Regular Zero Divisor
'0000010000,'1010111111,'0000000100,'0000000000,Regular Zero Divisor
'0000001000,'1010111111,'0000000100,'0000000000,Regular Zero Divisor
'0000000100,'1010111111,'0000000100,'0000000100,Idempotent
'1000000000,'1010111111,'0000000010,'0000000000,Regular Zero Divisor
'0100000000,'1010111111,'0000000010,'0000000000,Regular Zero Divisor
'0000010000,'1010111111,'0000000010,'0000000000,Regular Zero Divisor
'0000001000,'1010111111,'0000000010,'0000000000,Regular Zero Divisor
'0000000010,'1010111111,'0000000010,'0000000010,Idempotent
'1000000000,'1010111111,'0000000001,'0000000000,Regular Zero Divisor
'0100000000,'1010111111,'0000000001,'0000000000,Regular Zero Divisor
'0000010000,'1010111111,'0000000001,'0000000000,Regular Zero Divisor
'0000001000,'1010111111,'0000000001,'0000000000,Regular Zero Divisor
'0000000001,'1010111111,'0000000001,'0000000001,Idempotent
'1000000000,'0110111111,'1000000000,'0000000000,Nilpotent
'0000010000,'0110111111,'1000000000,'0000000000,Regular Zero Divisor
'1000000000,'0110111111,'0100000000,'0000000000,Regular Zero Divisor
'0100000000,'0110111111,'0100000000,'0100000000,Idempotent
'0000010000,'0110111111,'0100000000,'0000000000,Regular Zero Divisor
'1000000000,'0110111111,'0010000000,'0000000000,Regular Zero Divisor
'0010000000,'0110111111,'0010000000,'0010000000,Idempotent
'0000010000,'0110111111,'0010000000,'0000000000,Regular Zero Divisor
'1000000000,'0110111111,'0001000000,'0000000000,Regular Zero Divisor
'0001000000,'0110111111,'0001000000,'0001000000,Idempotent
'0000010000,'0110111111,'0001000000,'0000000000,Regular Zero Divisor
'1000000000,'0110111111,'0000100000,'0000000000,Regular Zero Divisor
'0000100000,'0110111111,'0000100000,'0000100000,Idempotent
'0000010000,'0110111111,'0000100000,'0000000000,Regular Zero Divisor
'0100000000,'0110111111,'0000010000,'0000000000,Regular Zero Divisor
'0000010000,'0110111111,'0000010000,'0000010000,Idempotent
'0000001000,'0110111111,'0000010000,'0000000000,Regular Zero Divisor
'0100000000,'0110111111,'0000001000,'0000000000,Regular Zero Divisor
'0000001000,'0110111111,'0000001000,'0000000000,Nilpotent
'0100000000,'0110111111,'0000000100,'0000000000,Regular Zero Divisor
'0000001000,'0110111111,'0000000100,'0000000000,Regular Zero Divisor
'0000000100,'0110111111,'0000000100,'0000000100,Idempotent
'0100000000,'0110111111,'0000000010,'0000000000,Regular Zero Divisor
'0000001000,'0110111111,'0000000010,'0000000000,Regular Zero Divisor
'0000000010,'0110111111,'0000000010,'0000000010,Idempotent
'0100000000,'0110111111,'0000000001,'0000000000,Regular Zero Divisor
'0000001000,'0110111111,'0000000001,'0000000000,Regular Zero Divisor
'0000000001,'0110111111,'0000000001,'0000000001,Idempotent
'1000000000,'1110111111,'1000000000,'1000000000,Idempotent
'0100000000,'1110111111,'0100000000,'0100000000,Idempotent
'0010000000,'1110111111,'0010000000,'0010000000,Idempotent
'0001000000,'1110111111,'0001000000,'0001000000,Idempotent
'0000100000,'1110111111,'0000100000,'0000100000,Idempotent
'0100000000,'1110111111,'0000010000,'0000000000,Regular Zero Divisor
'0000010000,'1110111111,'0000010000,'0000010000,Idempotent
'0000001000,'1110111111,'0000010000,'0000000000,Regular Zero Divisor
'0100000000,'1110111111,'0000001000,'0000000000,Regular Zero Divisor
'0000001000,'1110111111,'0000001000,'0000000000,Nilpotent
'0100000000,'1110111111,'0000000100,'0000000000,Regular Zero Divisor
'0000001000,'1110111111,'0000000100,'0000000000,Regular Zero Divisor
'0000000100,'1110111111,'0000000100,'0000000100,Idempotent
'0100000000,'1110111111,'0000000010,'0000000000,Regular Zero Divisor
'0000001000,'1110111111,'0000000010,'0000000000,Regular Zero Divisor
'0000000010,'1110111111,'0000000010,'0000000010,Idempotent
'0100000000,'1110111111,'0000000001,'0000000000,Regular Zero Divisor
'0000001000,'1110111111,'0000000001,'0000000000,Regular Zero Divisor
'0000000001,'1110111111,'0000000001,'0000000001,Idempotent
'1000000000,'1001111111,'1000000000,'1000000000,Idempotent
'0100000000,'1001111111,'1000000000,'0000000000,Regular Zero Divisor
'0000001000,'1001111111,'1000000000,'0000000000,Regular Zero Divisor
'0100000000,'1001111111,'0100000000,'0000000000,Nilpotent
'0000001000,'1001111111,'0100000000,'0000000000,Regular Zero Divisor
'0100000000,'1001111111,'0010000000,'0000000000,Regular Zero Divisor
'0010000000,'1001111111,'0010000000,'0010000000,Idempotent
'0000001000,'1001111111,'0010000000,'0000000000,Regular Zero Divisor
'0100000000,'1001111111,'0001000000,'0000000000,Regular Zero Divisor
'0001000000,'1001111111,'0001000000,'0001000000,Idempotent
'0000001000,'1001111111,'0001000000,'0000000000,Regular Zero Divisor
'0100000000,'1001111111,'0000100000,'0000000000,Regular Zero Divisor
'0000100000,'1001111111,'0000100000,'0000100000,Idempotent
'0000001000,'1001111111,'0000100000,'0000000000,Regular Zero Divisor
'1000000000,'1001111111,'0000010000,'0000000000,Regular Zero Divisor
'0000010000,'1001111111,'0000010000,'0000000000,Nilpotent
'1000000000,'1001111111,'0000001000,'0000000000,Regular Zero Divisor
'0000010000,'1001111111,'0000001000,'0000000000,Regular Zero Divisor
'0000001000,'1001111111,'0000001000,'0000001000,Idempotent
'1000000000,'1001111111,'0000000100,'0000000000,Regular Zero Divisor
'0000010000,'1001111111,'0000000100,'0000000000,Regular Zero Divisor
'0000000100,'1001111111,'0000000100,'0000000100,Idempotent
'1000000000,'1001111111,'0000000010,'0000000000,Regular Zero Divisor
'0000010000,'1001111111,'0000000010,'0000000000,Regular Zero Divisor
'0000000010,'1001111111,'0000000010,'0000000010,Idempotent
'1000000000,'1001111111,'0000000001,'0000000000,Regular Zero Divisor
'0000010000,'1001111111,'0000000001,'0000000000,Regular Zero Divisor
'0000000001,'1001111111,'0000000001,'0000000001,Idempotent
'1000000000,'0101111111,'1000000000,'0000000000,Nilpotent
'0100000000,'0101111111,'1000000000,'0000000000,Regular Zero Divisor
'0000010000,'0101111111,'1000000000,'0000000000,Regular Zero Divisor
'0000001000,'0101111111,'1000000000,'0000000000,Regular Zero Divisor
'1000000000,'0101111111,'0100000000,'0000000000,Regular Zero Divisor
'0100000000,'0101111111,'0100000000,'0000000000,Nilpotent
'0000010000,'0101111111,'0100000000,'0000000000,Regular Zero Divisor
'0000001000,'0101111111,'0100000000,'0000000000,Regular Zero Divisor
'1000000000,'0101111111,'0010000000,'0000000000,Regular Zero Divisor
'0100000000,'0101111111,'0010000000,'0000000000,Regular Zero Divisor
'0010000000,'0101111111,'0010000000,'0010000000,Idempotent
'0000010000,'0101111111,'0010000000,'0000000000,Regular Zero Divisor
'0000001000,'0101111111,'0010000000,'0000000000,Regular Zero Divisor
'1000000000,'0101111111,'0001000000,'0000000000,Regular Zero Divisor
'0100000000,'0101111111,'0001000000,'0000000000,Regular Zero Divisor
'0001000000,'0101111111,'0001000000,'0001000000,Idempotent
'0000010000,'0101111111,'0001000000,'0000000000,Regular Zero Divisor
'0000001000,'0101111111,'0001000000,'0000000000,Regular Zero Divisor
'1000000000,'0101111111,'0000100000,'0000000000,Regular Zero Divisor
'0100000000,'0101111111,'0000100000,'0000000000,Regular Zero Divisor
'0000100000,'0101111111,'0000100000,'0000100000,Idempotent
'0000010000,'0101111111,'0000100000,'0000000000,Regular Zero Divisor
'0000001000,'0101111111,'0000100000,'0000000000,Regular Zero Divisor
'0000010000,'0101111111,'0000010000,'0000010000,Idempotent
'0000001000,'0101111111,'0000001000,'0000001000,Idempotent
'0000000100,'0101111111,'0000000100,'0000000100,Idempotent
'0000000010,'0101111111,'0000000010,'0000000010,Idempotent
'0000000001,'0101111111,'0000000001,'0000000001,Idempotent
'1000000000,'1101111111,'1000000000,'1000000000,Idempotent
'0100000000,'1101111111,'1000000000,'0000000000,Regular Zero Divisor
'0000001000,'1101111111,'1000000000,'0000000000,Regular Zero Divisor
'0100000000,'1101111111,'0100000000,'0000000000,Nilpotent
'0000001000,'1101111111,'0100000000,'0000000000,Regular Zero Divisor
'0100000000,'1101111111,'0010000000,'0000000000,Regular Zero Divisor
'0010000000,'1101111111,'0010000000,'0010000000,Idempotent
'0000001000,'1101111111,'0010000000,'0000000000,Regular Zero Divisor
'0100000000,'1101111111,'0001000000,'0000000000,Regular Zero Divisor
'0001000000,'1101111111,'0001000000,'0001000000,Idempotent
'0000001000,'1101111111,'0001000000,'0000000000,Regular Zero Divisor
'0100000000,'1101111111,'0000100000,'0000000000,Regular Zero Divisor
'0000100000,'1101111111,'0000100000,'0000100000,Idempotent
'0000001000,'1101111111,'0000100000,'0000000000,Regular Zero Divisor
'0000010000,'1101111111,'0000010000,'0000010000,Idempotent
'0000001000,'1101111111,'0000001000,'0000001000,Idempotent
'0000000100,'1101111111,'0000000100,'0000000100,Idempotent
'0000000010,'1101111111,'0000000010,'0000000010,Idempotent
'0000000001,'1101111111,'0000000001,'0000000001,Idempotent
'1000000000,'1011111111,'1000000000,'1000000000,Idempotent
'0100000000,'1011111111,'0100000000,'0100000000,Idempotent
'0010000000,'1011111111,'0010000000,'0010000000,Idempotent
'0001000000,'1011111111,'0001000000,'0001000000,Idempotent
'0000100000,'1011111111,'0000100000,'0000100000,Idempotent
'1000000000,'1011111111,'0000010000,'0000000000,Regular Zero Divisor
'0000010000,'1011111111,'0000010000,'0000000000,Nilpotent
'1000000000,'1011111111,'0000001000,'0000000000,Regular Zero Divisor
'0000010000,'1011111111,'0000001000,'0000000000,Regular Zero Divisor
'0000001000,'1011111111,'0000001000,'0000001000,Idempotent
'1000000000,'1011111111,'0000000100,'0000000000,Regular Zero Divisor
'0000010000,'1011111111,'0000000100,'0000000000,Regular Zero Divisor
'0000000100,'1011111111,'0000000100,'0000000100,Idempotent
'1000000000,'1011111111,'0000000010,'0000000000,Regular Zero Divisor
'0000010000,'1011111111,'0000000010,'0000000000,Regular Zero Divisor
'0000000010,'1011111111,'0000000010,'0000000010,Idempotent
'1000000000,'1011111111,'0000000001,'0000000000,Regular Zero Divisor
'0000010000,'1011111111,'0000000001,'0000000000,Regular Zero Divisor
'0000000001,'1011111111,'0000000001,'0000000001,Idempotent
'1000000000,'0111111111,'1000000000,'0000000000,Nilpotent
'0000010000,'0111111111,'1000000000,'0000000000,Regular Zero Divisor
'1000000000,'0111111111,'0100000000,'0000000000,Regular Zero Divisor
'0100000000,'0111111111,'0100000000,'0100000000,Idempotent
'0000010000,'0111111111,'0100000000,'0000000000,Regular Zero Divisor
'1000000000,'0111111111,'0010000000,'0000000000,Regular Zero Divisor
'0010000000,'0111111111,'0010000000,'0010000000,Idempotent
'0000010000,'0111111111,'0010000000,'0000000000,Regular Zero Divisor
'1000000000,'0111111111,'0001000000,'0000000000,Regular Zero Divisor
'0001000000,'0111111111,'0001000000,'0001000000,Idempotent
'0000010000,'0111111111,'0001000000,'0000000000,Regular Zero Divisor
'1000000000,'0111111111,'0000100000,'0000000000,Regular Zero Divisor
'0000100000,'0111111111,'0000100000,'0000100000,Idempotent
'0000010000,'0111111111,'0000100000,'0000000000,Regular Zero Divisor
'0000010000,'0111111111,'0000010000,'0000010000,Idempotent
'0000001000,'0111111111,'0000001000,'0000001000,Idempotent
'0000000100,'0111111111,'0000000100,'0000000100,Idempotent
'0000000010,'0111111111,'0000000010,'0000000010,Idempotent
'0000000001,'0111111111,'0000000001,'0000000001,Idempotent
'1000000000,'1111111111,'1000000000,'1000000000,Idempotent
'0100000000,'1111111111,'0100000000,'0100000000,Idempotent
'0010000000,'1111111111,'0010000000,'0010000000,Idempotent
'0001000000,'1111111111,'0001000000,'0001000000,Idempotent
'0000100000,'1111111111,'0000100000,'0000100000,Idempotent
'0000010000,'1111111111,'0000010000,'0000010000,Idempotent
'0000001000,'1111111111,'0000001000,'0000001000,Idempotent
'0000000100,'1111111111,'0000000100,'0000000100,Idempotent
'0000000010,'1111111111,'0000000010,'0000000010,Idempotent
'0000000001,'1111111111,'0000000001,'0000000001,Idempotent
